/*
 Navicat Premium Data Transfer

 Source Server         : 本地mysql
 Source Server Type    : MySQL
 Source Server Version : 80033
 Source Host           : localhost:3306
 Source Schema         : ruoyi_vue_blog

 Target Server Type    : MySQL
 Target Server Version : 80033
 File Encoding         : 65001

 Date: 13/10/2023 16:19:41
*/

SET NAMES utf8mb4;
SET FOREIGN_KEY_CHECKS = 0;

-- ----------------------------
-- Table structure for cms_blog
-- ----------------------------
DROP TABLE IF EXISTS `cms_blog`;
CREATE TABLE `cms_blog`  (
  `id` bigint(0) NOT NULL AUTO_INCREMENT COMMENT 'ID',
  `create_by` varchar(64) CHARACTER SET utf8mb4 COLLATE utf8mb4_general_ci NULL DEFAULT '' COMMENT '创建者',
  `create_time` datetime(0) NULL DEFAULT NULL COMMENT '创建时间',
  `update_by` varchar(64) CHARACTER SET utf8mb4 COLLATE utf8mb4_general_ci NULL DEFAULT '' COMMENT '更新者',
  `update_time` datetime(0) NULL DEFAULT NULL COMMENT '更新时间',
  `title` varchar(50) CHARACTER SET utf8mb4 COLLATE utf8mb4_general_ci NOT NULL COMMENT '标题',
  `type` char(1) CHARACTER SET utf8mb4 COLLATE utf8mb4_general_ci NOT NULL COMMENT '类型',
  `content_type` char(1) CHARACTER SET utf8mb4 COLLATE utf8mb4_general_ci NOT NULL COMMENT '文本编辑器类型',
  `content` longblob NULL COMMENT '内容',
  `content_markdown` longblob NULL COMMENT 'Markdown格式内容',
  `Top` char(1) CHARACTER SET utf8mb4 COLLATE utf8mb4_general_ci NULL DEFAULT '0' COMMENT '置顶（0否 1是）',
  `views` int(0) NULL DEFAULT 0 COMMENT '阅读',
  `status` char(1) CHARACTER SET utf8mb4 COLLATE utf8mb4_general_ci NULL DEFAULT '0' COMMENT '状态（0暂存 1发布）',
  `blog_pic_type` char(1) CHARACTER SET utf8mb4 COLLATE utf8mb4_general_ci NULL DEFAULT '0' COMMENT '首页图片类型（0地址 1上传）',
  `blog_pic` varchar(100) CHARACTER SET utf8mb4 COLLATE utf8mb4_general_ci NULL DEFAULT '' COMMENT '首页图片（ 1上传）',
  `blog_pic_link` varchar(100) CHARACTER SET utf8mb4 COLLATE utf8mb4_general_ci NULL DEFAULT '' COMMENT '首页图片（ 0地址）',
  `blog_desc` varchar(100) CHARACTER SET utf8mb4 COLLATE utf8mb4_general_ci NULL DEFAULT '' COMMENT '简介',
  `blog_files` text CHARACTER SET utf8mb4 COLLATE utf8mb4_general_ci NULL COMMENT '附件列表',
  PRIMARY KEY (`id`) USING BTREE
) ENGINE = InnoDB AUTO_INCREMENT = 23 CHARACTER SET = utf8mb4 COLLATE = utf8mb4_general_ci COMMENT = '博客信息表' ROW_FORMAT = Dynamic;

-- ----------------------------
-- Records of cms_blog
-- ----------------------------
INSERT INTO `cms_blog` VALUES (7, 'admin', '2022-01-02 12:25:26', 'admin', '2023-10-13 14:49:10', '九寨沟旅游', '1', '1', 0x3C703E3C7370616E207374796C653D22636F6C6F723A207267622833342C2033342C203334293B223EE5AFA8E6B29FE4B8BBE4BD93E59188E2809C59E2809DE5AD97E5BDA2EFBC8CE794B1E6A091E6ADA3E6B29FE38081E697A5E58899E6B29FE5928CE58899E69FA5E6B4BCE6B29FE4B889E69DA1E6B29FE7BB84E68890EFBC8CE680BBE995BF3530E4BD99E585ACE9878CEFBC8CE699AFE58CBAE58685E69C89E78EAFE4BF9DE8A782E58589E8BDA6E7A9BFE6A2ADE8A18CE9A9B6EFBC8CE68B9BE6898BE58DB3E5819CEFBC8CE4B880E888ACE698AFE4B998E59D90E78EAFE4BF9DE8BDA6E4B880E4B8AAE4B8AAE699AFE782B9E78EA9E4B88BE69DA5E38082E5A682E69E9CE7BB86E7BB86E59381E591B3E79A84E8AF9DEFBC8CE4B880E5A4A9E79A84E697B6E997B4E698AFE4B8A5E9878DE4B88DE5A49FE79A84E38082E699AFE58CBAE68EA8E587BAE79A84E6B7A1E5ADA3E4BA8CE6ACA1E8BF9BE6B29FE698AFE4B88DE99499E79A84E98089E68BA9E380823C2F7370616E3EE683B3E58EBBE4B99DE5AFA8E6B29FEFBC8CE68EA8E88D90E4BB8EE68890E983BDE587BAE58F91EFBC8CE59B9BE697A5E6B8B8E78EA9E6B395E6AF94E8BE83E98082E59088E697B6E997B4E58585E8B6B3E781B5E6B4BBE79A84E69C8BE58F8BEFBC8CE8B4B9E794A8E5A4A7E6A682E59CA831353030E2809431373030E58583E4B98BE997B4E4BC9AE6AF94E8BE83E88892E98082EFBC8CE59CA8E4BA8EE9A490E5928CE4BD8FE5AEBFE79A84E58CBAE588ABE38082E59B9BE697A5E6B8B8E698AFE6B8B8E78EA9E4B99DE5AFA8E6B29FE69C80E4BDB3E79A84E6B8B8E78EA9E696B9E5BC8FEFBC88E7BB99E4B99DE5AFA8E6B29FE699AFE58CBAE79599E5A49FE695B4E4B8A4E5A4A9EFBC89EFBC8CE697B6E997B4E6AF94E8BE83E58585E8B6B3EFBC8CE6B8B8E78EA9E8B5B7E69DA5E4B99FE6AF94E8BE83E8BDBBE69DBEE38082E8A18CE7A88BE5A682E4B88BEFBC9A3C2F703E3C703EE7ACACE4B880E5A4A9EFBC9AE68890E983BDE28094E983BDE6B19FE5A0B0E7868AE78CABE4B990E59BADE28094E58FA0E6BAAAE6B5B7E5AD90E28094E69DBEE6BD98E58FA4E59F8EE28094E4B99DE5AFA8E6B29F3C2F703E3C703EE7ACACE4BA8CE5A4A9EFBC9AE699AFE58CBAE997A8E58FA3E28094E697A5E58899E6B29FE28094E58899E6B8A3E6B4BCE6B29FE28094E699AFE58CBAE997A8E58FA33C2F703E3C703EE7ACACE4B889E5A4A9EFBC9AE699AFE58CBAE997A8E58FA328E4BA8CE6ACA1E8BF9BE6B29FEFBC89E28094E6A091E6ADA3E6B29FE28094E699AFE58CBAE997A8E58FA33C2F703E3C703EE7ACACE59B9BE5A4A9EFBC9AE4B99DE5AFA8E6B29FE28094E5B79DE4B8BBE5AFBAE28094E9BB84E9BE99E28094E68890E983BD3C2F703E3C703EE699AFE58CBAE4BA8CE697A5E6B8B8E8B7AFE7BABF3C2F703E3C703E4431EFBC9AE6B29FE58FA3E28094E28094E9959CE6B5B7E28094E28094E8AFBAE697A5E69C97E4B8ADE5BF83E28094E28094E697A5E58899E6B29FEFBC88E7AEADE7ABB9E6B5B7E28094E28094E7AEADE7ABB9E6B5B7E78091E5B883E28094E28094E7868AE78CABE6B5B7E28094E28094E4BA94E88AB1E6B5B7E28094E28094E78F8DE78FA0E6BBA9E28094E28094E78F8DE78FA0E6BBA9E78091E5B883EFBC89E28094E28094E9959CE6B5B7E28094E28094E8AFBAE697A5E69C97E78091E5B883E28094E28094E78A80E7899BE6B5B7E28094E28094E6B29FE58FA33C2F703E3C703E4432EFBC9AE6B29FE58FA3E28094E28094E8AFBAE697A5E69C97E4B8ADE5BF83E28094E28094E995BFE6B5B7E28094E28094E4BA94E5BDA9E6B1A0E28094E28094E6A091E6ADA3E6B29FEFBC88E88081E8998EE6B5B7E28094E28094E6A091E6ADA3E6B5B7E7BEA4E28094E28094E88AA6E88B87E6B5B7E28094E28094E79B86E699AFE6BBA9EFBC89E28094E28094E6898EE5A682E5AFBAE28094E28094E6B29FE58FA33C2F703E3C7020636C6173733D22716C2D616C69676E2D63656E746572223E203C2F703E3C703EE59B9BE5B79DE4B99DE5AFA8E6B29FE699AFE782B93C2F703E3C703EE4BA94E88AB1E6B5B720EFBC9AE4BA94E88AB1E6B5B7E4BD8DE4BA8EE4B99DE5AFA8E6B29FE4B889E69DA1E6B29FE79A84E697A5E58899E6B29FE4B8ADE6AEB5EFBC8CE5AD94E99B80E6B2B3E4B88AE6B8B8EFBC8CE794B1E4BA8EE6B5B7E5BA95E79A84E99299E58D8EE6B289E7A7AFE38081E59084E7A78DE889B2E6B3BDE889B3E4B8BDE79A84E897BBE7B1BBE4BBA5E58F8AE5B2B8E8BEB9E4BA94E5BDA9E69691E69693E79A84E69E97E69CA8E58092E5BDB1EFBC8CE4BDBFE5BE97E4BA94E88AB1E6B5B7E59188E78EB0E587BAE9B985E9BB84E38081E8978FE99D92E38081E5A2A8E7BBBFE38081E5AE9DE8939DE7AD89E59084E7A78DE9A29CE889B2EFBC8CE69585E7A7B0E2809CE4BA94E88AB1E6B5B7E2809DE380823C2F703E3C703E3C7370616E207374796C653D22636F6C6F723A207267622833342C2033342C203334293B223EE9959CE6B5B7EFBC9AE9959CE6B5B7EFBC8CE59BA0E4B8BAE6B996E99DA2E4B880E5B9B3E5A682E9959CEFBC8CE69585E5BE97E585B6E5908DE38082E8BF99E9878CE698AFE4B99DE5AFA8E6B29FE79C8BE58092E5BDB1E79A84E5A5BDE59CB0E696B9E38082E6AF8FE5BD93E699A8E69BA6E5889DE99CB2E68896E69C9DE99C9EE9818DE69F93E4B98BE697B6EFBC8CE8939DE5A4A9E799BDE4BA91E38081E8BF9CE5B1B1E8BF91E6A091EFBC8CE5B0BDE7BAB3E6B5B7E5BA95E38082E697A939E782B9E5898DE5928CE6999A35E782B9E5908EE697A0E9A38EE79A84E697B6E58099EFBC8CE698AFE68B8DE69184E9959CE6B5B7E58092E5BDB1E79A84E69C80E4BDB3E697B6E997B4E380823C2F7370616E3E3C2F703E3C703E3C7370616E207374796C653D22636F6C6F723A207267622833342C2033342C203334293B223EE78F8DE78FA0E6BBA9EFBC9AE4B88AE6B8B8E78F8DE78FA0E6BBA9E78091E5B883E79A84E6BF80E6B581EFBC8CE59CA8E587B9E587B8E4B88DE5B9B3E79A84E4B9B3E9BB84E889B2E99299E58C96E6BBA9E99DA2E4B88AE6BA85E8B5B7E697A0E695B0E6B0B4E78FA0EFBC8CE998B3E58589E4B88BEFBC8CE782B9E782B9E6B0B4E78FA0E5B0B1E5838FE5B7A8E59E8BE68987E8B49DE9878CE79A84E7B292E7B292E78F8DE78FA0EFBC8CE8BF9CE79C8BE6B2B3E4B8ADE6B581E58AA8E79D80E4B880E6B2B3E6B481E799BDE79A84E78F8DE78FA0E38082E8BF99E5B0B1E698AFE78F8DE78FA0E6BBA93C2F7370616E3E3C2F703E3C703E3C7370616E207374796C653D22636F6C6F723A207267622833342C2033342C203334293B223EE4BB99E5A5B3E6B1A0EFBC9AE4BB99E5A5B3E6B1A0E4BD8DE4BA8EE4B99DE5AFA8E6B29FE7A59EE4BB99E6B1A0E699AFE58CBAE58685EFBC8CE58F88E58FABE5A4A7E6B5B7E6B1A0E38082E4BCA0E8AFB4E8BF99E9878CE69BBEE7BB8FE698AFE4BB99E5A5B3E6B290E6B5B4E79A84E59CB0E696B9EFBC8CE7A59EE4BB99E6B1A0E4B99FE59BA0E6ADA4E8808CE5BE97E5908DE38082E4BB99E5A5B3E6B1A0E889B2E6B3BDE8949AE8939DEFBC8CE4B88EE5A4A7E6B5B7E79A84E889B2E5B7AEE4B88DE5A4A7EFBC8CE8808CE4B894E99DA2E7A7AFE4B88DE5B08FE38082E8BF9CE8BF9CE69C9BE58EBBEFBC8CE78AB9E5A682E4B880E9A297E7B2BEE7BE8EE79A84E6B3A2E696AFE8939DE5AE9DE79FB3EFBC8CE59CA8E998B3E58589E79A84E785A7E5B084E4B88BE698AFE982A3E6A0B7E79A84E5AE81E99D99E5928CE7BE8EE4B8BDE380823C2F7370616E3E3C2F703E3C703E3C7370616E207374796C653D22636F6C6F723A207267622833342C2033342C203334293B223EE791B6E6B1A0EFBC9AE791B6E6B1A0E4BD8DE4BA8EE4B99DE5AFA8E6B29FE7A59EE4BB99E6B1A0E9A38EE699AFE58CBAE58685EFBC8CE69C89E8AF97E8AFB5E4B98BE4B8BAE2809CE8939DE5A4A9E799BDE4BA91E6B885E9A38EE9878CEFBC8CE5B1B1E69E97E88D89E6B5B7E7A2A7E6B0B4E997B4E2809DE38082E5AE83E982A3E5B7A7E5A4BAE5A4A9E5B7A5E79A84E5BDA2E68081EFBC8CE6B885E6BE88E9809AE9808FE79A84E6B996E6B0B4EFBC8CE78AB9E5A682E4B880E9A297E5AE9DE79FB3E995B6E5B58CE59CA8E4BA86E5A4A9E784B6E79A84E7BBBFE889B2E59CB0E6AFAFE4B88AE38082E7A59EE4BB99E6B1A0E699AFE889B2E9809AE5B8B8E698AFE4B880E6B1A0E8BF9EE4B880E78091EFBC8CE69C89E78091E5B0B1E69C89E6B1A0E38082E8808CE98791E993B6E6BBA9E4B88AE79A84E791B6E6B1A0EFBC8CE58899E698AFE794B1E695B0E4B8AAE5A4A7E5B08FE4B88DE7AD89E79A84E99299E58C96E6B1A0E69BB2E78AB6E79BB8E8BF9EE380823C2F7370616E3E3C2F703E3C703E3C7370616E207374796C653D22636F6C6F723A207267622833342C2033342C203334293B223EE2809CE4B99DE5AFA8E5BD92E69DA5E4B88DE79C8BE6B0B4E2809DEFBC8CE698AFE5AFB9E4B99DE5AFA8E6B29FE699AFE889B2E79C9FE5AE9EE79A84E8AFA0E9878AE38082E6B389E38081E78091E38081E6B2B3E38081E6BBA9313038E4B8AAE6B5B7E5AD90EFBC8CE69E84E68890E4B880E4B8AAE4B8AAE4BA94E5BDA9E69691E69693E79A84E791B6E6B1A0E78E89E79B86E38082E995BFE6B5B7E38081E58991E5B2A9E38081E8AFBAE697A5E69C97E38081E6A091E6ADA3E38081E6898EE5A682E38081E9BB91E6B5B7E585ADE5A4A7E699AFE8A782EFBC8CE7BFA0E6B5B7E38081E58FA0E78091E38081E5BDA9E69E97E38081E99BAAE5B3B0E38081E8978FE68385E38081E8939DE586B0EFBC8CE8A2ABE7A7B0E4B8BAE2809CE585ADE7BB9DE2809DE38082E7A59EE5A587E79A84E4B99DE5AFA8EFBC8CE8A2ABE4B896E4BABAE8AA89E4B8BAE2809CE7ABA5E8AF9DE4B896E7958CE2809DEFBC8CE58FB7E7A7B0E2809CE6B0B4E699AFE4B98BE78E8BE2809DE380823C2F7370616E3E3C2F703E3C7020636C6173733D22716C2D616C69676E2D63656E746572223EE683B3E88EB7E58F96E69BB4E5A49AE69785E6B8B8E694BBE795A5EFBC8CE8AFB7E782B9E587BBE4B88BE696B9E592A8E8AFA2E68C89E992AEEFBC8C3C2F703E3C7020636C6173733D22716C2D616C69676E2D63656E746572223EE4B8BAE4BDA0E5AE9AE588B6E4B893E5B19EE69785E7A88BEFBC8CE4B88DE794A8E887AAE5B7B1E5819AE694BBE795A5EFBC8C3C2F703E3C7020636C6173733D22716C2D616C69676E2D63656E746572223E3234E5B08FE697B6E5AEA2E69C8DE99A8FE697B6E8A7A3E586B3E99ABEE9A298EFBC8CE7BB99E4BDA0E4B880E4B8AAE8BDBBE69DBEE887AAE794B1E68489E5BFABE79A84E69785E8A18CE380823C2F703E3C703EE38090E698A5E697A5E79C8BE782B9E38091E6BBA1E6B29FE79A84E6A183E88AB1E79B9BE5BC80E5928CE7BBBFE6A091E68ABDE696B0E88ABDE79A84E79B8EE784B6E7949FE69CBAE380823C2F703E3C703EE698A5E5A4A9E79A84E4B99DE5AFA8E6B29FEFBC8CE586B0E99BAAE89E8DE58C96E38081E696B0E7BBBFE58F91E88ABDEFBC8CE7BAA2E79A84E38081E9BB84E79A84E38081E7B289E79A84E38081E8939DE79A84EFBC8CE7BE8EE4B8BDE79A84E88AB1E69CB5E69F93E9818DE4BA86E5B1B1E9878EEFBC8CE69C80E58F97E6B8B8E5AEA2E585B3E6B3A8E79A84E5BD93E5B19EE5A484E5A484E79B9BE5BC80E79A84E9878EE6A183E88AB1E38082E4B99DE5AFA8E6B29FE58D97E9AB98E58C97E4BD8EEFBC8CE6B29FE58FA3E79A84E6B5B7E68B94E4BB85323030306DEFBC8CE4B8ADE983A8E5B3B0E5B2ADE59D87E59CA8343030306DE4BBA5E4B88AEFBC8CE58D97E7BC98E8BEBE343530306DE4BBA5E4B88AEFBC8CE4B8BBE6B29FE995BF3330E5A49AE585ACE9878CE38082E59BA0E6ADA4EFBC8CE698A5E5A4A9E79A84E697B6E58099EFBC8CE5B1B1E8849AE4B880E78987E698A5E88AB1E78382E6BCABEFBC8CE5B1B1E69E97E8BF98E5A484E4BA8EE6AE8BE586ACEFBC8CE995BFE6B5B7E58899E5B09AE69CAAE8A7A3E586BBE38082E6B885E6BE88E79A84E6B0B4E6B581E4BB8EE5B09AE69CAAE5AE8CE585A8E8A7A3E586BBE79A84E89684E586B0E4B88BE6B581E8BF87EFBC8CE69BB4E6B7BBE4B880E4B89DE79A84E6A2A6E5B9BBE380823C2F703E3C703EE38090E7A78BE5ADA3E79C8BE782B9E38091E5BDA9E69E97E38081E58FA0E78091E38081E8939DE5A4A9E38081E58092E5BDB13C2F703E3C703EE7A78BE5A4A9E698AFE4B99DE5AFA8E6B29FE69C80E4B8BAE781BFE78382E79A84E5ADA3E88A82EFBC8CE5B1B1E69E97E69995E69F93E68890E889B2EFBC8CE8BF99E9878CE99B86E59088E4BA86E7A78BE5A4A9E68980E69C89E79A84E889B2E5BDA9EFBC8CE5B1B1E5BDB1E58092E698A0E59CA8E6988EE4B8BDE79A84E6B996E6B0B4E4B98BE4B8ADEFBC8CE8AEA9E4BDA0E58886E4B88DE6B885E593AAE4B8AAE698AFE5B1B1E593AAE4B8AAE698AFE6B996E38082E4BABAE997B4E4BB99E5A283E4B88DE8BF87E5A682E6ADA4E5958AEFBC81E7A78BE5ADA3E79A84E4B99DE5AFA8E6B29FEFBC8CE698AFE585ACE8AEA4E79A84E6B8B8E78EA9E69C80E4BDB3E5ADA3E88A82E38082E4B99DE5AFA8E6B29FE8B49FE8B4A3E7BE8EEFBC8CE4BDA0E4BBACE5B0B1E8B49FE8B4A3E5B0BDE68385E68B8DE785A7E587B9E980A0E59E8BEFBC813C2F703E3C703EE5A48FE5ADA3E79C8BE782B9E38091E58092E5BDB1E38081E78091E5B883E38081E99D92E5B1B1E7BBBFE6B0B4E380823C2F703E3C703EE5A48FE5ADA3E79A84E4B99DE5AFA8E6B29FE6BBA1E79CBCE7BBBFE6848FEFBC8CE4BA94E5BDA9E69691E69693E79A84E6B5B7E5AD90E4B8ADE69C89E5B1B1E5B3A6E4B88EE5A4A9E7A9BAE79A84E58092E5BDB1EFBC8CE6B2A1E69C89E78388E998B3EFBC8CE6B8A9E785A6E79A84E5928CE9A38EE590B9E68B82E8808CE8BF87EFBC8CE5AE9EE59CA8E698AFE981BFE69A91E8839CE59CB0EFBC8CE4BABAE997B4E79A84E6A183E88AB1E6BA90E380823C2F703E3C703EE38090E586ACE5ADA3E79C8BE782B9E38091E586B0E78091E38081E8939DE586B0E38081E890BDE99BAAE380823C2F703E3C703EE99A8FE79D80E5AFB9E4B99DE5AFA8E6B29FE79A84E4B88DE696ADE8AEA4E8AF86EFBC8CE8B68AE69DA5E8B68AE5A49AE79A84E4BABAE4B99FE683B3E8A781E8AF86E586ACE5ADA3E79A84E4B99DE5AFA8E6B29FEFBC8CE586ACE5ADA3E79A84E4B99DE5AFA8E6B29FE698AFE69785E6B8B8E79A84E6B7A1E5ADA3EFBC8CE5AE81E99D99E58F88E58585E6BBA1E8AF97E68385E794BBE6848FE38082E5B1B1E5B3A6E993B6E8A385E7B4A0E8A3B9EFBC8CE78091E5B883E58F98E68890E4BA86E5B7A8E5A4A7E79A84E586B0E99B95E38082E999A4E4BA86E995BFE6B5B7E5928CE7868AE78CABE6B5B7E586B0E586BB3630E58E98E7B1B3E5A496EFBC8CE585B6E4BB96E79A84E6B5B7E5AD90E983BDE4B88DE4BC9AE5AE8CE585A8E7BB93E586B0E380823C2F703E3C703EE4B99DE5AFA8E6B29FE69785E6B8B8E6B3A8E6848FE4BA8BE9A1B93C2F703E3C703E312E20E88A82E58187E697A5E58FAFE883BDE581B6E98187E5A0B5E8BDA6E68385E586B5EFBC8CE5AFB9E4BA8EE8AEA2E8B4ADE4BA86E5BD93E6999AE68896E88085E6ACA1E697A5E4BB8EE68890E983BDE8BF94E7A88BE4BAA4E9809AE5B7A5E585B7E79A84E6B8B8E5AEA2E69DA5E8AFB4EFBC8CE697B6E997B4E5AE89E68E92E4BC9AE8BF87E4BA8EE7B4A7E5BCA0EFBC8CE59BA0E6ADA4E5BBBAE8AEAEE9A284E79599E58D8AE5A4A9E5B7A6E58FB3E69CBAE58AA8E697B6E997B4E380823C2F703E3C703E322E20E4B99DE5AFA8E6B29FE58FA3E6B5B7E68B94E7BAA631393030E7B1B3EFBC8CE6B29FE58685E6B5B7E68B94E69C80E9AB98E782B9E995BFE6B5B733313030E7B1B3EFBC8CE5A4A7E5A49AE695B0E6B8B8E5AEA2E4B88DE4BC9AE4BAA7E7949FE9AB98E58E9FE58F8DE5BA94EFBC8CE4BD86E698AFE5AD98E59CA8E6B8A9E5B7AEEFBC8CE6B094E58099E58F98E58C96EFBC8CE58DB3E4BDBFE698AFE5A48FE5ADA3E4B99FE697A9E6999AE58789E38081E4B8ADE58D88E783ADEFBC8CE697A5E785A7E5BCBAE78388E38082E59BA0E6ADA4E99C80E8A681E58786E5A487E5A5BDE5BEA1E5AF92E8A1A3E789A9EFBC8CE9A284E998B2E6849FE58692EFBC8CE5B9B6E58786E5A487E998B2E7B4ABE5A496E7BABFE8A385E5A487E38081E99BA8E585B7E38081E5B8B8E794A8E88DAFE789A9E7AD89E380823C2F703E3C703E342E20E794B1E4BA8EE4B998E8BDA6E697B6E997B4E8BE83E995BFEFBC8CE69C89E4B88DE98082E79787E78AB6E79A84E6B8B8E5AEA2E8AFBEE58786E5A487E5B091E8AEB8E69995E8BDA6E88DAFE380823C2F703E3C703E352E20E5A49CE997B4E8AFB7E58BBFE78BACE887AAE5A496E587BAE380823C2F703E3C703E362E20E8AFB7E5B08AE9878DE5BD93E59CB0E5B091E695B0E6B091E6978FE79A84E5AE97E69599E4BFA1E4BBB0E5928CE6B091E4BF97E9A38EE68385EFBC8CE58BBFE99A8FE4BEBFE68EA5E8BF91E38081E68C91E98097E38081E68A95E59682E789A7E6B091E9A5B2E585BBE79A84E5AEB6E7959CEFBC8CE78AACE7B1BBE380823C2F703E3C703E362EE4B99DE5AFA8E6B29FE58685E999A4E4B893E997A8E79A84E590B8E7839FE59CBAE68980EFBC8CE585B6E5AE83E68980E69C89E58CBAE59F9FE4B8A5E7A681E590B8E7839FEFBC8CE8BF9DE88085E5B086E58F97E588B0E9AB98E9A29DE7BD9AE6ACBEE380823C2F703E3C703E3C62723E3C2F703E3C703E3C62723E3C2F703E, NULL, '1', 82, '1', '1', '/profile/upload/2023/10/13/a5751a7e-b235-4ebe-8093-59d2aa2c86f7.jpg', '', '九寨沟位于阿坝州九寨沟县境内，沟中雪峰林立，林木茂密，水池浅滩五彩斑斓，晶莹的溪水穿行于森林和浅滩', '[]');
INSERT INTO `cms_blog` VALUES (10, 'admin', '2022-01-03 02:59:22', 'admin', '2023-10-13 15:18:04', '黑客帝国', '1', '1', 0x3C703E09E3808AE9BB91E5AEA2E5B89DE59BBDE3808BE698AFE58D8EE7BAB3E58584E5BC9FE5BDB1E78987E585ACE58FB831393939E5B9B4E79A84E4B880E983A8E7A791E5B9BBE58AA8E4BD9CE78987EFBC8CE5BDB1E78987E794B13C6120687265663D2268747470733A2F2F6261696B652E62616964752E636F6D2F6974656D2F2545382538452538392545382538452538392543322542372545362542322538332545352538442539332545362539362541462545352539462542412F31393434343039303F66726F6D4D6F64756C653D6C656D6D615F696E6C696E6B222072656C3D226E6F6F70656E6572206E6F726566657272657222207461726765743D225F626C616E6B22207374796C653D22636F6C6F723A207267622831392C203131302C20313934293B223EE88E89E88E89C2B7E6B283E58D93E696AFE59FBA3C2F613EE5928C3C6120687265663D2268747470733A2F2F6261696B652E62616964752E636F6D2F6974656D2F2545362538422538392545352541382539432543322542372545362542322538332545352538442539332545362539362541462545352539462542412F363335313435363F66726F6D4D6F64756C653D6C656D6D615F696E6C696E6B222072656C3D226E6F6F70656E6572206E6F726566657272657222207461726765743D225F626C616E6B22207374796C653D22636F6C6F723A207267622831392C203131302C20313934293B223EE68B89E5A89CC2B7E6B283E58D93E696AFE59FBA3C2F613EE585B1E5908CE68B85E4BBBBE5AFBCE6BC94E58F8AE7BC96E589A7EFBC8C3C6120687265663D2268747470733A2F2F6261696B652E62616964752E636F6D2F6974656D2F2545352539462542412545352538412541412543322542372545362539442538452545372542422542342545362539362541462F353938313038363F66726F6D4D6F64756C653D6C656D6D615F696E6C696E6B222072656C3D226E6F6F70656E6572206E6F726566657272657222207461726765743D225F626C616E6B22207374796C653D22636F6C6F723A207267622831392C203131302C20313934293B223EE59FBAE58AAAC2B7E69D8EE7BBB4E696AF3C2F613EE380813C6120687265663D2268747470733A2F2F6261696B652E62616964752E636F6D2F6974656D2F2545352538372541462545372539312539452543322542372545352541452538392543322542372545382538452541422545362539362541462F31343133343933333F66726F6D4D6F64756C653D6C656D6D615F696E6C696E6B222072656C3D226E6F6F70656E6572206E6F726566657272657222207461726765743D225F626C616E6B22207374796C653D22636F6C6F723A207267622831392C203131302C20313934293B223EE587AFE7919EC2B7E5AE89C2B7E88EABE696AF3C2F613EE38081E58AB3E4BCA6E696AFC2B7E88FB2E4BB80E4BCAFE681A9E7AD89E88194E8A282E587BAE6BC94E38082E794B5E5BDB1E4BA8E31393939E5B9B433E69C883331E697A5E59CA8E7BE8EE59BBDE4B88AE698A0E380823C2F703E3C703E09E5BDB1E78987E8AEB2E8BFB0E4B880E5908DE5B9B4E8BDBBE79A84E7BD91E7BB9CE9BB91E5AEA23C6120687265663D2268747470733A2F2F6261696B652E62616964752E636F6D2F6974656D2F2545352542302542432545352541352541352F31353938333838373F66726F6D4D6F64756C653D6C656D6D615F696E6C696E6B222072656C3D226E6F6F70656E6572206E6F726566657272657222207461726765743D225F626C616E6B22207374796C653D22636F6C6F723A207267622831392C203131302C20313934293B223EE5B0BCE5A5A53C2F613EE58F91E78EB0E79C8BE4BCBCE6ADA3E5B8B8E79A84E78EB0E5AE9EE4B896E7958CE5AE9EE99985E4B88AE698AFE794B1E4B880E4B8AAE5908DE4B8BAE2809CE79FA9E998B5E2809DE79A84E8AEA1E7AE97E69CBAE4BABAE5B7A5E699BAE883BDE7B3BBE7BB9FE68EA7E588B6E79A84E38082E5B0BCE5A5A5E59CA8E4B880E5908DE7A59EE7A798E5A5B3E9838EE5B494E5A6AEE89282E79A84E5BC95E5AFBCE4B88BE8A781E588B0E4BA86E9BB91E5AEA2E7BB84E7BB87E79A84E9A696E9A286E5A2A8E88FB2E696AFEFBC8CE4B889E4BABAE8B5B0E4B88AE4BA86E68A97E4BA89E79FA9E998B5E79A84E5BE81E98094E380823C7370616E207374796C653D22636F6C6F723A207267622835312C203130322C20323034293B223E266E6273703B5B315D3C2F7370616E3E3C2F703E3C703E09E59CA8E79FA9E998B5E4B8ADE7949FE6B4BBE79A84E4B880E5908DE5B9B4E8BDBBE79A84E7BD91E7BB9CE9BB91E5AEA23C6120687265663D2268747470733A2F2F6261696B652E62616964752E636F6D2F6974656D2F2545352542302542432545352541352541352F31353938333838373F66726F6D4D6F64756C653D6C656D6D615F696E6C696E6B222072656C3D226E6F6F70656E6572206E6F726566657272657222207461726765743D225F626C616E6B22207374796C653D22636F6C6F723A207267622831392C203131302C20313934293B223EE5B0BCE5A5A53C2F613EE58F91E78EB0EFBC8CE79C8BE4BCBCE6ADA3E5B8B8E79A84E78EB0E5AE9EE4B896E7958CE5AE9EE99985E4B88AE4BCBCE4B98EE8A2ABE69F90E7A78DE58A9BE9878FE68EA7E588B6E79D80EFBC8CE5B0BCE5A5A5E4BEBFE59CA8E7BD91E7BB9CE4B88AE8B083E69FA5E6ADA4E4BA8BE38082E8808CE59CA8E78EB0E5AE9EE4B8ADE7949FE6B4BBE79A84E4BABAE7B1BBE58F8DE68A97E7BB84E7BB87E79A84E888B9E995BFE5A2A8E88FB2E696AFEFBC8CE4B99FE4B880E79BB4E59CA8E79FA9E998B5E4B8ADE5AFBBE689BEE4BCA0E8AFB4E79A84E69591E4B896E4B8BBEFBC8CE5B0B1E8BF99E6A0B7E59CA8E4BABAE7B1BBE58F8DE68A97E7BB84E7BB87E68890E59198E5B494E5A6AEE89282E79A84E68C87E5BC95E4B88BEFBC8CE4B8A4E4BABAE8A781E99DA2E4BA86EFBC8CE5B0BCE5A5A5E4B99FE59CA8E5A2A8E88FB2E696AFE79A84E68C87E5BC95E4B88BEFBC8CE59B9EE588B0E4BA86E79C9FE6ADA3E79A84E78EB0E5AE9EE4B8ADEFBC8CE98083E7A6BBE4BA86E79FA9E998B5E380823C2F703E3C703E09E5B0BCE5A5A5E8BF99E6898DE4BA86E8A7A3E588B0EFBC8CE58E9FE69DA5E4BB96E4B880E79BB4E6B4BBE59CA8E8999AE68B9FE4B896E7958CE5BD93E4B8ADEFBC8CE79C9FE6ADA3E79A84E58E86E58FB2E698AFEFBC8CE59CA832305858E5B9B4EFBC8CE4BABAE7B1BBE58F91E6988EE4BA864149EFBC88E4BABAE5B7A5E699BAE883BDEFBC89EFBC8CE784B6E5908EE69CBAE599A8E4BABAE58F9BE58F98EFBC8CE4B88EE4BABAE7B1BBE78886E58F91E68898E4BA89EFBC8CE4BABAE7B1BBE88A82E88A82E8B4A5E98080EFBC8CE8BFABE4B88DE5BE97E5B7B2E79A84E68385E586B5E4B88BEFBC8CE68A8AE695B4E4B8AAE5A4A9E7A9BAE5B883E6BBA1E4BA86E4B98CE4BA91EFBC8CE4BBA5E58887E696ADE69CBAE599A8E4BABAE79A84E883BDE6BA90EFBC88E5A4AAE998B3E883BDEFBC89EFBC8CE8B081E79FA5E69CBAE599A8E4BABAE58F88E5BC80E58F91E587BAE4BA86E696B0E79A84E883BDE6BA90E28094E28094E7949FE789A9E883BDE6BA90EFBC8CE5B0B1E698AFE588A9E794A8E59FBAE59BA0E5B7A5E7A88BEFBC8CE4BABAE5B7A5E588B6E980A0E4BABAE7B1BBEFBC8CE784B6E5908EE68A8AE4BB96E4BBACE68EA5E4B88AE79FA9E998B5EFBC8CE8AEA9E4BB96E4BBACE59CA8E8999AE68B9FE4B896E7958CE4B8ADE7949FE5AD98EFBC8CE4BBA5E88EB7E5BE97E5A49AE4BD99E79A84E883BDE9878FEFBC8CE5B0BCE5A5A5E5B0B1E698AFE585B6E4B8ADE4B880E4B8AAE380823C2F703E3C703E3C62723E3C2F703E3C703EE5B0BCE5A5A5E79FA5E98193E5908EEFBC8CE4B99FE58AA0E585A5E4BA86E4BABAE7B1BBE58F8DE68A97E7BB84E7BB87EFBC8CE59CA8E5A2A8E88FB2E696AFE79A84E8AEADE7BB83E4B88BEFBC8CE6B890E6B890E68890E4B8BAE4BA86E4B880E5908DE58E89E5AEB3E79A84E2809CE9BB91E5AEA2E2809DEFBC8CE5B9B6E6B890E6B890E5B195E99CB2E587BAE4B88EE585B6E4BB96E9BB91E5AEA2E79A84E4B88DE5908CE4B98BE5A484EFBC8CE8AEA9E88EABE88FB2E696AFE4B99FE69BB4E58AA0E882AFE5AE9AE4BB96E5B0B1E698AFE69591E4B896E4B8BBEFBC8CE5B0B1E59CA8E8BF99E4B8AAE697B6E58099EFBC8CE4BABAE7B1BBE58F8DE68A97E7BB84E7BB87E587BAE78EB0E4BA86E58F9BE5BE92EFBC8CE5A2A8E88FB2E696AFE8A2ABE68D95EFBC8CE5B0BCE5A5A5E69591E587BAE4BA86E5A2A8E88FB2E696AFEFBC8CE4BD86E59CA8E98083E8B791E8BF87E7A88BE4B8ADEFBC8CE8A2ABE79FA9E998B5E79A84E2809CE69D80E6AF92E8BDAFE4BBB6E2809DE789B9E5B7A5E58FB2E5AF86E696AFE69D80E6ADBBEFBC8CE7BB93E69E9CE58F8DE8808CE8AEA9E5B0BCE5A5A5E5BE97E588B0E4BA86E696B0E79A84E58A9BE9878FEFBC8CE6ADA4E697B6E79C9FE5AE9EE4B896E7958CE4B8ADE79A84E5B494E5A6AEE89282E7B4A7E4BE9DE79D80E5B0BCE5A5A5E5928CE4BB96E5AFB9E8AF9DEFBC8CE5B9B6E6B7B1E6B7B1E59CB0E590BBE4BA86E4BB96EFBC8CE6849FE58F97E588B0E79C9FE5AE9EE4B896E7958CE79A84E6B7B1E68385E4B98BE5908EE5B0BCE5A5A5E4BBBFE4BD9BE9A1BFE6829FE4B880E888ACE59CB0E5A48DE6B4BBE4BA86E38082E5A48DE6B4BBE5908EE79A84E5B0BCE5A5A5E5AFB9E887AAE5B7B1E2809CE69591E4B896E4B8BBE2809DE79A84E8BAABE4BBBDE5B7B2E697A0E4B89DE6AFABE68080E79691EFBC8CE6988EE799BDE588B0E887AAE5B7B1E69C89E9878DE58699E79FA9E998B5E58685E7A88BE5BA8FE79A84E883BDE58A9BE38082E4BB96E9A9ACE4B88AE585A5E4BEB5E4BA86E585B6E4B8ADE4B880E4B8AAE789B9E5B7A5E7A88BE5BA8FE28094E28094E58FB2E5AF86E696AFEFBC8CE4BBA4E58FB2E5AF86E696AFE7839FE6B688E4BA91E695A3EFBC8CE6B688E5A4B1E5BE97E697A0E5BDB1E697A0E8B8AAEFBC8CE585B6E4BB96E79A84E789B9E5B7A5E7A88BE5BA8FE59093E5BE97E890BDE88D92E8808CE98083E380823C7370616E207374796C653D22636F6C6F723A207267622835312C203130322C20323034293B223E266E6273703B5B315D3C2F7370616E3E3C2F703E, NULL, '0', 0, '1', '1', '/profile/upload/2023/10/13/99ec1648-e2cd-4a32-b241-e59c4c5a27ce.png', '', '在矩阵中生活的一名年轻的网络黑客尼奥发现，看似正常的现实世界实际上似乎被某种力量控制着。', NULL);
INSERT INTO `cms_blog` VALUES (13, 'admin', '2022-01-03 21:37:57', 'admin', '2023-10-13 15:15:04', '万里长城', '1', '1', 0x3C703E3C6120687265663D2268747470733A2F2F76696261696B652E636F6D2F3232303338392F222072656C3D226E6F6F70656E6572206E6F726566657272657222207461726765743D225F626C616E6B22207374796C653D22636F6C6F723A20766172282D2D7468656D652D686F766572293B206261636B67726F756E642D636F6C6F723A20696E697469616C3B223EE995BFE59F8E3C2F613EEFBC88E7B981E4BD93E4B8ADE69687EFBC9AE4B887E9878CE995BFE59F8EEFBC9BE7AE80E4BD93E4B8ADE69687EFBC9AE4B887E9878CE995BFE59F8EEFBC9BE68BBCE99FB3EFBC9A57C3A06E6CC790204368C3A16E676368C3A96E67EFBC8CE5AD97E99DA23C6120687265663D2268747470733A2F2F76696261696B652E636F6D2F343130332F222072656C3D226E6F6F70656E6572206E6F726566657272657222207461726765743D225F626C616E6B22207374796C653D22636F6C6F723A20766172282D2D7468656D652D636F6C6F72293B206261636B67726F756E642D636F6C6F723A20696E697469616C3B223EE6848FE6809D3C2F613EE698AFE4B887E9878CE5A299EFBC89E698AFE4B880E7B3BBE58897E998B2E5BEA1E5B7A5E4BA8BEFBC8CE5BBBAE4BA8EE58FA4E4BBA3E4B8ADE59BBDE59BBDE5AEB6E5928CE4B8ADE59BBDE5B89DE59BBDE79A84E58E86E58FB2E58C97E983A8E8BEB9E7958CEFBC8CE4BBA5E68AB5E5BEA1E59084E7A78DE5A881E8838120E69DA5E887AA3C6120687265663D2268747470733A2F2F76696261696B652E636F6D2F33313731352F222072656C3D226E6F6F70656E6572206E6F726566657272657222207461726765743D225F626C616E6B22207374796C653D22636F6C6F723A20766172282D2D7468656D652D636F6C6F72293B206261636B67726F756E642D636F6C6F723A20696E697469616C3B223EE6ACA7E4BA9A3C2F613EE88D89E58E9FE79A84E6B8B8E789A7E6B091E6978FE3808220E697A9E59CA8E585ACE58583E5898D203720E4B896E7BAAAE5B0B1E5BBBAE980A0E4BA86E587A0E5BAA7E59F8EE5A299EFBC8CE5908EE69DA5E4B8ADE59BBDE79A84787878E4BD8DE79A87E5B89DE7A7A6E5A78BE79A87EFBC88E585ACE58583E5898D203232302D32303620E5B9B4EFBC89E58AA0E585A5E4BA86E983A8E58886E59F8EE5A299E3808220E7A7A6E5A299E6AE8BE5AD98E4B88DE5A49AE3808220E5908EE69DA5EFBC8CE8AEB8E5A49AE8BF9EE7BBADE79A84E69C9DE4BBA3E5BBBAE980A0E5B9B63C6120687265663D2268747470733A2F2F76696261696B652E636F6D2F3139353034392F222072656C3D226E6F6F70656E6572206E6F726566657272657222207461726765743D225F626C616E6B22207374796C653D22636F6C6F723A20766172282D2D7468656D652D636F6C6F72293B206261636B67726F756E642D636F6C6F723A20696E697469616C3B223EE7BBB4E68AA43C2F613EE4BA86E5A49AE6AEB5E8BEB9E7958CE5A299E3808220E59F8EE5A299E69C80E89197E5908DE79A84E983A8E58886E5BBBAE4BA8EE6988EE69C9DEFBC88313336382D3136343420E5B9B4EFBC89E380823C2F703E3C703EE999A4E4BA86E998B2E5BEA1E4B98BE5A496EFBC8CE995BFE59F8EE79A84E585B6E4BB963C6120687265663D2268747470733A2F2F76696261696B652E636F6D2F333333312F222072656C3D226E6F6F70656E6572206E6F726566657272657222207461726765743D225F626C616E6B22207374796C653D22636F6C6F723A20766172282D2D7468656D652D636F6C6F72293B206261636B67726F756E642D636F6C6F723A20696E697469616C3B223EE79BAEE79A843C2F613EE8BF98E58C85E68BACE8BEB9E5A283E7AEA1E588B6E38081E58581E8AEB8E5AFB9E6B2BF3C6120687265663D2268747470733A2F2F76696261696B652E636F6D2F3230363030362F222072656C3D226E6F6F70656E6572206E6F726566657272657222207461726765743D225F626C616E6B22207374796C653D22636F6C6F723A20766172282D2D7468656D652D636F6C6F72293B206261636B67726F756E642D636F6C6F723A20696E697469616C3B223EE4B89DE7BBB8E4B98BE8B7AF3C2F613EE8BF90E8BE93E79A843C6120687265663D2268747470733A2F2F76696261696B652E636F6D2F3230353135382F222072656C3D226E6F6F70656E6572206E6F726566657272657222207461726765743D225F626C616E6B22207374796C653D22636F6C6F723A20766172282D2D7468656D652D636F6C6F72293B206261636B67726F756E642D636F6C6F723A20696E697469616C3B223EE8B4A7E789A93C2F613EE5BE81E694B6E585B3E7A88EE38081E8A784E88C83E68896E9BC93E58AB13C6120687265663D2268747470733A2F2F76696261696B652E636F6D2F333331342F222072656C3D226E6F6F70656E6572206E6F726566657272657222207461726765743D225F626C616E6B22207374796C653D22636F6C6F723A20766172282D2D7468656D652D636F6C6F72293B206261636B67726F756E642D636F6C6F723A20696E697469616C3B223EE8B4B8E698933C2F613EE4BBA5E58F8AE68EA7E588B6E587BAE585A5E5A283E3808220E6ADA4E5A496EFBC8CE9809AE8BF87E5BBBAE980A0E79EADE69C9BE5A194E38081E983A8E9989FE890A5E688BFE38081E9A9BBE5869BE7AB99E38081E9809AE8BF87E7839FE68896E781ABE58F91E587BAE4BFA1E58FB7E79A843C6120687265663D2268747470733A2F2F76696261696B652E636F6D2F343035382F222072656C3D226E6F6F70656E6572206E6F726566657272657222207461726765743D225F626C616E6B22207374796C653D22636F6C6F723A20766172282D2D7468656D652D636F6C6F72293B206261636B67726F756E642D636F6C6F723A20696E697469616C3B223EE883BDE58A9B3C2F613EE4BBA5E58F8AE995BFE59F8EE79A84E8B7AFE5BE84E4B99FE4BD9CE4B8BAE4BAA4E9809AE8B5B0E5BB8AE79A84E4BA8BE5AE9EEFBC8CE5A29EE5BCBAE4BA86E995BFE59F8EE79A84E998B2E5BEA1E789B9E680A7E380823C2F703E3C696672616D6520636C6173733D22716C2D766964656F20716C2D616C69676E2D63656E74657222206672616D65626F726465723D22302220616C6C6F7766756C6C73637265656E3D227472756522207372633D2268747470733A2F2F676F6F676C656164732E672E646F75626C65636C69636B2E6E65742F7061676561642F6164733F636C69656E743D63612D7075622D3332343532303739343333373336353026616D703B6F75747075743D68746D6C26616D703B683D3026616D703B736C6F746E616D653D3330383935373737383026616D703B61646B3D3234353538373033353726616D703B6164663D3431383736303035323626616D703B70693D742E6D617E61732E3330383935373737383026616D703B773D3026616D703B6C6D743D3136393731383132353526616D703B7261666D743D313226616D703B666F726D61743D30783026616D703B75726C3D687474707325334125324625324676696261696B652E636F6D25324632323033383925324626616D703B77676C3D3126616D703B756163683D57794A586157356B6233647A496977694D5441754D433477496977696544673249697769496977694D5445334C6A41754E546B7A4F4334344F534973573130734D437875645778734C4349324E43497357317369523239765A32786C49454E6F636D39745A534973496A45784E7934774C6A55354D7A67754F446B6958537862496B35766444744250554A795957356B496977694F4334774C6A41754D434A644C4673695132687962323170645730694C4349784D5463754D4334314F544D344C6A6735496C31644C44426426616D703B64743D3136393731383132353533333726616D703B6270703D3126616D703B6264743D34373926616D703B6964743D31373826616D703B7368763D72323032333130313126616D703B6D6A73763D6D32303233313030343031303126616D703B7074743D3926616D703B73616C64723D616126616D703B616278653D3126616D703B707265765F666D74733D3832387831303026616D703B636F7272656C61746F723D39393631323038373938353126616D703B66726D3D323026616D703B70763D3126616D703B67615F7669643D313137393138363330362E3136393731383132353526616D703B67615F7369643D3136393731383132353626616D703B67615F6869643D34303936393939383826616D703B67615F66633D3126616D703B755F747A3D34383026616D703B755F6869733D3126616D703B755F683D3130343826616D703B755F773D3138363226616D703B755F61683D3130313126616D703B755F61773D3138363226616D703B755F63643D323426616D703B755F73643D312E33373526616D703B646D633D3826616D703B6164783D37363326616D703B6164793D37383726616D703B6269773D3138343626616D703B6269683D39333426616D703B7363725F783D3026616D703B7363725F793D3026616D703B6569643D343437353938373625324334343735393932372532433434373539383337253243343438303437383225324334343830353039392532433331303738323937253243333130373836363325324333313037383636352532433331303738363638253243333130373836373026616D703B6F69643D3226616D703B70767369643D3235353632343537353532383039323626616D703B746D6F643D3139373036313435303226616D703B7561733D3026616D703B6E76743D3126616D703B7265663D68747470732533412532462532467777772E62616964752E636F6D2532466C696E6B25334675726C2533443634306F54354C7867463345477178485248685677756D735563416D42626E577A75745749374176787370397A46356B356778646936746E77626D4D4C304D39253236776425334425323665716964253344663535653939393930303030346437333030303030303035363532386565343226616D703B66633D38393626616D703B627264696D3D30253243302532433025324330253243313836322532433025324331383632253243313031312532433138363225324339333426616D703B7669733D3126616D703B72737A3D25374325374365457225374326616D703B61626C3D435326616D703B66753D32353626616D703B62633D333126616D703B74643D3126616D703B6E743D3126616D703B6966693D3226616D703B7563693D61213226616D703B6673623D3126616D703B7870633D5A6754304F686B724B6C26616D703B703D68747470732533412F2F76696261696B652E636F6D26616D703B6474643D31383022206865696768743D2230222077696474683D2230223E3C2F696672616D653E3C7020636C6173733D22716C2D616C69676E2D63656E746572223E3C62723E3C2F703E3C703EE4B88DE5908CE69C9DE4BBA3E68980E7AD91E79A84E8BEB9E5A299EFBC8CE69C89E79D80E5A49AE98193E58E86E7A88BE3808220E4B89CE8B5B7E8BEBDE4B89CEFBC8CE8A5BFE887B3E7BD97E5B883E6B996EFBC8CE58C97E8B5B7E4BB8AE4B8ADE4BF84E8BEB9E5A283EFBC8CE58D97E887B3E6B4AEE6B2B3EFBC9B20E6B2BFE79D80E5A4A7E887B4E58BBEE58B92E587BAE89299E58FA4E88D89E58E9FE8BEB9E7BC98E79A84E5BCA7E7BABFEFBC9B20E680BBE995BF2032312C3139362E313820E585ACE9878CEFBC8831332C3137302E373020E88BB1E9878CEFBC89E3808220E4BB8AE5A4A9EFBC8CE995BFE59F8EE79A84E998B2E5BEA13C6120687265663D2268747470733A2F2F76696261696B652E636F6D2F343131302F222072656C3D226E6F6F70656E6572206E6F726566657272657222207461726765743D225F626C616E6B22207374796C653D22636F6C6F723A20766172282D2D7468656D652D636F6C6F72293B206261636B67726F756E642D636F6C6F723A20696E697469616C3B223EE7B3BBE7BB9F3C2F613EE8A2ABE699AEE9818DE8AEA4E4B8BAE698AFE58E86E58FB2E4B88AE69C80E4BBA4E4BABAE58DB0E8B1A1E6B7B1E588BBE79A843C6120687265663D2268747470733A2F2F76696261696B652E636F6D2F3139343534352F222072656C3D226E6F6F70656E6572206E6F726566657272657222207461726765743D225F626C616E6B22207374796C653D22636F6C6F723A20766172282D2D7468656D652D636F6C6F72293B206261636B67726F756E642D636F6C6F723A20696E697469616C3B223EE5BBBAE7AD913C2F613EE5A3AEE4B8BEE4B98BE4B880E380823C2F703E, NULL, '0', 4, '1', '1', '/profile/upload/2023/10/13/555eee4a-7030-426d-940a-4aa6c06abe51.png', '', '长城（繁体中文：万里长城；简体中文：万里长城；拼音：Wànlǐ Chángchéng，意思是万里长城', NULL);
INSERT INTO `cms_blog` VALUES (14, '若依', '2022-01-04 14:31:31', 'admin', '2023-10-13 15:04:25', '三峡大坝', '1', '1', 0x3C703E3C7370616E207374796C653D22636F6C6F723A207267622832362C2032362C203236293B223EE4B889E5B3A1E5A4A7E59D9DE4BD8DE4BA8EE5AE9CE6988CE5B882E4B889E69697E59DAAEFBC8CE8B79DE4B88BE6B8B8E8919BE6B4B2E59D9DE6B0B4E588A9E69EA2E7BABDE5B7A5E7A88B3238266E6273703BE7B1B3EFBC8CE698AFE5BD93E4BB8AE4B896E7958CE69C80E5A4A7E79A84E6B0B4E588A9E69EA2E7BABDE5B7A5E7A88BEFBC8CE4B99FE698AFE585A8E59BBDE9A696E689B93541266E6273703BE7BAA7E699AFE58CBAE4B98BE4B880E38082E59CA8E59D9BE5AD90E5B2ADE58FAFE4BBA5E79CBAE69C9BE5A4A7E59D9DEFBC8CE4BFAFE8A786E995BFE6B19FE38082E6B384E6B4AAE699AFE8A782E58CBAE58899E698AFE6B3A2E6BE9CE5A3AEE99894E38081E99BB7E99C86E4B887E992A7E38082E8808CE59CA8313835266E6273703BE7B1B3E6B0B4E4BD8DE7BABFE8A782E699AFE58CBAEFBC8CE5A4A7E59D9DE4B88AE6B8B8E79A84E9AB98E5B3A1E5B9B3E6B996E4B88EE4B88BE6B8B8E6BB94E6BB94E6B19FE6B0B4E68980E68890E9B29CE6988EE79A84E58F8DE5B7AEE38082E698AFE8A782E79C8BE4B889E5B3A1E5A4A7E59D9DE79A84E69C80E4BDB3E699AFE782B9E380823C2F7370616E3E3C2F703E3C703EE29885266E6273703BE4B889E5B3A1E4BABAE5AEB63C2F703E3C703EE4B889E5B3A1E4BABAE5AEB6E69C89E6B4AAE88D92E697B6E4BBA3E79A84E59CB0E8B4A8E4B88EE7A59EE8AF9DEFBC9BE69C89E5B7B4E4BABAE983A8E890BDE79A84E5869CE88095E4B88EE4BCA0E5A587EFBC9BE69C89E5B3A1E6B19FE5B281E69C88E79A84E69585E4BA8BE4B88EE9A38EE68385EFBC9BE698AFE997BBE5908DE4B896E7958CE2809CE59CB0E8B4A8E799BEE7A791E585A8E4B9A6E2809DE38082E5AE83E89E8DE59088E4B889E5B3A1E69687E58C96E79A84E7B2BEE9AB93EFBC8CE8AEA9E5B7B4E9A38EE6A59AE99FB5EFBC8CE5B3A1E6B19FE4BB8AE69894EFBC8CE59CA8E8BF99E9878CE983BDE4B880E8A788E697A0E4BD99E79A84E5B195E78EB0E587BAE69DA5E380823C2F703E3C703E266E6273703BE6B885E6B19FE794BBE5BB8A3C2F703E3C703EE6B885E6B19FE794BBE5BB8AEFBC8CE4B880E6ADA5E4B880E699AFEFBC8CE4B880E9878CE4B880E794BBE38082E6B885E6B19FE698AFE995BFE6B19FE59CA8E6B996E58C97E5A283E58685E79A84E7ACACE4BA8CE5A4A7E694AFE6B581EFBC8C266E6273703BE698AFE5B7B4E4BABAE79A84E58F91E7A5A5E59CB0EFBC8CE59C9FE5AEB6E584BFE5A5B3E79A84E6AF8DE4BAB2E6B2B3E38082E58D81E4B99DE4B887E5B9B4E5898DEFBC8CE58FA4E2809CE995BFE998B3E4BABAE2809DE59CA8E8BF99E9878CE5BC80E590AFE4BA86E4B8ADE59BBDE995BFE6B19FE79A84E58FA4E69687E6988EEFBC8CE4BA94E58D83E5B9B4E5898DEFBC8CE58FA4E4BBA3E5B7B4E4BABAE4BB8EE8BF99E9878CE5BC80E79686E68B93E59C9FE5BBBAE7AB8BE58FA4E4BBA3E5B7B4E59BBDEFBC8CE4B8A4E58D83E5B9B4E5898DEFBC8CE59C9FE5AEB6E6978FE59CA8E8BF99E9878CE8AF9EE7949FE38082266E6273703BE6A2A6E5B9BBE59C9FE5AEB6EFBC8CE5B7B4E59C9FE5A4A9E5A082E38082E699AFE58CBAE68980E59CA8E79A84E995BFE998B3E59C9FE5AEB6E6978FE887AAE6B2BBE58EBFE58E86E58FB2E682A0E4B985EFBC8CE69687E58C96E79280E792A8EFBC8CE8A2ABE8AA89E4B8BAE4B8ADE59BBDE6B091E997B4E889BAE69CAFE4B98BE4B9A1E380823C2F703E3C703E266E6273703BE5B188E58E9FE69585E9878C3C2F703E3C703EE5B188E58E9FE69585E9878CE699AFE58CBAE4BD8DE4BA8EE7A7ADE5BD92E58EBFE696B0E58EBFE59F8EEFBC8CE6AF97E982BBE4B889E5B3A1E5A4A7E59D9DEFBC8CE698AFE8A782E4B889E5B3A1E5A4A7E59D9DE38081E589AFE59D9DE38081E8A788E9AB98E5B3A1E5B9B3E6B996E79A84E69C80E4BDB3E58CBAE4BD8DE38082E7A7ADE5BD92E4BD8DE4BA8EE995BFE6B19FE58C97E5B2B8E79A84E58DA7E7899BE5B1B1E9BA93EFBC8CE59B9BE591A8E59F8EE5A299E78EAFE7BB95EFBC8CE5BDA2E4BCBCE4B880E4B8AAE580BEE6969CE79A84E891ABE88AA6EFBC8CE585B7E69C89E6B593E58E9AE79A84E58FA4E585B8E5BBBAE7AD91E9A38EE6A0BCEFBC8CE69C89E2809CE891ABE88AA6E59F8EE2809DE4B98BE7A7B0E38082E58F88E59BA0E59F8EE5A299E59D87E69C89E794B1E79FB3E5A4B4E58FA0E7A08CE8808CE68890EFBC8CE58F88E58FABE2809CE79FB3E5A4B4E59F8EE2809DE38082E4BBA5E5B188E58E9FE7A5A0E38081E6B19FE6B88EE5BA99E4B8BAE4BBA3E8A1A8E79A843234266E6273703BE5A484E5B3A1E6B19FE59CB0E99DA2E69687E789A9E99B86E4B8ADE690ACE8BF81E588B0E8BF99E9878CE38082E59CA8E8BF99E9878CEFBC8CE4BDA0E58FAFE4BBA5E68A8AE9AB98E5B3A1E5B9B3266E6273703BE6B996E7BE8EE699AFE5B0BDE694B6E79CBCE5BA95EFBC8CE5908CE697B6E8BF98E883BDE6849FE58F97E588B0E5B188E58E9FE69585E9878CE6B593E6B593E79A84E58E86E58FB2E69687E58C96E5928CE6B091E4BF97E69687E58C96EFBC8CE5908CE697B6E58FAFE4BBA5E79C8BE588B0E5B7B4E9A38EE6A59AE99FB5E79A84E69687E889BAE38081E6888FE69BB2E38081E8A1A8E6BC94EFBC8CE59381E5B09DE588B0E5BD93E59CB0E585B7E69C89E789B9E889B2E79A84E7BE8EE9A39FE380823C2F703E, NULL, '0', 9, '1', '1', '/profile/upload/2023/10/13/5bd70aba-6df9-4187-98fc-389dcb54ad54.png', '', '三峡大坝位于宜昌市三斗坪，距下游葛洲坝水利枢纽工程28 米，是当今世界最大的水利枢纽工程.', NULL);
INSERT INTO `cms_blog` VALUES (16, 'admin', '2022-01-05 09:44:53', 'admin', '2023-10-13 14:57:04', '哈利波特', '1', '1', 0x3C703E2009E3808AE59388E588A9C2B7E6B3A2E789B9E3808BEFBC883C656D3E486172727920506F747465723C2F656D3EEFBC89E698AFE88BB1E59BBDE4BD9CE5AEB63C6120687265663D2268747470733A2F2F6261696B652E62616964752E636F6D2F6974656D2F4A2E4B2E2545372542442539372545372539302542332F323137373930393F66726F6D4D6F64756C653D6C656D6D615F696E6C696E6B222072656C3D226E6F6F70656E6572206E6F726566657272657222207461726765743D225F626C616E6B22207374796C653D22636F6C6F723A207267622831392C203131302C20313934293B223E4A2E4B2EE7BD97E790B33C2F613EEFBC884A2E204B2E20526F776C696E67EFBC89E4BA8E31393937EFBD9E32303037E5B9B4E68980E89197E79A843C6120687265663D2268747470733A2F2F6261696B652E62616964752E636F6D2F6974656D2F2545392541442539342545352542392542422545362539362538372545352541442541362F31303936333531373F66726F6D4D6F64756C653D6C656D6D615F696E6C696E6B222072656C3D226E6F6F70656E6572206E6F726566657272657222207461726765743D225F626C616E6B22207374796C653D22636F6C6F723A207267622831392C203131302C20313934293B223EE9AD94E5B9BBE69687E5ADA63C2F613EE7B3BBE58897E5B08FE8AFB4EFBC8CE585B137E983A8E38082E585B6E4B8ADE5898DE585ADE983A8E4BBA53C6120687265663D2268747470733A2F2F6261696B652E62616964752E636F6D2F6974656D2F2545392539432538442545362541302542432545362542322538332545382538432541382545392541442539342545362542332539352545352541442541362545362541302541312F343239363031383F66726F6D4D6F64756C653D6C656D6D615F696E6C696E6B222072656C3D226E6F6F70656E6572206E6F726566657272657222207461726765743D225F626C616E6B22207374796C653D22636F6C6F723A207267622831392C203131302C20313934293B223EE99C8DE6A0BCE6B283E88CA8E9AD94E6B395E5ADA6E6A0A13C2F613EEFBC88486F677761727473205363686F6F6C206F66205769746368637261667420616E642057697A6172647279EFBC89E4B8BAE4B8BBE8A681E8889EE58FB0EFBC8CE68F8FE58699E79A84E698AFE4B8BBE4BABAE585ACE28094E28094E5B9B4E8BDBBE79A84E5B7ABE5B888E5ADA6E7949FE59388E588A9C2B7E6B3A2E789B9E59CA8E99C8DE6A0BCE6B283E88CA8E5898DE5908EE585ADE5B9B4E79A84E5ADA6E4B9A0E7949FE6B4BBE5928CE58692E999A9E69585E4BA8BEFBC9BE7ACACE4B883E69CACE68F8FE58699E79A84E698AFE59388E588A9C2B7E6B3A2E789B9E59CA8E7ACACE4BA8CE6ACA1E9AD94E6B395E7958CE5A4A7E68898E4B8ADE59CA8E5A496E5AFBBE689BE3C6120687265663D2268747470733A2F2F6261696B652E62616964752E636F6D2F6974656D2F2545392541442538322545352539392541382F31303032363637393F66726F6D4D6F64756C653D6C656D6D615F696E6C696E6B222072656C3D226E6F6F70656E6572206E6F726566657272657222207461726765743D225F626C616E6B22207374796C653D22636F6C6F723A207267622831392C203131302C20313934293B223EE9AD82E599A83C2F613EE5B9B6E6B688E781AD3C6120687265663D2268747470733A2F2F6261696B652E62616964752E636F6D2F6974656D2F2545342542432538462545352539432542302545392541442539342F313132373338313F66726F6D4D6F64756C653D6C656D6D615F696E6C696E6B222072656C3D226E6F6F70656E6572206E6F726566657272657222207461726765743D225F626C616E6B22207374796C653D22636F6C6F723A207267622831392C203131302C20313934293B223EE4BC8FE59CB0E9AD943C2F613EE79A84E69585E4BA8BE380823C2F703E3C703E09E688AAE887B332303133E5B9B435E69C88EFBC8CE2809CE59388E588A9C2B7E6B3A2E789B9E2809DE7B3BBE58897E4B89BE4B9A6E5B7B2E7BB8FE8A2ABE7BFBBE8AF91E688903733E7A78DE8AFADE8A880EFBC8CE585B1E58D96E587BAE4BA86E8B685E8BF8735E4BABFE69CACE380823C7370616E207374796C653D22636F6C6F723A207267622835312C203130322C20323034293B223E266E6273703B5B315D3C2F7370616E3E3C7370616E207374796C653D22636F6C6F723A207267622831392C203131302C20313934293B223E266E6273703B3C2F7370616E3E266E6273703BE88BB1E59BBDE78988E794B13C6120687265663D2268747470733A2F2F6261696B652E62616964752E636F6D2F6974656D2F2545352542382538332545392542322538312545352541372538362545362539362541462545342542432541462545392538372538432545352538372542412545372538392538382545372541342542452F393037323138383F66726F6D4D6F64756C653D6C656D6D615F696E6C696E6B222072656C3D226E6F6F70656E6572206E6F726566657272657222207461726765743D225F626C616E6B22207374796C653D22636F6C6F723A207267622831392C203131302C20313934293B223EE5B883E9B281E5A786E696AFE4BCAFE9878CE587BAE78988E7A4BE3C2F613EEFBC88426C6F6F6D7362757279EFBC89E587BAE78988E58F91E8A18CEFBC8CE7BE8EE59BBDE5BC95E8BF9BE5908EE5819AE8BF87E983A8E58886E4BFAEE6ADA3E794B1E7BE8EE59BBDE5ADA6E4B990E587BAE78988E7A4BEEFBC885363686F6C6173746963EFBC89E58F91E8A18CEFBC8CE7AE80E4BD93E4B8ADE69687E78988E794B1E4B8ADE59BBD3C6120687265663D2268747470733A2F2F6261696B652E62616964752E636F6D2F6974656D2F2545342542412542412545362542302539312545362539362538372545352541442541362545352538372542412545372538392538382545372541342542452F323835363130313F66726F6D4D6F64756C653D6C656D6D615F696E6C696E6B222072656C3D226E6F6F70656E6572206E6F726566657272657222207461726765743D225F626C616E6B22207374796C653D22636F6C6F723A207267622831392C203131302C20313934293B223EE4BABAE6B091E69687E5ADA6E587BAE78988E7A4BE3C2F613EE58F91E8A18CEFBC8CE7B981E4BD93E4B8ADE69687E78988E794B1E79A87E586A0E587BAE78988E7A4BEE587BAE78988E380823C7370616E207374796C653D22636F6C6F723A207267622835312C203130322C20323034293B223E266E6273703B5B325D3C2F7370616E3E3C7370616E207374796C653D22636F6C6F723A207267622831392C203131302C20313934293B223E266E6273703B3C2F7370616E3E3C2F703E3C703E09E7BE8EE59BBD3C6120687265663D2268747470733A2F2F6261696B652E62616964752E636F6D2F6974656D2F2545352538442538452545372542412542332545352538352538342545352542432539462545352541382542312545342542392539302545352538352541432545352538462542382F363339363030343F66726F6D4D6F64756C653D6C656D6D615F696E6C696E6B222072656C3D226E6F6F70656E6572206E6F726566657272657222207461726765743D225F626C616E6B22207374796C653D22636F6C6F723A207267622831392C203131302C20313934293B223EE58D8EE7BAB3E58584E5BC9FE5A8B1E4B990E585ACE58FB83C2F613EE68A8AE8BF9937E99B86E5B08FE8AFB4E694B9E68B8DE6889038E983A8E794B5E5BDB1EFBC8CE5898D36E99B86E59084E4B880E983A8EFBC8CE8808CE7ACACE4B883E99B86E58886E68890E4B88AE4B88BE4B8A4E983A8E38082E59388E588A9C2B7E6B3A2E789B9E794B5E5BDB1E7B3BBE58897E698AFE585A8E79083E58FB2E4B88AE69C80E58D96E5BAA7E79A84E794B5E5BDB1E7B3BBE58897EFBC8CE680BBE7A5A8E688BFE694B6E585A5E8BEBE3738E4BABFE7BE8EE58583E380823C7370616E207374796C653D22636F6C6F723A207267622835312C203130322C20323034293B223E266E6273703B5B325D3C2F7370616E3E3C2F703E, NULL, '0', 149, '1', '1', '/profile/upload/2023/10/13/552af646-ce12-4bfa-beda-f3ca975e6246.png', '', '描写的是主人公——年轻的巫师学生哈利·波特在霍格沃茨前后六年的学习生活和冒险故事；', NULL);
INSERT INTO `cms_blog` VALUES (17, 'admin', '2022-01-12 16:06:28', 'admin', '2022-06-23 16:16:54', '你好!!!!', '2', '1', 0x3C703EE5928CE982A3E8B7AFE4B88AE79C8BE588B0E4BDA0E7ACACE4B889E696B93C2F703E3C703EE5A4A7E5B888E582853C2F703E3C703EE5958AE6898BE58AA8E998803C2F703E3C703EE5958AE6898BE58AA8E998803C2F703E3C703EE69292E697A63C2F703E, NULL, '0', 0, '1', '0', '', '', NULL, NULL);
INSERT INTO `cms_blog` VALUES (18, 'admin', '2022-01-12 16:55:46', 'admin', '2022-02-10 17:00:10', '啊调查啊', '2', '1', 0x3C703EE5958AE5958A3C7374726F6E673EE5958AE588863C2F7374726F6E673E3C2F703E3C703E3C62723E3C2F703E3C6F6C3E3C6C693EE5A5A5E8BFAAE58F913C2F6C693E3C6C693EE5AE89E68A9A3C2F6C693E3C2F6F6C3E3C703E3C7370616E207374796C653D226261636B67726F756E642D636F6C6F723A20726762283235352C203235352C20313032293B223EE5A5A5E8BFAAE58F913C2F7370616E3E3C2F703E3C703E3C7370616E207374796C653D226261636B67726F756E642D636F6C6F723A20726762283235352C203235352C20313032293B223EEFBBBF3C2F7370616E3E3C2F703E, NULL, '0', 0, '1', '0', '', '', NULL, NULL);
INSERT INTO `cms_blog` VALUES (19, 'admin', '2022-01-12 17:40:54', 'admin', '2023-10-13 15:24:27', '黄焖鸡米饭', '1', '1', 0x3C703EE585B6E5AE9EE9BB84E78496E9B8A1E79A84E5819AE6B395E99D9EE5B8B8E79A84E7AE80E58D95EFBC8CE58FAAE8A681E68E8CE68FA1E5A5BDE68A80E5B7A7EFBC8CE887AAE5B7B1E59CA8E5AEB6E5819AE587BAE69DA5E79A84E9BB84E78496E9B8A1E6B1A4E6B181E6B593E98381EFBC8CE9858DE88F9CE4B99FE99D9EE5B8B8E79A84E585A5E591B3E58F88E5A5BDE59083E38082E4BB8AE5A4A9E5B0B1E794A8E8BF99E4B889E4B8AAE5A4A7E9B8A1E885BFEFBC8CE59CA8E5AEB6E887AAE588B6E9BB84E78496E9B8A1EFBC8CE9858DE79D80E7B1B3E9A5ADE59083E8B685E7BAA7E8BF87E798BEE38082E5B0A4E585B6E698AFE6B1A4E6B181E68B8CE7B1B3E9A5ADE99D9EE5B8B8E79A84E8BF87E798BEE380823C7374726F6E67207374796C653D22636F6C6F723A207267622835312C2035312C203531293B223EE9BB84E78496E9B8A1E5AEB6E5B8B8E5819AE6B395EFBC8CE68E8CE68FA1E5A5BDE8AF80E7AA8DEFBC8CE9B29CE9A699E58FAFE58FA3EFBC8CE68B8CE7B1B3E9A5ADE4B880E59D97E59083E7BE8EE591B3E58F88E4B88BE9A5AD3C2F7374726F6E673E3C2F703E3C703E3C7374726F6E67207374796C653D22636F6C6F723A2072676228302C20302C2030293B223EE38090E9BB84E78496E9B8A1E380913C2F7374726F6E673E3C2F703E3C703E3C7374726F6E67207374796C653D22636F6C6F723A207267622835312C2035312C203531293B223EE9A39FE69D90EFBC9AE9B8A1E885BFEFBC8CE9A699E88F87EFBC8CE59C9FE8B186EFBC8CE69699E98592EFBC8CE99D92E7BAA2E8BEA3E6A492EFBC8CE891B1EFBC8CE5A79CEFBC8CE8929CEFBC8CE5B9B2E8BEA3E6A492EFBC8CE586B0E7B396EFBC8CE9BB84E8B186E985B1EFBC8CE7949CE99DA2E985B13C2F7374726F6E673E3C2F703E3C703E3C7374726F6E67207374796C653D22636F6C6F723A2072676228302C20302C2030293B223EE38090E585B7E4BD93E588B6E4BD9CE6ADA5E9AAA4E38091EFBC9A3C2F7374726F6E673E3C2F703E3C703EE7ACACE4B880EFBC9AE9A696E58588E5B086E9B8A1E885BFE6B885E6B497E5B9B2E58780EFBC8CE784B6E5908EE58981E68890E59D97EFBC8CE694BEE585A5E79B86E4B8ADEFBC8CE6B885E6B497E5B9B2E58780EFBC8CE5A49AE6B885E6B497E587A0E9818DEFBC8CE784B6E5908EE5B086E9B8A1E59D97E694BEE59CA8E6B885E6B0B4E4B8ADE6B5B8E6B3A13135E58886E9929FE5B7A6E58FB3EFBC8CE784B6E5908EE6B885E6B497E5B9B2E58780E68EA7E6B0B4E5A487E794A83C2F703E3C703E3C62723E3C2F703E3C703E3C7370616E207374796C653D22636F6C6F723A207267622833342C2033342C203334293B223EE7ACACE4BA8CEFBC9AE99485E4B8ADE58AA0E585A5E98082E9878FE79A84E6B885E6B0B4EFBC8CE5B086E9B8A1E59D97E58789E6B0B4E4B88BE99485EFBC8CE694BEE782B9E5A79CE78987EFBC8CE694BEE782B9E69699E98592EFBC8CE5A4A7E781ABE783A7E5BC80EFBC8CE69287E58EBBE8A1A8E99DA2E79A84E6B5AEE6B2ABE38082E784B6E5908EE68D9EE587BAE8BF87E4B880E9818DE58789E6B0B4EFBC8CE8BF99E6A0B7E9B8A1E88289E69BB4E58AA0E793B7E5AE9EE4B880E4BA9BEFBC8CE8808CE4B894E58FAFE4BBA5E6B497E58EBBE8A1A8E99DA2E79A84E69D82E8B4A83C2F7370616E3E3C2F703E3C703E3C62723E3C2F703E3C703E3C7370616E207374796C653D22636F6C6F723A207267622833342C2033342C203334293B223EE7ACACE4B889EFBC9AE4B88BE99DA2E68891E4BBACE5A484E79086E4B880E4B88BE9858DE88F9CE58887E782B9E9858DE88F9CEFBC8CE5B086E9A699E88F87E6A0B9E983A8E58EBBE68E89EFBC8CE784B6E5908EE58887E68890E78987EFBC8CE59C9FE8B186E6B885E6B497E5B9B2E58780E5898AE79AAEE58887E68890E5B08FE59D97EFBC8CE99D92E7BAA2E8BEA3E6A492E58EBBE5A4B4E58EBBE7B1BDEFBC8CE784B6E5908EE58887E68890E88FB1E5BDA2E59D97EFBC8CE891B1E58887E68890E78987EFBC8CE5A79CE58887E68890E4B89DEFBC8CE8929CE58887E59D97EFBC8CE5868DE58786E5A487E4B8A4E4B8AAE5B9B2E8BEA3E6A4923C2F7370616E3E3C2F703E3C703E3C62723E3C2F703E3C703E3C7370616E207374796C653D22636F6C6F723A207267622833342C2033342C203334293B223EE7ACACE59B9BEFBC9AE99485E4B8ADE58092E585A5E6B2B9EFBC8CE6B2B9E783ADE4B98BE5908EE694BEE586B0E7B396EFBC8CE8BDACE5B08FE781ABE685A2E685A2E78292E58C96EFBC8CE5A4A7E6B3A1E58F98E5B08FE6B3A1E59188E69EA3E7BAA2E889B2E79A84E697B6E58099EFBC8CE694BEE585A5E9B8A1E59D97EFBC8CE7BFBBE78292E59D87E58C80EFBC8CE694BEE585A5E891B1E5A79CE8929CE5B9B2E8BEA3E6A492EFBC8CE78292E5A5BDE4B98BE5908EE694BEE4B880E58BBAE7949CE99DA2E985B1EFBC8CE4B880E58BBAE9BB84E8B186E985B1EFBC8CE7BFBBE78292E59D87E58C803C2F7370616E3E3C2F703E3C703E3C62723E3C2F703E3C703E3C7370616E207374796C653D22636F6C6F723A207267622833342C2033342C203334293B223EE7ACACE4BA94EFBC9AE78292E9A699E4B98BE5908EE58AA0E585A5E783ADE6B0B4EFBC8CE6B2A1E8BF87E9B8A1E59D97EFBC8CE5BC80E5A4A7E781ABE783A7E5BC80EFBC8CE784B6E5908EE694BEE585A5E9A699E88F87E78296E4B880E4BC9AE584BFEFBC8CE5868DE694BEE782B9E7949FE68ABDEFBC8CE694BEE782B9E89A9DE6B2B9EFBC8CE5A4A7E781ABE782963130E58886E9929FEFBC8CE784B6E5908EE5B086E9B8A1E59D97E58092E585A5E7A082E99485E4B8ADEFBC8CE784B6E5908EE694BEE585A5E59C9FE8B186EFBC8CE79B96E4B88AE79B96E5AD90E4B8ADE781ABE7849635E58886E9929FEFBC8CE69C80E5908EE694BEE585A5E99D92E7BAA2E8BEA3E6A492EFBC8CE5B086E8BEA3E6A492E696ADE7949FE58DB3E58FAF3C2F7370616E3E3C2F703E3C703E3C62723E3C2F703E3C703E3C7374726F6E67207374796C653D22636F6C6F723A2072676228302C20302C2030293B223E3C7370616E20636C6173733D22716C2D637572736F72223EEFBBBF3C2F7370616E3EE38090E9BB84E78496E9B8A1E4B98BE783B9E9A5AAE5B08FE79FA5E8AF86E38091EFBC9A3C2F7374726F6E673E3C2F703E3C703E3129E9B8A1E59D97E694BEE59CA8E6B885E6B0B4E4B8ADE6B5B8E6B3A13135E58886E9929FE5B7A6E58FB3EFBC8CE6B5B8E6B3A1E587BAE9878CE99DA2E79A84E8A180E6B0B4E5928CE69D82E8B4A8EFBC8CE784B6E5908EE5868DE6B885E6B497E5B9B2E587803C2F703E3C703E3229E9BB84E78496E9B8A1E794A8E586B0E7B396E78292E7B396E889B2EFBC8CE8808CE4B88DE698AFE794A8E88081E68ABDE4B88AE889B2EFBC8CE8BF99E6A0B7E889B2E6B3BDE69BB4E58AA0E79A84E6BC82E4BAAEEFBC8C3C2F703E3C703EE8BF99E6A0B7E78296E587BAE69DA5E79A84E9BB84E78496E9B8A1E88289E8B4A8E9B29CE5ABA9EFBC8CE5B0A4E585B6E698AFE59C9FE8B186E590B8E694B6E4BA86E6B1A4E6B181EFBC8CE8B685E7BAA7E8BF87E798BEEFBC8CE78296E79A84E697B6E997B4E995BFEFBC8CE9A699E88F87E4B99FE789B9E588ABE79A84E585A5E591B3EFBC8CE789B9E588ABE698AFE6B1A4E6B181E68B8CE7B1B3E9A5ADE99D9EE5B8B8E79A84E5A5BDE59083EFBC9BE8BF99E4B988E995BFE697B6E997B4E4B88DE59083E9BB84E78496E9B8A1E4BA86EFBC8CE5B08FE891A3E4B880E4B8AAE4BABAE59083E4BA86E4B8A4E7A297E7B1B3E9A5ADEFBC8CE8B685E7BAA7E8BF87E798BEE38082E5969CE6ACA2E59083E9BB84E78496E9B8A1E79A84E69C8BE58F8BE4BBACE5868DE4B99FE4B88DE794A8E59CA8E5A496E99DA2E4B9B0E4BA86EFBC8CE887AAE5B7B1E59CA8E5AEB6E5819AE5BE97E5B9B2E58780E58DABE7949FEFBC8CE8808CE4B894E99D9EE5B8B8E79A84E5A5BDE59083EFBC8CE5969CE6ACA2E79A84E69C8BE58F8BE58FAFE4BBA5E59CA8E5AEB6E8AF95E4B880E8AF95E380823C2F703E, NULL, '1', 207, '1', '1', '/profile/upload/2023/10/13/39a0fe2a-8959-403f-8bf8-10e1602ea393.png', '', '上次为了解馋在外面买了一份黄焖鸡，结果全家4口人有3口人吃完就拉肚子，去医院拿药，再也不敢在外面吃', NULL);
INSERT INTO `cms_blog` VALUES (22, 'admin', '2022-06-13 09:13:50', 'admin', '2023-10-13 15:41:59', '好吃的火锅', '1', '2', 0x3C64697620646174612D696E6C696E652D636F64652D7468656D653D227265642220646174612D636F64652D626C6F636B2D7468656D653D22746F6D6F72726F772D6E69676874223E3C7020646174612D6C696E65733D2232312220646174612D747970653D22702220646174612D7369676E3D22663766633136643439393938643264643566643863383836356236613732656432312220636C6173733D226368657272792D686967686C696768742D6C696E65223E312EE6B1A4E5BA953C62723EE6B885E6B1A4EFBC8CE88AABE88C9CE79AAEE89B8BEFBC8CE6B299E788B9E99485EFBC8CE78CAAE9AAA8E785B2EFBC8CE9B29CE9B1BCE6B1A4EFBC8CE89583E88C84E896AFE4BB94EFBC8CE88DAFE886B3E9B1BCE5A4B4E99485EFBC8CE6B885E6B1A4E885A9E785B2EFBC8CE586ACE88DABE58A9FEFBC8CE9A699E88D89E9BE99E899BEE6B1A4EFBC8CE581A5E5BAB7E7949FE69E9CE6B1A4EFBC8CE883A1E6A492E4BB80E88F8CE99485EFBC8CE99DA2E8B189E6B1A4EFBC8CE88AB1E99B95E98689E9B8A1E99485EFBC8CE9B29CE4BABAE58F82E69D9EE5AD90E9B8A1E99485EFBC8CE59B9BE5B79DE9BABBE8BEA3E99485EFBC8CE5B79DE591B3E7899BE69FB3E6B1A4EFBC8CE9A699E6B593E6B8AFE5BC8FE59296E596B1E99485EFBC8CE592B8E88F9CE883A1E6A492E7B289E882A0E8829AE6B1A43C62723E322EE7899BE7B1BB3C62723EE69CACE59CB0E882A5E7899BEFBC8CE98791E992B1E7899BE5B195EFBC8CE7899BE884B7EFBC8CE6B885E6B1A4E885A9EFBC8CE9B29CE6BB91E7899BE88289EFBC8CE9B29CE9BB91E7899BE69F8FE58FB6EFBC8CE99BAAE799BDE7899BE69F8FE58FB6EFBC8CE7899BE9AAA8E9AB93EFBC8CE69C89E69699E7899BE88289E58DB7EFBC8CE99CB2E7AC8BE7899BE88289E58DB7EFBC8CE69DBEE69DBFE99C9CE9998DE5928CE7899BEFBC8CE7A59EE688B7E7899BE882893C62723E332EE88289E7B1BB3C62723EE69E81E9BB91E8B19AE78CAAE885A9E88289EFBC8CE88289E79CBCE6A0B9EFBC8CE78CAAE4B88BE99D92EFBC8CE78CAAE885A9E88289E78987EFBC8CE9B29CE9B8A1EFBC8CE98689E9B8A1EFBC8CE9B8A1E8BDAFE9AAA8EFBC8CE9B29CE9B8A1E5AD90EFBC8CE9B29CE9B985E882A0EFBC8CE7BE8AE4BB94E88289EFBC8CE78CAAE885B0EFBC8CE78CAAE6B6A6EFBC8CE5A4A9E6A2AFEFBC8CE78E8BE59689EFBC8CE78CAAE79AAEEFBC8CE78CAAE7BAA2EFBC8CE6BB91E9B8A1E88289EFBC8CE7BE8AE4BB94E88289EFBC8CE78CAAE5A4A7E882A0EFBC8CE9A9BCE9B89FE88289EFBC8CE9B29CE794B0E9B8A1EFBC8CE9B29CE78CAAE7B289E882A03C62723E342EE588BAE8BAAB3C62723EE88B8FE6A0BCE585B0E89B8FE5AD90E79A87EFBC8CE9BE99E899BEEFBC8CE99D92E8BEB9E9B28DE9B1BCEFBC8CE9BB91E8BEB9E9B28DE9B1BCEFBC8CE789A1E4B8B9E899BE3C62723E352EE69E81E59381E6B5B7E9B29CE7B1BB3C62723EE4B89CE6989FE69691EFBC8CE88AB1E5B0BEE79690EFBC8CE5A4A7E88AB1E899BEEFBC8CE5A4A7E88AB1E89FB9EFBC8CE9B28DE9B1BCEFBC8CE6BB8BE998B4E6B0B4E9B1BCEFBC8CE69E81E7BAA7E697A5E69CACE58E9FE58FAAE79A87E5B89DE89FB93C62723E362EE6B5B7E9B29CE7B1BBE58E9FE69DA1E7949FE78C9BE6B5B7E69691EFBC8CE9BE99E899BEE4BB94EFBC8CE59091E89EBAE78987EFBC8CE998BFE68B89E696AFE58AA0E89FB9E8849AEFBC8CE58AA0E68BBFE5A4A7E7AD92E89A9DEFBC8CE6B581E6B5AEE5B1B1E7949FE89A9DEFBC8CE7BABDE8A5BFE585B0E7BFA1E7BFA0E89EBAEFBC8CE7BABDE8A5BFE585B0E58D8AE5A3B3E99D92E58FA3EFBC8CE88AB1E89FB9EFBC8CE7949FE6B5B7E899BEEFBC8CE585BBE9A29CE88AB1E883B6EFBC8CE9B29CE5B8A6E5AD90EFBC8CE6A182E88AB1E89A8CEFBC8CE78F8AE7919AE89A8CEFBC8CE88486E88289E9B2A9E9B1BCEFBC8CE9B2A9E9B1BCE885A9EFBC8CE9B2A9E9B1BCE9B394EFBC8CE9B1BCE5A4B4EFBC8CE5A4A7E7949FE9B1BCE78987EFBC8CE9B39DE78987EFBC8CE58E9FE58FAAE697A5E69CACE9B29CE9B1BFE9B1BCEFBC8CE88AB1E69E9DE78987EFBC8CE6B0B4E5B0A4E9B1BCEFBC8CE4B9BEE5908AE78987EFBC8CE9B29CE5B0A4E9B1BCE789873C62723E372EE4B8B8E5AD90E7B1BB3C62723EE88A9DE5A3ABE9B8A1E88289E4B8B8EFBC8CE985B1E78886E9B985E8829DE4B8B8EFBC8CE9BABBE8BEA3E9B29CE7899BE4B8B8EFBC8CE98791E58D8EE781ABE885BFE58C85E5BF83E4B8B8EFBC8CE6898BE5B7A5E6B0B4E699B6E899BEE4B8B8EFBC8CE6B0B4E699B6E9BE99E899BEE4B8B8EFBC8CE6898BE68993E9B29CE5A2A8E9B1BCE4B8B8EFBC8CE7B297E7899BE6A0B9E4B8B8EFBC8CE6898BE68993E9B29CE7899BE4B8B8EFBC8CE6898BE68993E9B29CE88289E4B8B8EFBC8CE6898BE68993E9B29CE9B8A1E4B8B8EFBC8CE6898BE68993E9B29CE9B2AEE9B1BCE4B8B8EFBC8CE6BDAEE6B4B2E9B1BCE697A63C62723E382EE585B6E4BB963C62723EE98791E88F87EFBC8CE5B1B1E6A0B9EFBC8CE6BDAEE6B4B2E782B8E9B1BCE79AAEEFBC8CE9B1BCE78987E5A4B4EFBC8CE6BDAEE6B4B2E9B1BCE9A5BAEFBC8CE89FB9E88289E9B29CE88289E9A5BAEFBC8CE88F9CE88289E9A5BAEFBC8CE4BA91E5909EEFBC8CE99FADE88F9CE9A5BAEFBC8CE9B29CE899BEE985BFE586ACE88F87EFBC8CE9B29CE782B8E9B1BCE88590EFBC8CE9B29CE9B1BCE985BFE8B186E58D9CEFBC8CE9B2AEE9B1BCE6BB91EFBC8CE5A2A8E9B1BCE6BB91EFBC8CE5A4A7E997B8E89FB9E7B289E9B29CE88289E9A5BAEFBC8CE697A5E69CACE6BB91E8B186E88590EFBC8CE697A5E69CACE88A9DE9BABBE8B186E88590EFBC8CE697A5E69CACE9AB98E9878EE8B186E88590EFBC8CE7ABB9E7AC99EFBC8CE7949FE6A0B9EFBC8CE69E9DE7ABB9EFBC8CE9B29CE88590E7ABB93C62723E392EE9B29CE88F8CE7B1BB3C62723EE4BB80E88F8CEFBC8CE9B29CE586ACE88F87EFBC8CE98791E88F87E88F9CEFBC8CE799BEE781B5E88F87EFBC8CE9B8A1E884BEE88F87EFBC8CE7A780E78F8DE88F87EFBC8CE9BB91E69CA8E880B3EFBC8CE9B28DE9B1BCE88F873C62723E31302EE697B6E894ACE7B1BB3C62723EE88FA0E88F9CEFBC8CE89583E896AFE88B97EFBC8CE88F9CE5BF83EFBC8CE88AA5E585B0EFBC8CE5B08FE6A3A0E88F9CEFBC8CE59490E7949FE88F9CEFBC8CE8A5BFE6B48BE88F9CEFBC8CE6B2B9E89C9CE88F9CEFBC8CE799BDE88F9CE4BB94EFBC8CE59490E88EB4EFBC8CE5A4A7E8B186E88ABDEFBC8CE88B8BE88F9CEFBC8CE6BDBAE88F9CEFBC8CE6B4A5E799BDEFBC8CE7B29FE7B1B3EFBC8CE586ACE7939CEFBC8CE89583E88C84EFBC8CE88EB2E89795E78987EFBC8CE8909DE58D9CEFBC8CE9B29CE6B7AEE5B1B1EFBC8CE9B29CE99CB2E7AC8BEFBC8CE9B29CE9A9ACE8B984E882893C62723E31312EE7B289E99DA2E7B1BB3C62723EE697A5E69CACE7A8BBE5BAADE4B98CE586ACEFBC8CE697A5E69CACE6898BE68993E4B98CE586ACEFBC8CE697A5E69CACE7BBBFE88CB6E99DA2EFBC8CE697A5E69CACE6A285E88AB1E99DA2EFBC8CE698ADE5928CE692ADE5B79EE4B994E9BAA6E99DA2EFBC8CE585A8E89B8BE7949FE99DA2EFBC8CE899BEE5AD90E99DA2EFBC8CE696B0E7ABB9E7B1B3E7B289EFBC8CE6BFB6E69DA1E7B289E4B89D3C2F703E3C2F6469763E, 0x312EE6B1A4E5BA950AE6B885E6B1A4EFBC8CE88AABE88C9CE79AAEE89B8BEFBC8CE6B299E788B9E99485EFBC8CE78CAAE9AAA8E785B2EFBC8CE9B29CE9B1BCE6B1A4EFBC8CE89583E88C84E896AFE4BB94EFBC8CE88DAFE886B3E9B1BCE5A4B4E99485EFBC8CE6B885E6B1A4E885A9E785B2EFBC8CE586ACE88DABE58A9FEFBC8CE9A699E88D89E9BE99E899BEE6B1A4EFBC8CE581A5E5BAB7E7949FE69E9CE6B1A4EFBC8CE883A1E6A492E4BB80E88F8CE99485EFBC8CE99DA2E8B189E6B1A4EFBC8CE88AB1E99B95E98689E9B8A1E99485EFBC8CE9B29CE4BABAE58F82E69D9EE5AD90E9B8A1E99485EFBC8CE59B9BE5B79DE9BABBE8BEA3E99485EFBC8CE5B79DE591B3E7899BE69FB3E6B1A4EFBC8CE9A699E6B593E6B8AFE5BC8FE59296E596B1E99485EFBC8CE592B8E88F9CE883A1E6A492E7B289E882A0E8829AE6B1A40A322EE7899BE7B1BB0AE69CACE59CB0E882A5E7899BEFBC8CE98791E992B1E7899BE5B195EFBC8CE7899BE884B7EFBC8CE6B885E6B1A4E885A9EFBC8CE9B29CE6BB91E7899BE88289EFBC8CE9B29CE9BB91E7899BE69F8FE58FB6EFBC8CE99BAAE799BDE7899BE69F8FE58FB6EFBC8CE7899BE9AAA8E9AB93EFBC8CE69C89E69699E7899BE88289E58DB7EFBC8CE99CB2E7AC8BE7899BE88289E58DB7EFBC8CE69DBEE69DBFE99C9CE9998DE5928CE7899BEFBC8CE7A59EE688B7E7899BE882890A332EE88289E7B1BB0AE69E81E9BB91E8B19AE78CAAE885A9E88289EFBC8CE88289E79CBCE6A0B9EFBC8CE78CAAE4B88BE99D92EFBC8CE78CAAE885A9E88289E78987EFBC8CE9B29CE9B8A1EFBC8CE98689E9B8A1EFBC8CE9B8A1E8BDAFE9AAA8EFBC8CE9B29CE9B8A1E5AD90EFBC8CE9B29CE9B985E882A0EFBC8CE7BE8AE4BB94E88289EFBC8CE78CAAE885B0EFBC8CE78CAAE6B6A6EFBC8CE5A4A9E6A2AFEFBC8CE78E8BE59689EFBC8CE78CAAE79AAEEFBC8CE78CAAE7BAA2EFBC8CE6BB91E9B8A1E88289EFBC8CE7BE8AE4BB94E88289EFBC8CE78CAAE5A4A7E882A0EFBC8CE9A9BCE9B89FE88289EFBC8CE9B29CE794B0E9B8A1EFBC8CE9B29CE78CAAE7B289E882A00A342EE588BAE8BAAB0AE88B8FE6A0BCE585B0E89B8FE5AD90E79A87EFBC8CE9BE99E899BEEFBC8CE99D92E8BEB9E9B28DE9B1BCEFBC8CE9BB91E8BEB9E9B28DE9B1BCEFBC8CE789A1E4B8B9E899BE0A352EE69E81E59381E6B5B7E9B29CE7B1BB0AE4B89CE6989FE69691EFBC8CE88AB1E5B0BEE79690EFBC8CE5A4A7E88AB1E899BEEFBC8CE5A4A7E88AB1E89FB9EFBC8CE9B28DE9B1BCEFBC8CE6BB8BE998B4E6B0B4E9B1BCEFBC8CE69E81E7BAA7E697A5E69CACE58E9FE58FAAE79A87E5B89DE89FB90A362EE6B5B7E9B29CE7B1BBE58E9FE69DA1E7949FE78C9BE6B5B7E69691EFBC8CE9BE99E899BEE4BB94EFBC8CE59091E89EBAE78987EFBC8CE998BFE68B89E696AFE58AA0E89FB9E8849AEFBC8CE58AA0E68BBFE5A4A7E7AD92E89A9DEFBC8CE6B581E6B5AEE5B1B1E7949FE89A9DEFBC8CE7BABDE8A5BFE585B0E7BFA1E7BFA0E89EBAEFBC8CE7BABDE8A5BFE585B0E58D8AE5A3B3E99D92E58FA3EFBC8CE88AB1E89FB9EFBC8CE7949FE6B5B7E899BEEFBC8CE585BBE9A29CE88AB1E883B6EFBC8CE9B29CE5B8A6E5AD90EFBC8CE6A182E88AB1E89A8CEFBC8CE78F8AE7919AE89A8CEFBC8CE88486E88289E9B2A9E9B1BCEFBC8CE9B2A9E9B1BCE885A9EFBC8CE9B2A9E9B1BCE9B394EFBC8CE9B1BCE5A4B4EFBC8CE5A4A7E7949FE9B1BCE78987EFBC8CE9B39DE78987EFBC8CE58E9FE58FAAE697A5E69CACE9B29CE9B1BFE9B1BCEFBC8CE88AB1E69E9DE78987EFBC8CE6B0B4E5B0A4E9B1BCEFBC8CE4B9BEE5908AE78987EFBC8CE9B29CE5B0A4E9B1BCE789870A372EE4B8B8E5AD90E7B1BB0AE88A9DE5A3ABE9B8A1E88289E4B8B8EFBC8CE985B1E78886E9B985E8829DE4B8B8EFBC8CE9BABBE8BEA3E9B29CE7899BE4B8B8EFBC8CE98791E58D8EE781ABE885BFE58C85E5BF83E4B8B8EFBC8CE6898BE5B7A5E6B0B4E699B6E899BEE4B8B8EFBC8CE6B0B4E699B6E9BE99E899BEE4B8B8EFBC8CE6898BE68993E9B29CE5A2A8E9B1BCE4B8B8EFBC8CE7B297E7899BE6A0B9E4B8B8EFBC8CE6898BE68993E9B29CE7899BE4B8B8EFBC8CE6898BE68993E9B29CE88289E4B8B8EFBC8CE6898BE68993E9B29CE9B8A1E4B8B8EFBC8CE6898BE68993E9B29CE9B2AEE9B1BCE4B8B8EFBC8CE6BDAEE6B4B2E9B1BCE697A60A382EE585B6E4BB960AE98791E88F87EFBC8CE5B1B1E6A0B9EFBC8CE6BDAEE6B4B2E782B8E9B1BCE79AAEEFBC8CE9B1BCE78987E5A4B4EFBC8CE6BDAEE6B4B2E9B1BCE9A5BAEFBC8CE89FB9E88289E9B29CE88289E9A5BAEFBC8CE88F9CE88289E9A5BAEFBC8CE4BA91E5909EEFBC8CE99FADE88F9CE9A5BAEFBC8CE9B29CE899BEE985BFE586ACE88F87EFBC8CE9B29CE782B8E9B1BCE88590EFBC8CE9B29CE9B1BCE985BFE8B186E58D9CEFBC8CE9B2AEE9B1BCE6BB91EFBC8CE5A2A8E9B1BCE6BB91EFBC8CE5A4A7E997B8E89FB9E7B289E9B29CE88289E9A5BAEFBC8CE697A5E69CACE6BB91E8B186E88590EFBC8CE697A5E69CACE88A9DE9BABBE8B186E88590EFBC8CE697A5E69CACE9AB98E9878EE8B186E88590EFBC8CE7ABB9E7AC99EFBC8CE7949FE6A0B9EFBC8CE69E9DE7ABB9EFBC8CE9B29CE88590E7ABB90A392EE9B29CE88F8CE7B1BB0AE4BB80E88F8CEFBC8CE9B29CE586ACE88F87EFBC8CE98791E88F87E88F9CEFBC8CE799BEE781B5E88F87EFBC8CE9B8A1E884BEE88F87EFBC8CE7A780E78F8DE88F87EFBC8CE9BB91E69CA8E880B3EFBC8CE9B28DE9B1BCE88F870A31302EE697B6E894ACE7B1BB0AE88FA0E88F9CEFBC8CE89583E896AFE88B97EFBC8CE88F9CE5BF83EFBC8CE88AA5E585B0EFBC8CE5B08FE6A3A0E88F9CEFBC8CE59490E7949FE88F9CEFBC8CE8A5BFE6B48BE88F9CEFBC8CE6B2B9E89C9CE88F9CEFBC8CE799BDE88F9CE4BB94EFBC8CE59490E88EB4EFBC8CE5A4A7E8B186E88ABDEFBC8CE88B8BE88F9CEFBC8CE6BDBAE88F9CEFBC8CE6B4A5E799BDEFBC8CE7B29FE7B1B3EFBC8CE586ACE7939CEFBC8CE89583E88C84EFBC8CE88EB2E89795E78987EFBC8CE8909DE58D9CEFBC8CE9B29CE6B7AEE5B1B1EFBC8CE9B29CE99CB2E7AC8BEFBC8CE9B29CE9A9ACE8B984E882890A31312EE7B289E99DA2E7B1BB0AE697A5E69CACE7A8BBE5BAADE4B98CE586ACEFBC8CE697A5E69CACE6898BE68993E4B98CE586ACEFBC8CE697A5E69CACE7BBBFE88CB6E99DA2EFBC8CE697A5E69CACE6A285E88AB1E99DA2EFBC8CE698ADE5928CE692ADE5B79EE4B994E9BAA6E99DA2EFBC8CE585A8E89B8BE7949FE99DA2EFBC8CE899BEE5AD90E99DA2EFBC8CE696B0E7ABB9E7B1B3E7B289EFBC8CE6BFB6E69DA1E7B289E4B89D, '0', 99, '1', '1', '/profile/upload/2023/10/13/5894e503-03a4-4f51-bd84-a08b2168eba8.png', '', ' 火锅可以说是现在非常受欢迎的一种美食，具有不可替代的地位。火锅最早是在北方兴起，后面逐渐在各地兴起', NULL);

-- ----------------------------
-- Table structure for cms_blog_file
-- ----------------------------
DROP TABLE IF EXISTS `cms_blog_file`;
CREATE TABLE `cms_blog_file`  (
  `file_id` bigint(0) NOT NULL COMMENT '文件ID',
  `blog_id` bigint(0) NOT NULL COMMENT 'blogID',
  PRIMARY KEY (`file_id`, `blog_id`) USING BTREE
) ENGINE = InnoDB CHARACTER SET = utf8mb4 COLLATE = utf8mb4_general_ci COMMENT = 'blog文件表' ROW_FORMAT = Dynamic;

-- ----------------------------
-- Records of cms_blog_file
-- ----------------------------
INSERT INTO `cms_blog_file` VALUES (33, 17);
INSERT INTO `cms_blog_file` VALUES (34, 17);
INSERT INTO `cms_blog_file` VALUES (36, 17);
INSERT INTO `cms_blog_file` VALUES (37, 17);

-- ----------------------------
-- Table structure for cms_blog_tag
-- ----------------------------
DROP TABLE IF EXISTS `cms_blog_tag`;
CREATE TABLE `cms_blog_tag`  (
  `tag_id` bigint(0) NOT NULL COMMENT '标签ID',
  `blog_id` bigint(0) NOT NULL COMMENT 'blogID',
  PRIMARY KEY (`tag_id`, `blog_id`) USING BTREE
) ENGINE = InnoDB CHARACTER SET = utf8mb4 COLLATE = utf8mb4_general_ci COMMENT = 'blog标签关联表' ROW_FORMAT = Dynamic;

-- ----------------------------
-- Records of cms_blog_tag
-- ----------------------------
INSERT INTO `cms_blog_tag` VALUES (22, 10);
INSERT INTO `cms_blog_tag` VALUES (22, 16);
INSERT INTO `cms_blog_tag` VALUES (23, 7);
INSERT INTO `cms_blog_tag` VALUES (23, 13);
INSERT INTO `cms_blog_tag` VALUES (23, 14);
INSERT INTO `cms_blog_tag` VALUES (24, 7);
INSERT INTO `cms_blog_tag` VALUES (24, 13);
INSERT INTO `cms_blog_tag` VALUES (24, 14);
INSERT INTO `cms_blog_tag` VALUES (25, 22);
INSERT INTO `cms_blog_tag` VALUES (26, 19);
INSERT INTO `cms_blog_tag` VALUES (26, 22);

-- ----------------------------
-- Table structure for cms_blog_type
-- ----------------------------
DROP TABLE IF EXISTS `cms_blog_type`;
CREATE TABLE `cms_blog_type`  (
  `type_id` bigint(0) NOT NULL COMMENT '类型ID',
  `blog_id` bigint(0) NOT NULL COMMENT 'blogID',
  PRIMARY KEY (`type_id`, `blog_id`) USING BTREE
) ENGINE = InnoDB CHARACTER SET = utf8mb4 COLLATE = utf8mb4_general_ci COMMENT = 'blog分类关联表' ROW_FORMAT = Dynamic;

-- ----------------------------
-- Records of cms_blog_type
-- ----------------------------
INSERT INTO `cms_blog_type` VALUES (11, 10);
INSERT INTO `cms_blog_type` VALUES (11, 16);
INSERT INTO `cms_blog_type` VALUES (13, 7);
INSERT INTO `cms_blog_type` VALUES (13, 13);
INSERT INTO `cms_blog_type` VALUES (13, 14);
INSERT INTO `cms_blog_type` VALUES (14, 19);
INSERT INTO `cms_blog_type` VALUES (14, 22);
INSERT INTO `cms_blog_type` VALUES (16, 7);
INSERT INTO `cms_blog_type` VALUES (16, 14);

-- ----------------------------
-- Table structure for cms_comment
-- ----------------------------
DROP TABLE IF EXISTS `cms_comment`;
CREATE TABLE `cms_comment`  (
  `id` bigint(0) NOT NULL AUTO_INCREMENT COMMENT 'ID',
  `parent_id` bigint(0) NULL DEFAULT NULL COMMENT '父评论id',
  `main_id` bigint(0) NULL DEFAULT NULL COMMENT '主评论id(第一级评论)',
  `like_num` int(0) NULL DEFAULT NULL COMMENT '点赞数量',
  `content` varchar(255) CHARACTER SET utf8mb4 COLLATE utf8mb4_general_ci NULL DEFAULT NULL COMMENT '内容',
  `type` char(1) CHARACTER SET utf8mb4 COLLATE utf8mb4_general_ci NULL DEFAULT NULL COMMENT '评论类型：对人评论，对项目评论，对资源评论',
  `blog_id` bigint(0) NULL DEFAULT NULL COMMENT '被评论者id，可以是人、项目、资源',
  `del_flag` char(1) CHARACTER SET utf8mb4 COLLATE utf8mb4_general_ci NULL DEFAULT '0' COMMENT '删除标志（0代表存在 1代表删除）',
  `user_id` bigint(0) NULL DEFAULT NULL COMMENT '评论者id',
  `create_by` varchar(64) CHARACTER SET utf8mb4 COLLATE utf8mb4_general_ci NULL DEFAULT '' COMMENT '创建者',
  `create_time` datetime(0) NULL DEFAULT NULL COMMENT '创建时间',
  `update_by` varchar(64) CHARACTER SET utf8mb4 COLLATE utf8mb4_general_ci NULL DEFAULT '' COMMENT '更新者',
  `update_time` datetime(0) NULL DEFAULT NULL COMMENT '更新时间',
  PRIMARY KEY (`id`) USING BTREE
) ENGINE = InnoDB AUTO_INCREMENT = 6 CHARACTER SET = utf8mb4 COLLATE = utf8mb4_general_ci COMMENT = '评论表' ROW_FORMAT = Dynamic;

-- ----------------------------
-- Records of cms_comment
-- ----------------------------
INSERT INTO `cms_comment` VALUES (1, NULL, NULL, 13, 'v地方', '0', 19, '0', 1, 'admin', '2022-01-28 17:43:08', '', NULL);
INSERT INTO `cms_comment` VALUES (2, 1, 1, NULL, '奥迪发', '1', 19, '0', 1, 'admin', '2022-01-28 17:43:47', '', NULL);
INSERT INTO `cms_comment` VALUES (3, NULL, NULL, 0, '啊吖吖', '0', 16, '0', 1, 'admin', '2022-01-28 18:09:23', '', NULL);
INSERT INTO `cms_comment` VALUES (4, 2, 1, NULL, '测试', '1', 19, '0', NULL, '匿名用户', '2022-06-16 15:44:28', '', NULL);
INSERT INTO `cms_comment` VALUES (5, NULL, NULL, NULL, '哈哈哈', '0', 19, '0', NULL, '匿名用户', '2022-06-16 15:45:17', '', NULL);
INSERT INTO `cms_comment` VALUES (6, NULL, NULL, NULL, '这个博客写的真不错', '0', 7, '0', 3, 'lixinyuan', '2023-10-13 08:25:45', '', NULL);
INSERT INTO `cms_comment` VALUES (7, NULL, NULL, NULL, '真好的火锅\n😆', '0', 22, '0', 1, 'admin', '2023-10-13 15:42:22', '', NULL);

-- ----------------------------
-- Table structure for cms_comment_like
-- ----------------------------
DROP TABLE IF EXISTS `cms_comment_like`;
CREATE TABLE `cms_comment_like`  (
  `comment_id` bigint(0) NOT NULL COMMENT '点赞评论ID',
  `user_id` bigint(0) NOT NULL COMMENT '用户ID',
  `create_by` varchar(64) CHARACTER SET utf8mb4 COLLATE utf8mb4_general_ci NULL DEFAULT '' COMMENT '创建者',
  `create_time` datetime(0) NULL DEFAULT NULL COMMENT '创建时间',
  `update_by` varchar(64) CHARACTER SET utf8mb4 COLLATE utf8mb4_general_ci NULL DEFAULT '' COMMENT '更新者',
  `update_time` datetime(0) NULL DEFAULT NULL COMMENT '更新时间',
  PRIMARY KEY (`comment_id`, `user_id`) USING BTREE
) ENGINE = InnoDB CHARACTER SET = utf8mb4 COLLATE = utf8mb4_general_ci COMMENT = '留言点赞表' ROW_FORMAT = Dynamic;

-- ----------------------------
-- Records of cms_comment_like
-- ----------------------------

-- ----------------------------
-- Table structure for cms_message
-- ----------------------------
DROP TABLE IF EXISTS `cms_message`;
CREATE TABLE `cms_message`  (
  `id` bigint(0) NOT NULL AUTO_INCREMENT COMMENT 'ID',
  `parent_id` bigint(0) NULL DEFAULT NULL COMMENT '父留言id',
  `main_id` bigint(0) NULL DEFAULT NULL COMMENT '主留言id(第一级留言)',
  `like_num` int(0) NULL DEFAULT NULL COMMENT '点赞数量',
  `content` varchar(255) CHARACTER SET utf8mb4 COLLATE utf8mb4_general_ci NULL DEFAULT NULL COMMENT '内容',
  `type` char(1) CHARACTER SET utf8mb4 COLLATE utf8mb4_general_ci NULL DEFAULT NULL COMMENT '留言类型：对人评论，对项目评论，对资源评论（0代表留言 1代表回复）',
  `blog_id` bigint(0) NULL DEFAULT NULL COMMENT '被留言者id，可以是人、项目、资源',
  `del_flag` char(1) CHARACTER SET utf8mb4 COLLATE utf8mb4_general_ci NULL DEFAULT '0' COMMENT '删除标志（0代表存在 1代表删除）',
  `user_id` bigint(0) NULL DEFAULT NULL COMMENT '留言者id',
  `create_by` varchar(64) CHARACTER SET utf8mb4 COLLATE utf8mb4_general_ci NULL DEFAULT '' COMMENT '创建者',
  `create_time` datetime(0) NULL DEFAULT NULL COMMENT '创建时间',
  `update_by` varchar(64) CHARACTER SET utf8mb4 COLLATE utf8mb4_general_ci NULL DEFAULT '' COMMENT '更新者',
  `update_time` datetime(0) NULL DEFAULT NULL COMMENT '更新时间',
  PRIMARY KEY (`id`) USING BTREE
) ENGINE = InnoDB AUTO_INCREMENT = 55 CHARACTER SET = utf8mb4 COLLATE = utf8mb4_general_ci COMMENT = '留言表' ROW_FORMAT = Dynamic;

-- ----------------------------
-- Records of cms_message
-- ----------------------------
INSERT INTO `cms_message` VALUES (1, NULL, NULL, 22, '你好', '0', NULL, '0', 1, 'admin', '2022-01-15 15:24:46', '', NULL);
INSERT INTO `cms_message` VALUES (2, NULL, NULL, 10, 'hello!!  123', '0', NULL, '0', 1, 'admin', '2022-01-15 15:25:26', '', NULL);
INSERT INTO `cms_message` VALUES (3, 1, 1, 2, '我很好!', '1', NULL, '0', NULL, '匿名用户', '2022-01-15 15:25:51', '', NULL);
INSERT INTO `cms_message` VALUES (4, 1, 1, 3, '大家好', '1', NULL, '0', 1, 'admin', '2022-01-15 15:26:23', '', NULL);
INSERT INTO `cms_message` VALUES (5, 3, 1, 3, '好', '1', NULL, '0', 1, 'admin', '2022-01-15 15:26:39', '', NULL);
INSERT INTO `cms_message` VALUES (6, NULL, NULL, 2, '测试', '0', NULL, '0', NULL, '匿名用户', '2022-01-16 18:17:27', '', NULL);
INSERT INTO `cms_message` VALUES (17, 6, 6, NULL, '额', '1', NULL, '0', 1, 'admin', '2022-01-16 20:42:39', '', NULL);
INSERT INTO `cms_message` VALUES (23, 17, 6, NULL, '哈哈', '1', NULL, '0', NULL, '匿名用户', '2022-01-19 01:31:19', '', NULL);
INSERT INTO `cms_message` VALUES (24, 5, 1, NULL, '1', '1', NULL, '0', NULL, '匿名用户', '2022-01-19 01:33:03', '', NULL);
INSERT INTO `cms_message` VALUES (26, 23, 6, NULL, '啊', '1', NULL, '1', 1, 'admin', '2022-01-19 17:17:43', '', NULL);
INSERT INTO `cms_message` VALUES (27, NULL, NULL, 0, '阿斯顿v阿萨v发到付vDVD发v地方vv阿飞阿斯顿v阿萨v阿萨v阿斯顿v阿斯顿v沙发VS发VS的VS调查', '0', NULL, '0', 1, 'admin', '2022-01-19 17:30:29', '', NULL);
INSERT INTO `cms_message` VALUES (28, NULL, NULL, 0, '阿萨的顶顶顶顶顶顶顶顶顶', '0', NULL, '0', 1, 'admin', '2022-01-19 17:30:51', '', NULL);
INSERT INTO `cms_message` VALUES (48, NULL, NULL, 1, 'good!\n', '0', NULL, '0', 2, '若依', '2022-01-20 10:33:14', '', NULL);
INSERT INTO `cms_message` VALUES (49, 1, 1, NULL, '若依', '1', NULL, '0', 2, '若依', '2022-01-20 10:33:32', '', NULL);
INSERT INTO `cms_message` VALUES (50, 2, 2, NULL, '你好\n', '1', NULL, '0', 2, '若依', '2022-01-20 10:33:53', '', NULL);
INSERT INTO `cms_message` VALUES (51, 50, 2, NULL, 'yes', '1', NULL, '0', 1, 'admin', '2022-01-20 10:34:39', '', NULL);
INSERT INTO `cms_message` VALUES (52, 49, 1, NULL, '你好若依\n', '1', NULL, '0', 1, 'admin', '2022-01-20 17:20:24', '', NULL);
INSERT INTO `cms_message` VALUES (53, 26, 6, NULL, '问什么删评论', '1', NULL, '0', 1, 'admin', '2022-01-21 10:13:20', '', NULL);
INSERT INTO `cms_message` VALUES (54, 53, 6, NULL, 'why?', '1', NULL, '0', 2, '若依', '2022-01-21 10:15:47', '', NULL);

-- ----------------------------
-- Table structure for cms_message_like
-- ----------------------------
DROP TABLE IF EXISTS `cms_message_like`;
CREATE TABLE `cms_message_like`  (
  `message_id` bigint(0) NOT NULL COMMENT '点赞留言ID',
  `user_id` bigint(0) NOT NULL COMMENT '用户ID',
  `create_by` varchar(64) CHARACTER SET utf8mb4 COLLATE utf8mb4_general_ci NULL DEFAULT '' COMMENT '创建者',
  `create_time` datetime(0) NULL DEFAULT NULL COMMENT '创建时间',
  `update_by` varchar(64) CHARACTER SET utf8mb4 COLLATE utf8mb4_general_ci NULL DEFAULT '' COMMENT '更新者',
  `update_time` datetime(0) NULL DEFAULT NULL COMMENT '更新时间',
  PRIMARY KEY (`message_id`, `user_id`) USING BTREE
) ENGINE = InnoDB CHARACTER SET = utf8mb4 COLLATE = utf8mb4_general_ci COMMENT = '留言点赞表' ROW_FORMAT = Dynamic;

-- ----------------------------
-- Records of cms_message_like
-- ----------------------------

-- ----------------------------
-- Table structure for cms_tag
-- ----------------------------
DROP TABLE IF EXISTS `cms_tag`;
CREATE TABLE `cms_tag`  (
  `tag_id` bigint(0) NOT NULL AUTO_INCREMENT COMMENT '标签ID',
  `create_by` varchar(64) CHARACTER SET utf8mb4 COLLATE utf8mb4_general_ci NULL DEFAULT '' COMMENT '创建者',
  `create_time` datetime(0) NULL DEFAULT NULL COMMENT '创建时间',
  `update_by` varchar(64) CHARACTER SET utf8mb4 COLLATE utf8mb4_general_ci NULL DEFAULT '' COMMENT '更新者',
  `update_time` datetime(0) NULL DEFAULT NULL COMMENT '更新时间',
  `tag_name` varchar(50) CHARACTER SET utf8mb4 COLLATE utf8mb4_general_ci NOT NULL COMMENT '标签名称',
  PRIMARY KEY (`tag_id`) USING BTREE
) ENGINE = InnoDB AUTO_INCREMENT = 27 CHARACTER SET = utf8mb4 COLLATE = utf8mb4_general_ci COMMENT = '标签信息表' ROW_FORMAT = Dynamic;

-- ----------------------------
-- Records of cms_tag
-- ----------------------------
INSERT INTO `cms_tag` VALUES (20, 'admin', '2022-01-03 22:50:05', 'admin', '2023-10-13 14:21:20', '自拍街拍');
INSERT INTO `cms_tag` VALUES (21, 'admin', '2022-01-03 22:50:23', 'admin', '2023-10-13 14:20:51', '爱护宠物');
INSERT INTO `cms_tag` VALUES (22, 'admin', '2022-01-03 22:50:43', 'admin', '2023-10-13 14:55:09', '电影');
INSERT INTO `cms_tag` VALUES (23, 'admin', '2022-01-03 23:30:28', 'admin', '2023-10-13 14:19:31', '必打卡点');
INSERT INTO `cms_tag` VALUES (24, 'admin', '2022-01-03 23:30:32', 'admin', '2023-10-13 14:19:08', '最美景点');
INSERT INTO `cms_tag` VALUES (25, 'admin', '2022-01-03 23:30:38', 'admin', '2023-10-13 14:18:42', '海鲜大餐');
INSERT INTO `cms_tag` VALUES (26, '若依', '2022-01-04 14:48:26', 'admin', '2023-10-13 14:18:33', '小吃');

-- ----------------------------
-- Table structure for cms_type
-- ----------------------------
DROP TABLE IF EXISTS `cms_type`;
CREATE TABLE `cms_type`  (
  `type_id` bigint(0) NOT NULL AUTO_INCREMENT COMMENT '分类ID',
  `create_by` varchar(64) CHARACTER SET utf8mb4 COLLATE utf8mb4_general_ci NULL DEFAULT '' COMMENT '创建者',
  `create_time` datetime(0) NULL DEFAULT NULL COMMENT '创建时间',
  `update_by` varchar(64) CHARACTER SET utf8mb4 COLLATE utf8mb4_general_ci NULL DEFAULT '' COMMENT '更新者',
  `update_time` datetime(0) NULL DEFAULT NULL COMMENT '更新时间',
  `type_name` varchar(50) CHARACTER SET utf8mb4 COLLATE utf8mb4_general_ci NOT NULL COMMENT '分类名称',
  `type_pic` varchar(100) CHARACTER SET utf8mb4 COLLATE utf8mb4_general_ci NULL DEFAULT '' COMMENT '分类图像（ 1上传）',
  `type_pic_type` char(1) CHARACTER SET utf8mb4 COLLATE utf8mb4_general_ci NULL DEFAULT '0' COMMENT '分类图像类型（0地址 1上传）',
  `type_pic_link` varchar(100) CHARACTER SET utf8mb4 COLLATE utf8mb4_general_ci NULL DEFAULT '' COMMENT '分类图像（ 0地址）',
  PRIMARY KEY (`type_id`) USING BTREE
) ENGINE = InnoDB AUTO_INCREMENT = 17 CHARACTER SET = utf8mb4 COLLATE = utf8mb4_general_ci COMMENT = '分类信息表' ROW_FORMAT = Dynamic;

-- ----------------------------
-- Records of cms_type
-- ----------------------------
INSERT INTO `cms_type` VALUES (10, 'admin', '2022-01-03 23:31:10', 'admin', '2023-10-13 14:22:31', '技术', '', '0', '');
INSERT INTO `cms_type` VALUES (11, 'admin', '2022-01-03 23:31:20', 'admin', '2023-10-13 14:54:43', '电影', '', '0', '');
INSERT INTO `cms_type` VALUES (13, 'admin', '2022-01-03 23:31:29', 'admin', '2023-10-13 14:22:05', '拍照', '', '0', '');
INSERT INTO `cms_type` VALUES (14, '若依', '2022-01-04 14:31:23', 'admin', '2023-10-13 14:21:50', '美食', '', '0', '');
INSERT INTO `cms_type` VALUES (15, 'admin', '2022-01-03 21:35:44', 'admin', '2023-10-13 14:22:56', '歌曲舞蹈', '', '0', '');
INSERT INTO `cms_type` VALUES (16, 'admin', '2022-06-10 16:08:50', 'admin', '2023-10-13 14:21:45', '旅游', '', '0', '');

-- ----------------------------
-- Table structure for gen_table
-- ----------------------------
DROP TABLE IF EXISTS `gen_table`;
CREATE TABLE `gen_table`  (
  `table_id` bigint(0) NOT NULL AUTO_INCREMENT COMMENT '编号',
  `table_name` varchar(200) CHARACTER SET utf8mb4 COLLATE utf8mb4_general_ci NULL DEFAULT '' COMMENT '表名称',
  `table_comment` varchar(500) CHARACTER SET utf8mb4 COLLATE utf8mb4_general_ci NULL DEFAULT '' COMMENT '表描述',
  `sub_table_name` varchar(64) CHARACTER SET utf8mb4 COLLATE utf8mb4_general_ci NULL DEFAULT NULL COMMENT '关联子表的表名',
  `sub_table_fk_name` varchar(64) CHARACTER SET utf8mb4 COLLATE utf8mb4_general_ci NULL DEFAULT NULL COMMENT '子表关联的外键名',
  `class_name` varchar(100) CHARACTER SET utf8mb4 COLLATE utf8mb4_general_ci NULL DEFAULT '' COMMENT '实体类名称',
  `tpl_category` varchar(200) CHARACTER SET utf8mb4 COLLATE utf8mb4_general_ci NULL DEFAULT 'crud' COMMENT '使用的模板（crud单表操作 tree树表操作）',
  `package_name` varchar(100) CHARACTER SET utf8mb4 COLLATE utf8mb4_general_ci NULL DEFAULT NULL COMMENT '生成包路径',
  `module_name` varchar(30) CHARACTER SET utf8mb4 COLLATE utf8mb4_general_ci NULL DEFAULT NULL COMMENT '生成模块名',
  `business_name` varchar(30) CHARACTER SET utf8mb4 COLLATE utf8mb4_general_ci NULL DEFAULT NULL COMMENT '生成业务名',
  `function_name` varchar(50) CHARACTER SET utf8mb4 COLLATE utf8mb4_general_ci NULL DEFAULT NULL COMMENT '生成功能名',
  `function_author` varchar(50) CHARACTER SET utf8mb4 COLLATE utf8mb4_general_ci NULL DEFAULT NULL COMMENT '生成功能作者',
  `gen_type` char(1) CHARACTER SET utf8mb4 COLLATE utf8mb4_general_ci NULL DEFAULT '0' COMMENT '生成代码方式（0zip压缩包 1自定义路径）',
  `gen_path` varchar(200) CHARACTER SET utf8mb4 COLLATE utf8mb4_general_ci NULL DEFAULT '/' COMMENT '生成路径（不填默认项目路径）',
  `options` varchar(1000) CHARACTER SET utf8mb4 COLLATE utf8mb4_general_ci NULL DEFAULT NULL COMMENT '其它生成选项',
  `create_by` varchar(64) CHARACTER SET utf8mb4 COLLATE utf8mb4_general_ci NULL DEFAULT '' COMMENT '创建者',
  `create_time` datetime(0) NULL DEFAULT NULL COMMENT '创建时间',
  `update_by` varchar(64) CHARACTER SET utf8mb4 COLLATE utf8mb4_general_ci NULL DEFAULT '' COMMENT '更新者',
  `update_time` datetime(0) NULL DEFAULT NULL COMMENT '更新时间',
  `remark` varchar(500) CHARACTER SET utf8mb4 COLLATE utf8mb4_general_ci NULL DEFAULT NULL COMMENT '备注',
  PRIMARY KEY (`table_id`) USING BTREE
) ENGINE = InnoDB AUTO_INCREMENT = 12 CHARACTER SET = utf8mb4 COLLATE = utf8mb4_general_ci COMMENT = '代码生成业务表' ROW_FORMAT = Dynamic;

-- ----------------------------
-- Records of gen_table
-- ----------------------------
INSERT INTO `gen_table` VALUES (1, 'sys_order', '订单明细表', '', '', 'SysOrder', 'tree', 'com.ruoyi.system', 'order', 'order', '订单明细', 'ruoyi', '0', '/', '{\"treeCode\":\"order_id\",\"treeName\":\"order_name\",\"treeParentCode\":\"order_group\",\"parentMenuId\":\"2000\"}', 'admin', '2021-12-13 15:54:15', '', '2021-12-22 11:20:25', NULL);
INSERT INTO `gen_table` VALUES (4, 'sys_file_info', '文件信息表', NULL, NULL, 'SysFileInfo', 'crud', 'com.ruoyi.cms.fileInfo', 'cms', 'fileInfo', '文件管理', 'ruoyi', '0', '/', '{\"parentMenuId\":2007}', 'admin', '2021-12-29 14:58:04', '', '2021-12-29 14:59:08', NULL);
INSERT INTO `gen_table` VALUES (6, 'cms_blog', '博客信息表', NULL, NULL, 'CmsBlog', 'crud', 'com.ruoyi.cms.blog', 'cms', 'blog', '文章管理', 'ning', '0', '/', '{\"parentMenuId\":2007}', 'admin', '2022-01-01 22:38:51', '', '2022-01-01 22:40:47', NULL);
INSERT INTO `gen_table` VALUES (7, 'cms_tag', '标签信息表', NULL, NULL, 'CmsTag', 'crud', 'com.ruoyi.cms.tag', 'cms', 'tag', '标签管理', 'ning', '0', '/', '{\"parentMenuId\":2007}', 'admin', '2022-01-02 14:48:25', '', '2022-01-02 14:49:54', NULL);
INSERT INTO `gen_table` VALUES (8, 'cms_type', '分类信息表', NULL, NULL, 'CmsType', 'crud', 'com.ruoyi.cms.type', 'cms', 'type', '分类管理', 'ning', '0', '/', '{\"parentMenuId\":2007}', 'admin', '2022-01-02 15:01:07', '', '2022-01-02 15:02:27', NULL);
INSERT INTO `gen_table` VALUES (10, 'cms_message', '留言表', NULL, NULL, 'CmsMessage', 'crud', 'com.ruoyi.cms.message', 'cms', 'message', '留言管理', 'ning', '0', '/', '{\"parentMenuId\":2007}', 'admin', '2022-01-15 13:56:24', '', '2022-01-15 13:56:57', NULL);
INSERT INTO `gen_table` VALUES (11, 'cms_comment', '评论表', NULL, NULL, 'CmsComment', 'crud', 'com.ruoyi.cms.comment', 'cms', 'comment', '评论管理', 'ning', '0', '/', '{\"parentMenuId\":2007}', 'admin', '2022-01-21 09:16:31', '', '2022-01-21 10:13:56', NULL);

-- ----------------------------
-- Table structure for gen_table_column
-- ----------------------------
DROP TABLE IF EXISTS `gen_table_column`;
CREATE TABLE `gen_table_column`  (
  `column_id` bigint(0) NOT NULL AUTO_INCREMENT COMMENT '编号',
  `table_id` varchar(64) CHARACTER SET utf8mb4 COLLATE utf8mb4_general_ci NULL DEFAULT NULL COMMENT '归属表编号',
  `column_name` varchar(200) CHARACTER SET utf8mb4 COLLATE utf8mb4_general_ci NULL DEFAULT NULL COMMENT '列名称',
  `column_comment` varchar(500) CHARACTER SET utf8mb4 COLLATE utf8mb4_general_ci NULL DEFAULT NULL COMMENT '列描述',
  `column_type` varchar(100) CHARACTER SET utf8mb4 COLLATE utf8mb4_general_ci NULL DEFAULT NULL COMMENT '列类型',
  `java_type` varchar(500) CHARACTER SET utf8mb4 COLLATE utf8mb4_general_ci NULL DEFAULT NULL COMMENT 'JAVA类型',
  `java_field` varchar(200) CHARACTER SET utf8mb4 COLLATE utf8mb4_general_ci NULL DEFAULT NULL COMMENT 'JAVA字段名',
  `is_pk` char(1) CHARACTER SET utf8mb4 COLLATE utf8mb4_general_ci NULL DEFAULT NULL COMMENT '是否主键（1是）',
  `is_increment` char(1) CHARACTER SET utf8mb4 COLLATE utf8mb4_general_ci NULL DEFAULT NULL COMMENT '是否自增（1是）',
  `is_required` char(1) CHARACTER SET utf8mb4 COLLATE utf8mb4_general_ci NULL DEFAULT NULL COMMENT '是否必填（1是）',
  `is_insert` char(1) CHARACTER SET utf8mb4 COLLATE utf8mb4_general_ci NULL DEFAULT NULL COMMENT '是否为插入字段（1是）',
  `is_edit` char(1) CHARACTER SET utf8mb4 COLLATE utf8mb4_general_ci NULL DEFAULT NULL COMMENT '是否编辑字段（1是）',
  `is_list` char(1) CHARACTER SET utf8mb4 COLLATE utf8mb4_general_ci NULL DEFAULT NULL COMMENT '是否列表字段（1是）',
  `is_query` char(1) CHARACTER SET utf8mb4 COLLATE utf8mb4_general_ci NULL DEFAULT NULL COMMENT '是否查询字段（1是）',
  `query_type` varchar(200) CHARACTER SET utf8mb4 COLLATE utf8mb4_general_ci NULL DEFAULT 'EQ' COMMENT '查询方式（等于、不等于、大于、小于、范围）',
  `html_type` varchar(200) CHARACTER SET utf8mb4 COLLATE utf8mb4_general_ci NULL DEFAULT NULL COMMENT '显示类型（文本框、文本域、下拉框、复选框、单选框、日期控件）',
  `dict_type` varchar(200) CHARACTER SET utf8mb4 COLLATE utf8mb4_general_ci NULL DEFAULT '' COMMENT '字典类型',
  `sort` int(0) NULL DEFAULT NULL COMMENT '排序',
  `create_by` varchar(64) CHARACTER SET utf8mb4 COLLATE utf8mb4_general_ci NULL DEFAULT '' COMMENT '创建者',
  `create_time` datetime(0) NULL DEFAULT NULL COMMENT '创建时间',
  `update_by` varchar(64) CHARACTER SET utf8mb4 COLLATE utf8mb4_general_ci NULL DEFAULT '' COMMENT '更新者',
  `update_time` datetime(0) NULL DEFAULT NULL COMMENT '更新时间',
  PRIMARY KEY (`column_id`) USING BTREE
) ENGINE = InnoDB AUTO_INCREMENT = 111 CHARACTER SET = utf8mb4 COLLATE = utf8mb4_general_ci COMMENT = '代码生成业务表字段' ROW_FORMAT = Dynamic;

-- ----------------------------
-- Records of gen_table_column
-- ----------------------------
INSERT INTO `gen_table_column` VALUES (1, '1', 'order_id', '订单ID', 'bigint(20)', 'Long', 'orderId', '1', '1', NULL, '1', NULL, NULL, NULL, 'EQ', 'input', '', 1, 'admin', '2021-12-13 15:54:15', '', '2021-12-22 11:20:25');
INSERT INTO `gen_table_column` VALUES (2, '1', 'order_name', '订单名称', 'varchar(64)', 'String', 'orderName', '0', '0', '1', '1', '1', '1', '1', 'LIKE', 'input', '', 2, 'admin', '2021-12-13 15:54:15', '', '2021-12-22 11:20:25');
INSERT INTO `gen_table_column` VALUES (3, '1', 'order_group', '订单组名', 'varchar(64)', 'String', 'orderGroup', '0', '0', '1', '1', '1', '1', '1', 'EQ', 'select', 'sys_oper_type', 3, 'admin', '2021-12-13 15:54:15', '', '2021-12-22 11:20:25');
INSERT INTO `gen_table_column` VALUES (4, '1', 'remark', '备注', 'varchar(500)', 'String', 'remark', '0', '0', NULL, '1', '1', '1', NULL, 'EQ', 'editor', '', 4, '', '2021-12-22 11:16:52', '', '2021-12-22 11:20:25');
INSERT INTO `gen_table_column` VALUES (31, '4', 'file_id', '文件主键id', 'bigint(20)', 'Long', 'fileId', '1', '1', NULL, '1', NULL, NULL, NULL, 'EQ', 'input', '', 1, 'admin', '2021-12-29 14:58:04', '', '2021-12-29 14:59:08');
INSERT INTO `gen_table_column` VALUES (32, '4', 'file_origin_name', '文件名称', 'varchar(255)', 'String', 'fileOriginName', '0', '0', '1', '1', '1', '1', '1', 'LIKE', 'input', '', 2, 'admin', '2021-12-29 14:58:04', '', '2021-12-29 14:59:08');
INSERT INTO `gen_table_column` VALUES (33, '4', 'file_suffix', '文件类型，例如txt', 'varchar(255)', 'String', 'fileSuffix', '0', '0', NULL, '1', '1', '1', '1', 'EQ', 'input', '', 3, 'admin', '2021-12-29 14:58:04', '', '2021-12-29 14:59:08');
INSERT INTO `gen_table_column` VALUES (34, '4', 'file_size_info', '文件大小', 'varchar(255)', 'String', 'fileSizeInfo', '0', '0', NULL, '1', '1', '1', '1', 'EQ', 'input', '', 4, 'admin', '2021-12-29 14:58:04', '', '2021-12-29 14:59:08');
INSERT INTO `gen_table_column` VALUES (35, '4', 'file_object_name', '存储文件名称', 'varchar(255)', 'String', 'fileObjectName', '0', '0', NULL, '1', '1', '1', '1', 'EQ', 'input', '', 5, 'admin', '2021-12-29 14:58:04', '', '2021-12-29 14:59:08');
INSERT INTO `gen_table_column` VALUES (36, '4', 'file_path', '存储路径', 'varchar(255)', 'String', 'filePath', '0', '0', NULL, '1', '1', '1', '1', 'EQ', 'input', '', 6, 'admin', '2021-12-29 14:58:04', '', '2021-12-29 14:59:08');
INSERT INTO `gen_table_column` VALUES (37, '4', 'del_flag', '是否删除：Y-被删除，N-未删除', 'char(1)', 'String', 'delFlag', '0', '0', '1', '1', NULL, NULL, NULL, 'EQ', 'input', '', 7, 'admin', '2021-12-29 14:58:04', '', '2021-12-29 14:59:08');
INSERT INTO `gen_table_column` VALUES (38, '4', 'create_by', '创建者', 'varchar(64)', 'String', 'createBy', '0', '0', NULL, '1', NULL, NULL, NULL, 'EQ', 'input', '', 8, 'admin', '2021-12-29 14:58:04', '', '2021-12-29 14:59:08');
INSERT INTO `gen_table_column` VALUES (39, '4', 'create_time', '创建时间', 'datetime', 'Date', 'createTime', '0', '0', NULL, '1', NULL, NULL, NULL, 'EQ', 'datetime', '', 9, 'admin', '2021-12-29 14:58:04', '', '2021-12-29 14:59:08');
INSERT INTO `gen_table_column` VALUES (40, '4', 'update_by', '更新者', 'varchar(64)', 'String', 'updateBy', '0', '0', NULL, '1', '1', NULL, NULL, 'EQ', 'input', '', 10, 'admin', '2021-12-29 14:58:04', '', '2021-12-29 14:59:08');
INSERT INTO `gen_table_column` VALUES (41, '4', 'update_time', '更新时间', 'datetime', 'Date', 'updateTime', '0', '0', NULL, '1', '1', NULL, NULL, 'EQ', 'datetime', '', 11, 'admin', '2021-12-29 14:58:04', '', '2021-12-29 14:59:08');
INSERT INTO `gen_table_column` VALUES (52, '6', 'id', 'ID', 'bigint(20)', 'Long', 'id', '1', '1', NULL, '1', NULL, NULL, NULL, 'EQ', 'input', '', 1, 'admin', '2022-01-01 22:38:51', '', '2022-01-01 22:40:47');
INSERT INTO `gen_table_column` VALUES (53, '6', 'create_by', '创建者', 'varchar(64)', 'String', 'createBy', '0', '0', NULL, '1', NULL, NULL, NULL, 'EQ', 'input', '', 2, 'admin', '2022-01-01 22:38:51', '', '2022-01-01 22:40:47');
INSERT INTO `gen_table_column` VALUES (54, '6', 'create_time', '创建时间', 'datetime', 'Date', 'createTime', '0', '0', NULL, '1', NULL, NULL, NULL, 'EQ', 'datetime', '', 3, 'admin', '2022-01-01 22:38:51', '', '2022-01-01 22:40:47');
INSERT INTO `gen_table_column` VALUES (55, '6', 'update_by', '更新者', 'varchar(64)', 'String', 'updateBy', '0', '0', NULL, '1', '1', NULL, NULL, 'EQ', 'input', '', 4, 'admin', '2022-01-01 22:38:51', '', '2022-01-01 22:40:47');
INSERT INTO `gen_table_column` VALUES (56, '6', 'update_time', '更新时间', 'datetime', 'Date', 'updateTime', '0', '0', NULL, '1', '1', NULL, NULL, 'EQ', 'datetime', '', 5, 'admin', '2022-01-01 22:38:51', '', '2022-01-01 22:40:47');
INSERT INTO `gen_table_column` VALUES (57, '6', 'title', '标题', 'varchar(50)', 'String', 'title', '0', '0', '1', '1', '1', '1', '1', 'LIKE', 'input', '', 6, 'admin', '2022-01-01 22:38:51', '', '2022-01-01 22:40:47');
INSERT INTO `gen_table_column` VALUES (58, '6', 'type', '类型', 'char(1)', 'String', 'type', '0', '0', '1', '1', '1', '1', '1', 'EQ', 'select', '', 7, 'admin', '2022-01-01 22:38:51', '', '2022-01-01 22:40:47');
INSERT INTO `gen_table_column` VALUES (59, '6', 'content', '内容', 'longblob', 'String', 'content', '0', '0', NULL, '1', '1', '1', '1', 'EQ', 'editor', '', 8, 'admin', '2022-01-01 22:38:51', '', '2022-01-01 22:40:47');
INSERT INTO `gen_table_column` VALUES (60, '6', 'Top', '置顶（0否 1是）', 'char(1)', 'String', 'top', '0', '0', NULL, '1', '1', '1', '1', 'EQ', 'radio', '', 9, 'admin', '2022-01-01 22:38:51', '', '2022-01-01 22:40:47');
INSERT INTO `gen_table_column` VALUES (61, '6', 'views', '阅读', 'int(11)', 'Long', 'views', '0', '0', NULL, '1', '1', '1', '1', 'EQ', 'input', '', 10, 'admin', '2022-01-01 22:38:51', '', '2022-01-01 22:40:47');
INSERT INTO `gen_table_column` VALUES (62, '6', 'status', '状态（0暂存 1发布）', 'char(1)', 'String', 'status', '0', '0', NULL, '1', '1', '1', '1', 'EQ', 'radio', 'cms_blog_status', 11, 'admin', '2022-01-01 22:38:51', '', '2022-01-01 22:40:47');
INSERT INTO `gen_table_column` VALUES (63, '7', 'tag_id', '标签ID', 'bigint(20)', 'Long', 'tagId', '1', '1', NULL, '1', NULL, NULL, NULL, 'EQ', 'input', '', 1, 'admin', '2022-01-02 14:48:25', '', '2022-01-02 14:49:54');
INSERT INTO `gen_table_column` VALUES (64, '7', 'create_by', '创建者', 'varchar(64)', 'String', 'createBy', '0', '0', NULL, '1', NULL, NULL, NULL, 'EQ', 'input', '', 2, 'admin', '2022-01-02 14:48:25', '', '2022-01-02 14:49:54');
INSERT INTO `gen_table_column` VALUES (65, '7', 'create_time', '创建时间', 'datetime', 'Date', 'createTime', '0', '0', NULL, '1', NULL, NULL, NULL, 'EQ', 'datetime', '', 3, 'admin', '2022-01-02 14:48:25', '', '2022-01-02 14:49:54');
INSERT INTO `gen_table_column` VALUES (66, '7', 'update_by', '更新者', 'varchar(64)', 'String', 'updateBy', '0', '0', NULL, '1', '1', NULL, NULL, 'EQ', 'input', '', 4, 'admin', '2022-01-02 14:48:25', '', '2022-01-02 14:49:54');
INSERT INTO `gen_table_column` VALUES (67, '7', 'update_time', '更新时间', 'datetime', 'Date', 'updateTime', '0', '0', NULL, '1', '1', NULL, NULL, 'EQ', 'datetime', '', 5, 'admin', '2022-01-02 14:48:25', '', '2022-01-02 14:49:54');
INSERT INTO `gen_table_column` VALUES (68, '7', 'tag_name', '标签名称', 'varchar(50)', 'String', 'tagName', '0', '0', '1', '1', '1', '1', '1', 'LIKE', 'input', '', 6, 'admin', '2022-01-02 14:48:25', '', '2022-01-02 14:49:54');
INSERT INTO `gen_table_column` VALUES (69, '8', 'type_id', '分类ID', 'bigint(20)', 'Long', 'typeId', '1', '1', NULL, '1', NULL, NULL, NULL, 'EQ', 'input', '', 1, 'admin', '2022-01-02 15:01:07', '', '2022-01-02 15:02:27');
INSERT INTO `gen_table_column` VALUES (70, '8', 'create_by', '创建者', 'varchar(64)', 'String', 'createBy', '0', '0', NULL, '1', NULL, NULL, NULL, 'EQ', 'input', '', 2, 'admin', '2022-01-02 15:01:07', '', '2022-01-02 15:02:27');
INSERT INTO `gen_table_column` VALUES (71, '8', 'create_time', '创建时间', 'datetime', 'Date', 'createTime', '0', '0', NULL, '1', NULL, NULL, NULL, 'EQ', 'datetime', '', 3, 'admin', '2022-01-02 15:01:07', '', '2022-01-02 15:02:27');
INSERT INTO `gen_table_column` VALUES (72, '8', 'update_by', '更新者', 'varchar(64)', 'String', 'updateBy', '0', '0', NULL, '1', '1', NULL, NULL, 'EQ', 'input', '', 4, 'admin', '2022-01-02 15:01:07', '', '2022-01-02 15:02:27');
INSERT INTO `gen_table_column` VALUES (73, '8', 'update_time', '更新时间', 'datetime', 'Date', 'updateTime', '0', '0', NULL, '1', '1', NULL, NULL, 'EQ', 'datetime', '', 5, 'admin', '2022-01-02 15:01:07', '', '2022-01-02 15:02:27');
INSERT INTO `gen_table_column` VALUES (74, '8', 'type_name', '分类名称', 'varchar(50)', 'String', 'typeName', '0', '0', '1', '1', '1', '1', '1', 'LIKE', 'input', '', 6, 'admin', '2022-01-02 15:01:07', '', '2022-01-02 15:02:27');
INSERT INTO `gen_table_column` VALUES (75, '8', 'type_pic', '分类图像', 'varchar(100)', 'String', 'typePic', '0', '0', NULL, '1', '1', '1', '1', 'EQ', 'imageUpload', '', 7, 'admin', '2022-01-02 15:01:07', '', '2022-01-02 15:02:27');
INSERT INTO `gen_table_column` VALUES (87, '10', 'id', 'ID', 'bigint(20)', 'Long', 'id', '1', '1', NULL, '1', NULL, NULL, NULL, 'EQ', 'input', '', 1, 'admin', '2022-01-15 13:56:24', '', '2022-01-15 13:56:57');
INSERT INTO `gen_table_column` VALUES (88, '10', 'parent_id', '父留言id', 'bigint(20)', 'Long', 'parentId', '0', '0', NULL, '1', '1', '1', '1', 'EQ', 'input', '', 2, 'admin', '2022-01-15 13:56:24', '', '2022-01-15 13:56:57');
INSERT INTO `gen_table_column` VALUES (89, '10', 'like_num', '点赞数量', 'int(11)', 'Long', 'likeNum', '0', '0', NULL, '1', '1', '1', '1', 'EQ', 'input', '', 3, 'admin', '2022-01-15 13:56:24', '', '2022-01-15 13:56:57');
INSERT INTO `gen_table_column` VALUES (90, '10', 'content', '内容', 'varchar(255)', 'String', 'content', '0', '0', NULL, '1', '1', '1', '1', 'EQ', 'textarea', '', 4, 'admin', '2022-01-15 13:56:24', '', '2022-01-15 13:56:57');
INSERT INTO `gen_table_column` VALUES (91, '10', 'type', '留言类型：对人评论，对项目评论，对资源评论', 'char(1)', 'String', 'type', '0', '0', NULL, '1', '1', '1', '1', 'EQ', 'select', '', 5, 'admin', '2022-01-15 13:56:24', '', '2022-01-15 13:56:57');
INSERT INTO `gen_table_column` VALUES (92, '10', 'blog_id', '被留言者id，可以是人、项目、资源', 'bigint(20)', 'Long', 'blogId', '0', '0', NULL, '1', '1', '1', '1', 'EQ', 'input', '', 6, 'admin', '2022-01-15 13:56:24', '', '2022-01-15 13:56:57');
INSERT INTO `gen_table_column` VALUES (93, '10', 'user_id', '留言者id', 'bigint(20)', 'Long', 'userId', '0', '0', NULL, '1', '1', '1', '1', 'EQ', 'input', '', 7, 'admin', '2022-01-15 13:56:24', '', '2022-01-15 13:56:57');
INSERT INTO `gen_table_column` VALUES (94, '10', 'create_by', '创建者', 'varchar(64)', 'String', 'createBy', '0', '0', NULL, '1', NULL, NULL, NULL, 'EQ', 'input', '', 8, 'admin', '2022-01-15 13:56:24', '', '2022-01-15 13:56:57');
INSERT INTO `gen_table_column` VALUES (95, '10', 'create_time', '创建时间', 'datetime', 'Date', 'createTime', '0', '0', NULL, '1', NULL, NULL, NULL, 'EQ', 'datetime', '', 9, 'admin', '2022-01-15 13:56:24', '', '2022-01-15 13:56:57');
INSERT INTO `gen_table_column` VALUES (96, '10', 'update_by', '更新者', 'varchar(64)', 'String', 'updateBy', '0', '0', NULL, '1', '1', NULL, NULL, 'EQ', 'input', '', 10, 'admin', '2022-01-15 13:56:24', '', '2022-01-15 13:56:57');
INSERT INTO `gen_table_column` VALUES (97, '10', 'update_time', '更新时间', 'datetime', 'Date', 'updateTime', '0', '0', NULL, '1', '1', NULL, NULL, 'EQ', 'datetime', '', 11, 'admin', '2022-01-15 13:56:24', '', '2022-01-15 13:56:57');
INSERT INTO `gen_table_column` VALUES (98, '11', 'id', 'ID', 'bigint(20)', 'Long', 'id', '1', '1', NULL, '1', NULL, NULL, NULL, 'EQ', 'input', '', 1, 'admin', '2022-01-21 09:16:31', '', '2022-01-21 10:13:56');
INSERT INTO `gen_table_column` VALUES (99, '11', 'parent_id', '父评论id', 'bigint(20)', 'Long', 'parentId', '0', '0', NULL, '1', '1', '1', '1', 'EQ', 'input', '', 2, 'admin', '2022-01-21 09:16:31', '', '2022-01-21 10:13:56');
INSERT INTO `gen_table_column` VALUES (100, '11', 'main_id', '主评论id(第一级评论)', 'bigint(20)', 'Long', 'mainId', '0', '0', NULL, '1', '1', '1', '1', 'EQ', 'input', '', 3, 'admin', '2022-01-21 09:16:31', '', '2022-01-21 10:13:56');
INSERT INTO `gen_table_column` VALUES (101, '11', 'like_num', '点赞数量', 'int(11)', 'Long', 'likeNum', '0', '0', NULL, '1', '1', '1', '1', 'EQ', 'input', '', 4, 'admin', '2022-01-21 09:16:31', '', '2022-01-21 10:13:56');
INSERT INTO `gen_table_column` VALUES (102, '11', 'content', '内容', 'varchar(255)', 'String', 'content', '0', '0', NULL, '1', '1', '1', '1', 'LIKE', 'textarea', '', 5, 'admin', '2022-01-21 09:16:31', '', '2022-01-21 10:13:56');
INSERT INTO `gen_table_column` VALUES (103, '11', 'type', '评论类型：对人评论，对项目评论，对资源评论', 'char(1)', 'String', 'type', '0', '0', NULL, '1', '1', '1', '1', 'EQ', 'select', '', 6, 'admin', '2022-01-21 09:16:31', '', '2022-01-21 10:13:56');
INSERT INTO `gen_table_column` VALUES (104, '11', 'blog_id', '被评论者id，可以是人、项目、资源', 'bigint(20)', 'Long', 'blogId', '0', '0', NULL, '1', '1', '1', '1', 'EQ', 'input', '', 7, 'admin', '2022-01-21 09:16:31', '', '2022-01-21 10:13:56');
INSERT INTO `gen_table_column` VALUES (105, '11', 'del_flag', '删除标志（0代表存在 1代表删除）', 'char(1)', 'String', 'delFlag', '0', '0', NULL, '1', NULL, NULL, NULL, 'EQ', 'input', '', 8, 'admin', '2022-01-21 09:16:31', '', '2022-01-21 10:13:56');
INSERT INTO `gen_table_column` VALUES (106, '11', 'user_id', '评论者id', 'bigint(20)', 'Long', 'userId', '0', '0', NULL, '1', '1', '1', '1', 'EQ', 'input', '', 9, 'admin', '2022-01-21 09:16:31', '', '2022-01-21 10:13:56');
INSERT INTO `gen_table_column` VALUES (107, '11', 'create_by', '创建者', 'varchar(64)', 'String', 'createBy', '0', '0', NULL, '1', NULL, NULL, NULL, 'EQ', 'input', '', 10, 'admin', '2022-01-21 09:16:31', '', '2022-01-21 10:13:56');
INSERT INTO `gen_table_column` VALUES (108, '11', 'create_time', '创建时间', 'datetime', 'Date', 'createTime', '0', '0', NULL, '1', NULL, NULL, NULL, 'EQ', 'datetime', '', 11, 'admin', '2022-01-21 09:16:31', '', '2022-01-21 10:13:56');
INSERT INTO `gen_table_column` VALUES (109, '11', 'update_by', '更新者', 'varchar(64)', 'String', 'updateBy', '0', '0', NULL, '1', '1', NULL, NULL, 'EQ', 'input', '', 12, 'admin', '2022-01-21 09:16:31', '', '2022-01-21 10:13:56');
INSERT INTO `gen_table_column` VALUES (110, '11', 'update_time', '更新时间', 'datetime', 'Date', 'updateTime', '0', '0', NULL, '1', '1', NULL, NULL, 'EQ', 'datetime', '', 13, 'admin', '2022-01-21 09:16:31', '', '2022-01-21 10:13:56');

-- ----------------------------
-- Table structure for qrtz_blob_triggers
-- ----------------------------
DROP TABLE IF EXISTS `qrtz_blob_triggers`;
CREATE TABLE `qrtz_blob_triggers`  (
  `sched_name` varchar(120) CHARACTER SET utf8mb4 COLLATE utf8mb4_general_ci NOT NULL COMMENT '调度名称',
  `trigger_name` varchar(200) CHARACTER SET utf8mb4 COLLATE utf8mb4_general_ci NOT NULL COMMENT 'qrtz_triggers表trigger_name的外键',
  `trigger_group` varchar(200) CHARACTER SET utf8mb4 COLLATE utf8mb4_general_ci NOT NULL COMMENT 'qrtz_triggers表trigger_group的外键',
  `blob_data` blob NULL COMMENT '存放持久化Trigger对象',
  PRIMARY KEY (`sched_name`, `trigger_name`, `trigger_group`) USING BTREE,
  CONSTRAINT `QRTZ_BLOB_TRIGGERS_IBFK_1` FOREIGN KEY (`sched_name`, `trigger_name`, `trigger_group`) REFERENCES `qrtz_triggers` (`sched_name`, `trigger_name`, `trigger_group`) ON DELETE RESTRICT ON UPDATE RESTRICT
) ENGINE = InnoDB CHARACTER SET = utf8mb4 COLLATE = utf8mb4_general_ci COMMENT = 'Blob类型的触发器表' ROW_FORMAT = Dynamic;

-- ----------------------------
-- Records of qrtz_blob_triggers
-- ----------------------------

-- ----------------------------
-- Table structure for qrtz_calendars
-- ----------------------------
DROP TABLE IF EXISTS `qrtz_calendars`;
CREATE TABLE `qrtz_calendars`  (
  `sched_name` varchar(120) CHARACTER SET utf8mb4 COLLATE utf8mb4_general_ci NOT NULL COMMENT '调度名称',
  `calendar_name` varchar(200) CHARACTER SET utf8mb4 COLLATE utf8mb4_general_ci NOT NULL COMMENT '日历名称',
  `calendar` blob NOT NULL COMMENT '存放持久化calendar对象',
  PRIMARY KEY (`sched_name`, `calendar_name`) USING BTREE
) ENGINE = InnoDB CHARACTER SET = utf8mb4 COLLATE = utf8mb4_general_ci COMMENT = '日历信息表' ROW_FORMAT = Dynamic;

-- ----------------------------
-- Records of qrtz_calendars
-- ----------------------------

-- ----------------------------
-- Table structure for qrtz_cron_triggers
-- ----------------------------
DROP TABLE IF EXISTS `qrtz_cron_triggers`;
CREATE TABLE `qrtz_cron_triggers`  (
  `sched_name` varchar(120) CHARACTER SET utf8mb4 COLLATE utf8mb4_general_ci NOT NULL COMMENT '调度名称',
  `trigger_name` varchar(200) CHARACTER SET utf8mb4 COLLATE utf8mb4_general_ci NOT NULL COMMENT 'qrtz_triggers表trigger_name的外键',
  `trigger_group` varchar(200) CHARACTER SET utf8mb4 COLLATE utf8mb4_general_ci NOT NULL COMMENT 'qrtz_triggers表trigger_group的外键',
  `cron_expression` varchar(200) CHARACTER SET utf8mb4 COLLATE utf8mb4_general_ci NOT NULL COMMENT 'cron表达式',
  `time_zone_id` varchar(80) CHARACTER SET utf8mb4 COLLATE utf8mb4_general_ci NULL DEFAULT NULL COMMENT '时区',
  PRIMARY KEY (`sched_name`, `trigger_name`, `trigger_group`) USING BTREE,
  CONSTRAINT `QRTZ_CRON_TRIGGERS_IBFK_1` FOREIGN KEY (`sched_name`, `trigger_name`, `trigger_group`) REFERENCES `qrtz_triggers` (`sched_name`, `trigger_name`, `trigger_group`) ON DELETE RESTRICT ON UPDATE RESTRICT
) ENGINE = InnoDB CHARACTER SET = utf8mb4 COLLATE = utf8mb4_general_ci COMMENT = 'Cron类型的触发器表' ROW_FORMAT = Dynamic;

-- ----------------------------
-- Records of qrtz_cron_triggers
-- ----------------------------
INSERT INTO `qrtz_cron_triggers` VALUES ('RuoyiScheduler', 'TASK_CLASS_NAME1', 'DEFAULT', '0/10 * * * * ?', 'Asia/Shanghai');
INSERT INTO `qrtz_cron_triggers` VALUES ('RuoyiScheduler', 'TASK_CLASS_NAME2', 'DEFAULT', '0/15 * * * * ?', 'Asia/Shanghai');
INSERT INTO `qrtz_cron_triggers` VALUES ('RuoyiScheduler', 'TASK_CLASS_NAME3', 'DEFAULT', '0/20 * * * * ?', 'Asia/Shanghai');

-- ----------------------------
-- Table structure for qrtz_fired_triggers
-- ----------------------------
DROP TABLE IF EXISTS `qrtz_fired_triggers`;
CREATE TABLE `qrtz_fired_triggers`  (
  `sched_name` varchar(120) CHARACTER SET utf8mb4 COLLATE utf8mb4_general_ci NOT NULL COMMENT '调度名称',
  `entry_id` varchar(95) CHARACTER SET utf8mb4 COLLATE utf8mb4_general_ci NOT NULL COMMENT '调度器实例id',
  `trigger_name` varchar(200) CHARACTER SET utf8mb4 COLLATE utf8mb4_general_ci NOT NULL COMMENT 'qrtz_triggers表trigger_name的外键',
  `trigger_group` varchar(200) CHARACTER SET utf8mb4 COLLATE utf8mb4_general_ci NOT NULL COMMENT 'qrtz_triggers表trigger_group的外键',
  `instance_name` varchar(200) CHARACTER SET utf8mb4 COLLATE utf8mb4_general_ci NOT NULL COMMENT '调度器实例名',
  `fired_time` bigint(0) NOT NULL COMMENT '触发的时间',
  `sched_time` bigint(0) NOT NULL COMMENT '定时器制定的时间',
  `priority` int(0) NOT NULL COMMENT '优先级',
  `state` varchar(16) CHARACTER SET utf8mb4 COLLATE utf8mb4_general_ci NOT NULL COMMENT '状态',
  `job_name` varchar(200) CHARACTER SET utf8mb4 COLLATE utf8mb4_general_ci NULL DEFAULT NULL COMMENT '任务名称',
  `job_group` varchar(200) CHARACTER SET utf8mb4 COLLATE utf8mb4_general_ci NULL DEFAULT NULL COMMENT '任务组名',
  `is_nonconcurrent` varchar(1) CHARACTER SET utf8mb4 COLLATE utf8mb4_general_ci NULL DEFAULT NULL COMMENT '是否并发',
  `requests_recovery` varchar(1) CHARACTER SET utf8mb4 COLLATE utf8mb4_general_ci NULL DEFAULT NULL COMMENT '是否接受恢复执行',
  PRIMARY KEY (`sched_name`, `entry_id`) USING BTREE
) ENGINE = InnoDB CHARACTER SET = utf8mb4 COLLATE = utf8mb4_general_ci COMMENT = '已触发的触发器表' ROW_FORMAT = Dynamic;

-- ----------------------------
-- Records of qrtz_fired_triggers
-- ----------------------------

-- ----------------------------
-- Table structure for qrtz_job_details
-- ----------------------------
DROP TABLE IF EXISTS `qrtz_job_details`;
CREATE TABLE `qrtz_job_details`  (
  `sched_name` varchar(120) CHARACTER SET utf8mb4 COLLATE utf8mb4_general_ci NOT NULL COMMENT '调度名称',
  `job_name` varchar(200) CHARACTER SET utf8mb4 COLLATE utf8mb4_general_ci NOT NULL COMMENT '任务名称',
  `job_group` varchar(200) CHARACTER SET utf8mb4 COLLATE utf8mb4_general_ci NOT NULL COMMENT '任务组名',
  `description` varchar(250) CHARACTER SET utf8mb4 COLLATE utf8mb4_general_ci NULL DEFAULT NULL COMMENT '相关介绍',
  `job_class_name` varchar(250) CHARACTER SET utf8mb4 COLLATE utf8mb4_general_ci NOT NULL COMMENT '执行任务类名称',
  `is_durable` varchar(1) CHARACTER SET utf8mb4 COLLATE utf8mb4_general_ci NOT NULL COMMENT '是否持久化',
  `is_nonconcurrent` varchar(1) CHARACTER SET utf8mb4 COLLATE utf8mb4_general_ci NOT NULL COMMENT '是否并发',
  `is_update_data` varchar(1) CHARACTER SET utf8mb4 COLLATE utf8mb4_general_ci NOT NULL COMMENT '是否更新数据',
  `requests_recovery` varchar(1) CHARACTER SET utf8mb4 COLLATE utf8mb4_general_ci NOT NULL COMMENT '是否接受恢复执行',
  `job_data` blob NULL COMMENT '存放持久化job对象',
  PRIMARY KEY (`sched_name`, `job_name`, `job_group`) USING BTREE
) ENGINE = InnoDB CHARACTER SET = utf8mb4 COLLATE = utf8mb4_general_ci COMMENT = '任务详细信息表' ROW_FORMAT = Dynamic;

-- ----------------------------
-- Records of qrtz_job_details
-- ----------------------------
INSERT INTO `qrtz_job_details` VALUES ('RuoyiScheduler', 'TASK_CLASS_NAME1', 'DEFAULT', NULL, 'com.ruoyi.quartz.util.QuartzDisallowConcurrentExecution', '0', '1', '0', '0', 0xACED0005737200156F72672E71756172747A2E4A6F62446174614D61709FB083E8BFA9B0CB020000787200266F72672E71756172747A2E7574696C732E537472696E674B65794469727479466C61674D61708208E8C3FBC55D280200015A0013616C6C6F77735472616E7369656E74446174617872001D6F72672E71756172747A2E7574696C732E4469727479466C61674D617013E62EAD28760ACE0200025A000564697274794C00036D617074000F4C6A6176612F7574696C2F4D61703B787001737200116A6176612E7574696C2E486173684D61700507DAC1C31660D103000246000A6C6F6164466163746F724900097468726573686F6C6478703F4000000000000C7708000000100000000174000F5441534B5F50524F504552544945537372001E636F6D2E72756F79692E71756172747A2E646F6D61696E2E5379734A6F6200000000000000010200084C000A636F6E63757272656E747400124C6A6176612F6C616E672F537472696E673B4C000E63726F6E45787072657373696F6E71007E00094C000C696E766F6B6554617267657471007E00094C00086A6F6247726F757071007E00094C00056A6F6249647400104C6A6176612F6C616E672F4C6F6E673B4C00076A6F624E616D6571007E00094C000D6D697366697265506F6C69637971007E00094C000673746174757371007E000978720027636F6D2E72756F79692E636F6D6D6F6E2E636F72652E646F6D61696E2E42617365456E7469747900000000000000010200074C0008637265617465427971007E00094C000A63726561746554696D657400104C6A6176612F7574696C2F446174653B4C0006706172616D7371007E00034C000672656D61726B71007E00094C000B73656172636856616C756571007E00094C0008757064617465427971007E00094C000A75706461746554696D6571007E000C787074000561646D696E7372000E6A6176612E7574696C2E44617465686A81014B597419030000787077080000017DA2F87E3078707400007070707400013174000E302F3130202A202A202A202A203F74001172795461736B2E72794E6F506172616D7374000744454641554C547372000E6A6176612E6C616E672E4C6F6E673B8BE490CC8F23DF0200014A000576616C7565787200106A6176612E6C616E672E4E756D62657286AC951D0B94E08B02000078700000000000000001740018E7B3BBE7BB9FE9BB98E8AEA4EFBC88E697A0E58F82EFBC8974000133740001317800);
INSERT INTO `qrtz_job_details` VALUES ('RuoyiScheduler', 'TASK_CLASS_NAME2', 'DEFAULT', NULL, 'com.ruoyi.quartz.util.QuartzDisallowConcurrentExecution', '0', '1', '0', '0', 0xACED0005737200156F72672E71756172747A2E4A6F62446174614D61709FB083E8BFA9B0CB020000787200266F72672E71756172747A2E7574696C732E537472696E674B65794469727479466C61674D61708208E8C3FBC55D280200015A0013616C6C6F77735472616E7369656E74446174617872001D6F72672E71756172747A2E7574696C732E4469727479466C61674D617013E62EAD28760ACE0200025A000564697274794C00036D617074000F4C6A6176612F7574696C2F4D61703B787001737200116A6176612E7574696C2E486173684D61700507DAC1C31660D103000246000A6C6F6164466163746F724900097468726573686F6C6478703F4000000000000C7708000000100000000174000F5441534B5F50524F504552544945537372001E636F6D2E72756F79692E71756172747A2E646F6D61696E2E5379734A6F6200000000000000010200084C000A636F6E63757272656E747400124C6A6176612F6C616E672F537472696E673B4C000E63726F6E45787072657373696F6E71007E00094C000C696E766F6B6554617267657471007E00094C00086A6F6247726F757071007E00094C00056A6F6249647400104C6A6176612F6C616E672F4C6F6E673B4C00076A6F624E616D6571007E00094C000D6D697366697265506F6C69637971007E00094C000673746174757371007E000978720027636F6D2E72756F79692E636F6D6D6F6E2E636F72652E646F6D61696E2E42617365456E7469747900000000000000010200074C0008637265617465427971007E00094C000A63726561746554696D657400104C6A6176612F7574696C2F446174653B4C0006706172616D7371007E00034C000672656D61726B71007E00094C000B73656172636856616C756571007E00094C0008757064617465427971007E00094C000A75706461746554696D6571007E000C787074000561646D696E7372000E6A6176612E7574696C2E44617465686A81014B597419030000787077080000017DA2F87E3078707400007070707400013174000E302F3135202A202A202A202A203F74001572795461736B2E7279506172616D7328277279272974000744454641554C547372000E6A6176612E6C616E672E4C6F6E673B8BE490CC8F23DF0200014A000576616C7565787200106A6176612E6C616E672E4E756D62657286AC951D0B94E08B02000078700000000000000002740018E7B3BBE7BB9FE9BB98E8AEA4EFBC88E69C89E58F82EFBC8974000133740001317800);
INSERT INTO `qrtz_job_details` VALUES ('RuoyiScheduler', 'TASK_CLASS_NAME3', 'DEFAULT', NULL, 'com.ruoyi.quartz.util.QuartzDisallowConcurrentExecution', '0', '1', '0', '0', 0xACED0005737200156F72672E71756172747A2E4A6F62446174614D61709FB083E8BFA9B0CB020000787200266F72672E71756172747A2E7574696C732E537472696E674B65794469727479466C61674D61708208E8C3FBC55D280200015A0013616C6C6F77735472616E7369656E74446174617872001D6F72672E71756172747A2E7574696C732E4469727479466C61674D617013E62EAD28760ACE0200025A000564697274794C00036D617074000F4C6A6176612F7574696C2F4D61703B787001737200116A6176612E7574696C2E486173684D61700507DAC1C31660D103000246000A6C6F6164466163746F724900097468726573686F6C6478703F4000000000000C7708000000100000000174000F5441534B5F50524F504552544945537372001E636F6D2E72756F79692E71756172747A2E646F6D61696E2E5379734A6F6200000000000000010200084C000A636F6E63757272656E747400124C6A6176612F6C616E672F537472696E673B4C000E63726F6E45787072657373696F6E71007E00094C000C696E766F6B6554617267657471007E00094C00086A6F6247726F757071007E00094C00056A6F6249647400104C6A6176612F6C616E672F4C6F6E673B4C00076A6F624E616D6571007E00094C000D6D697366697265506F6C69637971007E00094C000673746174757371007E000978720027636F6D2E72756F79692E636F6D6D6F6E2E636F72652E646F6D61696E2E42617365456E7469747900000000000000010200074C0008637265617465427971007E00094C000A63726561746554696D657400104C6A6176612F7574696C2F446174653B4C0006706172616D7371007E00034C000672656D61726B71007E00094C000B73656172636856616C756571007E00094C0008757064617465427971007E00094C000A75706461746554696D6571007E000C787074000561646D696E7372000E6A6176612E7574696C2E44617465686A81014B597419030000787077080000017DA2F87E3078707400007070707400013174000E302F3230202A202A202A202A203F74003872795461736B2E72794D756C7469706C65506172616D7328277279272C20747275652C20323030304C2C203331362E3530442C203130302974000744454641554C547372000E6A6176612E6C616E672E4C6F6E673B8BE490CC8F23DF0200014A000576616C7565787200106A6176612E6C616E672E4E756D62657286AC951D0B94E08B02000078700000000000000003740018E7B3BBE7BB9FE9BB98E8AEA4EFBC88E5A49AE58F82EFBC8974000133740001317800);

-- ----------------------------
-- Table structure for qrtz_locks
-- ----------------------------
DROP TABLE IF EXISTS `qrtz_locks`;
CREATE TABLE `qrtz_locks`  (
  `sched_name` varchar(120) CHARACTER SET utf8mb4 COLLATE utf8mb4_general_ci NOT NULL COMMENT '调度名称',
  `lock_name` varchar(40) CHARACTER SET utf8mb4 COLLATE utf8mb4_general_ci NOT NULL COMMENT '悲观锁名称',
  PRIMARY KEY (`sched_name`, `lock_name`) USING BTREE
) ENGINE = InnoDB CHARACTER SET = utf8mb4 COLLATE = utf8mb4_general_ci COMMENT = '存储的悲观锁信息表' ROW_FORMAT = Dynamic;

-- ----------------------------
-- Records of qrtz_locks
-- ----------------------------
INSERT INTO `qrtz_locks` VALUES ('RuoyiScheduler', 'STATE_ACCESS');
INSERT INTO `qrtz_locks` VALUES ('RuoyiScheduler', 'TRIGGER_ACCESS');

-- ----------------------------
-- Table structure for qrtz_paused_trigger_grps
-- ----------------------------
DROP TABLE IF EXISTS `qrtz_paused_trigger_grps`;
CREATE TABLE `qrtz_paused_trigger_grps`  (
  `sched_name` varchar(120) CHARACTER SET utf8mb4 COLLATE utf8mb4_general_ci NOT NULL COMMENT '调度名称',
  `trigger_group` varchar(200) CHARACTER SET utf8mb4 COLLATE utf8mb4_general_ci NOT NULL COMMENT 'qrtz_triggers表trigger_group的外键',
  PRIMARY KEY (`sched_name`, `trigger_group`) USING BTREE
) ENGINE = InnoDB CHARACTER SET = utf8mb4 COLLATE = utf8mb4_general_ci COMMENT = '暂停的触发器表' ROW_FORMAT = Dynamic;

-- ----------------------------
-- Records of qrtz_paused_trigger_grps
-- ----------------------------

-- ----------------------------
-- Table structure for qrtz_scheduler_state
-- ----------------------------
DROP TABLE IF EXISTS `qrtz_scheduler_state`;
CREATE TABLE `qrtz_scheduler_state`  (
  `sched_name` varchar(120) CHARACTER SET utf8mb4 COLLATE utf8mb4_general_ci NOT NULL COMMENT '调度名称',
  `instance_name` varchar(200) CHARACTER SET utf8mb4 COLLATE utf8mb4_general_ci NOT NULL COMMENT '实例名称',
  `last_checkin_time` bigint(0) NOT NULL COMMENT '上次检查时间',
  `checkin_interval` bigint(0) NOT NULL COMMENT '检查间隔时间',
  PRIMARY KEY (`sched_name`, `instance_name`) USING BTREE
) ENGINE = InnoDB CHARACTER SET = utf8mb4 COLLATE = utf8mb4_general_ci COMMENT = '调度器状态表' ROW_FORMAT = Dynamic;

-- ----------------------------
-- Records of qrtz_scheduler_state
-- ----------------------------
INSERT INTO `qrtz_scheduler_state` VALUES ('RuoyiScheduler', 'DESKTOP-6S6OGTV1697175649665', 1697184893191, 15000);

-- ----------------------------
-- Table structure for qrtz_simple_triggers
-- ----------------------------
DROP TABLE IF EXISTS `qrtz_simple_triggers`;
CREATE TABLE `qrtz_simple_triggers`  (
  `sched_name` varchar(120) CHARACTER SET utf8mb4 COLLATE utf8mb4_general_ci NOT NULL COMMENT '调度名称',
  `trigger_name` varchar(200) CHARACTER SET utf8mb4 COLLATE utf8mb4_general_ci NOT NULL COMMENT 'qrtz_triggers表trigger_name的外键',
  `trigger_group` varchar(200) CHARACTER SET utf8mb4 COLLATE utf8mb4_general_ci NOT NULL COMMENT 'qrtz_triggers表trigger_group的外键',
  `repeat_count` bigint(0) NOT NULL COMMENT '重复的次数统计',
  `repeat_interval` bigint(0) NOT NULL COMMENT '重复的间隔时间',
  `times_triggered` bigint(0) NOT NULL COMMENT '已经触发的次数',
  PRIMARY KEY (`sched_name`, `trigger_name`, `trigger_group`) USING BTREE,
  CONSTRAINT `QRTZ_SIMPLE_TRIGGERS_IBFK_1` FOREIGN KEY (`sched_name`, `trigger_name`, `trigger_group`) REFERENCES `qrtz_triggers` (`sched_name`, `trigger_name`, `trigger_group`) ON DELETE RESTRICT ON UPDATE RESTRICT
) ENGINE = InnoDB CHARACTER SET = utf8mb4 COLLATE = utf8mb4_general_ci COMMENT = '简单触发器的信息表' ROW_FORMAT = Dynamic;

-- ----------------------------
-- Records of qrtz_simple_triggers
-- ----------------------------

-- ----------------------------
-- Table structure for qrtz_simprop_triggers
-- ----------------------------
DROP TABLE IF EXISTS `qrtz_simprop_triggers`;
CREATE TABLE `qrtz_simprop_triggers`  (
  `sched_name` varchar(120) CHARACTER SET utf8mb4 COLLATE utf8mb4_general_ci NOT NULL COMMENT '调度名称',
  `trigger_name` varchar(200) CHARACTER SET utf8mb4 COLLATE utf8mb4_general_ci NOT NULL COMMENT 'qrtz_triggers表trigger_name的外键',
  `trigger_group` varchar(200) CHARACTER SET utf8mb4 COLLATE utf8mb4_general_ci NOT NULL COMMENT 'qrtz_triggers表trigger_group的外键',
  `str_prop_1` varchar(512) CHARACTER SET utf8mb4 COLLATE utf8mb4_general_ci NULL DEFAULT NULL COMMENT 'String类型的trigger的第一个参数',
  `str_prop_2` varchar(512) CHARACTER SET utf8mb4 COLLATE utf8mb4_general_ci NULL DEFAULT NULL COMMENT 'String类型的trigger的第二个参数',
  `str_prop_3` varchar(512) CHARACTER SET utf8mb4 COLLATE utf8mb4_general_ci NULL DEFAULT NULL COMMENT 'String类型的trigger的第三个参数',
  `int_prop_1` int(0) NULL DEFAULT NULL COMMENT 'int类型的trigger的第一个参数',
  `int_prop_2` int(0) NULL DEFAULT NULL COMMENT 'int类型的trigger的第二个参数',
  `long_prop_1` bigint(0) NULL DEFAULT NULL COMMENT 'long类型的trigger的第一个参数',
  `long_prop_2` bigint(0) NULL DEFAULT NULL COMMENT 'long类型的trigger的第二个参数',
  `dec_prop_1` decimal(13, 4) NULL DEFAULT NULL COMMENT 'decimal类型的trigger的第一个参数',
  `dec_prop_2` decimal(13, 4) NULL DEFAULT NULL COMMENT 'decimal类型的trigger的第二个参数',
  `bool_prop_1` varchar(1) CHARACTER SET utf8mb4 COLLATE utf8mb4_general_ci NULL DEFAULT NULL COMMENT 'Boolean类型的trigger的第一个参数',
  `bool_prop_2` varchar(1) CHARACTER SET utf8mb4 COLLATE utf8mb4_general_ci NULL DEFAULT NULL COMMENT 'Boolean类型的trigger的第二个参数',
  PRIMARY KEY (`sched_name`, `trigger_name`, `trigger_group`) USING BTREE,
  CONSTRAINT `QRTZ_SIMPROP_TRIGGERS_IBFK_1` FOREIGN KEY (`sched_name`, `trigger_name`, `trigger_group`) REFERENCES `qrtz_triggers` (`sched_name`, `trigger_name`, `trigger_group`) ON DELETE RESTRICT ON UPDATE RESTRICT
) ENGINE = InnoDB CHARACTER SET = utf8mb4 COLLATE = utf8mb4_general_ci COMMENT = '同步机制的行锁表' ROW_FORMAT = Dynamic;

-- ----------------------------
-- Records of qrtz_simprop_triggers
-- ----------------------------

-- ----------------------------
-- Table structure for qrtz_triggers
-- ----------------------------
DROP TABLE IF EXISTS `qrtz_triggers`;
CREATE TABLE `qrtz_triggers`  (
  `sched_name` varchar(120) CHARACTER SET utf8mb4 COLLATE utf8mb4_general_ci NOT NULL COMMENT '调度名称',
  `trigger_name` varchar(200) CHARACTER SET utf8mb4 COLLATE utf8mb4_general_ci NOT NULL COMMENT '触发器的名字',
  `trigger_group` varchar(200) CHARACTER SET utf8mb4 COLLATE utf8mb4_general_ci NOT NULL COMMENT '触发器所属组的名字',
  `job_name` varchar(200) CHARACTER SET utf8mb4 COLLATE utf8mb4_general_ci NOT NULL COMMENT 'qrtz_job_details表job_name的外键',
  `job_group` varchar(200) CHARACTER SET utf8mb4 COLLATE utf8mb4_general_ci NOT NULL COMMENT 'qrtz_job_details表job_group的外键',
  `description` varchar(250) CHARACTER SET utf8mb4 COLLATE utf8mb4_general_ci NULL DEFAULT NULL COMMENT '相关介绍',
  `next_fire_time` bigint(0) NULL DEFAULT NULL COMMENT '上一次触发时间（毫秒）',
  `prev_fire_time` bigint(0) NULL DEFAULT NULL COMMENT '下一次触发时间（默认为-1表示不触发）',
  `priority` int(0) NULL DEFAULT NULL COMMENT '优先级',
  `trigger_state` varchar(16) CHARACTER SET utf8mb4 COLLATE utf8mb4_general_ci NOT NULL COMMENT '触发器状态',
  `trigger_type` varchar(8) CHARACTER SET utf8mb4 COLLATE utf8mb4_general_ci NOT NULL COMMENT '触发器的类型',
  `start_time` bigint(0) NOT NULL COMMENT '开始时间',
  `end_time` bigint(0) NULL DEFAULT NULL COMMENT '结束时间',
  `calendar_name` varchar(200) CHARACTER SET utf8mb4 COLLATE utf8mb4_general_ci NULL DEFAULT NULL COMMENT '日程表名称',
  `misfire_instr` smallint(0) NULL DEFAULT NULL COMMENT '补偿执行的策略',
  `job_data` blob NULL COMMENT '存放持久化job对象',
  PRIMARY KEY (`sched_name`, `trigger_name`, `trigger_group`) USING BTREE,
  INDEX `sched_name`(`sched_name`, `job_name`, `job_group`) USING BTREE,
  CONSTRAINT `QRTZ_TRIGGERS_IBFK_1` FOREIGN KEY (`sched_name`, `job_name`, `job_group`) REFERENCES `qrtz_job_details` (`sched_name`, `job_name`, `job_group`) ON DELETE RESTRICT ON UPDATE RESTRICT
) ENGINE = InnoDB CHARACTER SET = utf8mb4 COLLATE = utf8mb4_general_ci COMMENT = '触发器详细信息表' ROW_FORMAT = Dynamic;

-- ----------------------------
-- Records of qrtz_triggers
-- ----------------------------
INSERT INTO `qrtz_triggers` VALUES ('RuoyiScheduler', 'TASK_CLASS_NAME1', 'DEFAULT', 'TASK_CLASS_NAME1', 'DEFAULT', NULL, 1697175650000, -1, 5, 'PAUSED', 'CRON', 1697175649000, 0, NULL, 2, '');
INSERT INTO `qrtz_triggers` VALUES ('RuoyiScheduler', 'TASK_CLASS_NAME2', 'DEFAULT', 'TASK_CLASS_NAME2', 'DEFAULT', NULL, 1697175660000, -1, 5, 'PAUSED', 'CRON', 1697175649000, 0, NULL, 2, '');
INSERT INTO `qrtz_triggers` VALUES ('RuoyiScheduler', 'TASK_CLASS_NAME3', 'DEFAULT', 'TASK_CLASS_NAME3', 'DEFAULT', NULL, 1697175660000, -1, 5, 'PAUSED', 'CRON', 1697175649000, 0, NULL, 2, '');

-- ----------------------------
-- Table structure for sys_config
-- ----------------------------
DROP TABLE IF EXISTS `sys_config`;
CREATE TABLE `sys_config`  (
  `config_id` int(0) NOT NULL AUTO_INCREMENT COMMENT '参数主键',
  `config_name` varchar(100) CHARACTER SET utf8mb4 COLLATE utf8mb4_general_ci NULL DEFAULT '' COMMENT '参数名称',
  `config_key` varchar(100) CHARACTER SET utf8mb4 COLLATE utf8mb4_general_ci NULL DEFAULT '' COMMENT '参数键名',
  `config_value` varchar(500) CHARACTER SET utf8mb4 COLLATE utf8mb4_general_ci NULL DEFAULT '' COMMENT '参数键值',
  `config_type` char(1) CHARACTER SET utf8mb4 COLLATE utf8mb4_general_ci NULL DEFAULT 'N' COMMENT '系统内置（Y是 N否）',
  `create_by` varchar(64) CHARACTER SET utf8mb4 COLLATE utf8mb4_general_ci NULL DEFAULT '' COMMENT '创建者',
  `create_time` datetime(0) NULL DEFAULT NULL COMMENT '创建时间',
  `update_by` varchar(64) CHARACTER SET utf8mb4 COLLATE utf8mb4_general_ci NULL DEFAULT '' COMMENT '更新者',
  `update_time` datetime(0) NULL DEFAULT NULL COMMENT '更新时间',
  `remark` varchar(500) CHARACTER SET utf8mb4 COLLATE utf8mb4_general_ci NULL DEFAULT NULL COMMENT '备注',
  PRIMARY KEY (`config_id`) USING BTREE
) ENGINE = InnoDB AUTO_INCREMENT = 6 CHARACTER SET = utf8mb4 COLLATE = utf8mb4_general_ci COMMENT = '参数配置表' ROW_FORMAT = Dynamic;

-- ----------------------------
-- Records of sys_config
-- ----------------------------
INSERT INTO `sys_config` VALUES (1, '主框架页-默认皮肤样式名称', 'sys.index.skinName', 'skin-blue', 'Y', 'admin', '2021-12-10 14:12:14', '', NULL, '蓝色 skin-blue、绿色 skin-green、紫色 skin-purple、红色 skin-red、黄色 skin-yellow');
INSERT INTO `sys_config` VALUES (2, '用户管理-账号初始密码', 'sys.user.initPassword', '123456', 'Y', 'admin', '2021-12-10 14:12:14', '', NULL, '初始化密码 123456');
INSERT INTO `sys_config` VALUES (3, '主框架页-侧边栏主题', 'sys.index.sideTheme', 'theme-dark', 'Y', 'admin', '2021-12-10 14:12:14', '', NULL, '深色主题theme-dark，浅色主题theme-light');
INSERT INTO `sys_config` VALUES (4, '账号自助-验证码开关', 'sys.account.captchaOnOff', 'true', 'Y', 'admin', '2021-12-10 14:12:14', '', NULL, '是否开启验证码功能（true开启，false关闭）');
INSERT INTO `sys_config` VALUES (5, '账号自助-是否开启用户注册功能', 'sys.account.registerUser', 'true', 'Y', 'admin', '2021-12-10 14:12:14', 'admin', '2021-12-21 13:08:28', '是否开启注册用户功能（true开启，false关闭）');

-- ----------------------------
-- Table structure for sys_dept
-- ----------------------------
DROP TABLE IF EXISTS `sys_dept`;
CREATE TABLE `sys_dept`  (
  `dept_id` bigint(0) NOT NULL AUTO_INCREMENT COMMENT '部门id',
  `parent_id` bigint(0) NULL DEFAULT 0 COMMENT '父部门id',
  `ancestors` varchar(50) CHARACTER SET utf8mb4 COLLATE utf8mb4_general_ci NULL DEFAULT '' COMMENT '祖级列表',
  `dept_name` varchar(30) CHARACTER SET utf8mb4 COLLATE utf8mb4_general_ci NULL DEFAULT '' COMMENT '部门名称',
  `order_num` int(0) NULL DEFAULT 0 COMMENT '显示顺序',
  `leader` varchar(20) CHARACTER SET utf8mb4 COLLATE utf8mb4_general_ci NULL DEFAULT NULL COMMENT '负责人',
  `phone` varchar(11) CHARACTER SET utf8mb4 COLLATE utf8mb4_general_ci NULL DEFAULT NULL COMMENT '联系电话',
  `email` varchar(50) CHARACTER SET utf8mb4 COLLATE utf8mb4_general_ci NULL DEFAULT NULL COMMENT '邮箱',
  `status` char(1) CHARACTER SET utf8mb4 COLLATE utf8mb4_general_ci NULL DEFAULT '0' COMMENT '部门状态（0正常 1停用）',
  `del_flag` char(1) CHARACTER SET utf8mb4 COLLATE utf8mb4_general_ci NULL DEFAULT '0' COMMENT '删除标志（0代表存在 2代表删除）',
  `create_by` varchar(64) CHARACTER SET utf8mb4 COLLATE utf8mb4_general_ci NULL DEFAULT '' COMMENT '创建者',
  `create_time` datetime(0) NULL DEFAULT NULL COMMENT '创建时间',
  `update_by` varchar(64) CHARACTER SET utf8mb4 COLLATE utf8mb4_general_ci NULL DEFAULT '' COMMENT '更新者',
  `update_time` datetime(0) NULL DEFAULT NULL COMMENT '更新时间',
  PRIMARY KEY (`dept_id`) USING BTREE
) ENGINE = InnoDB AUTO_INCREMENT = 110 CHARACTER SET = utf8mb4 COLLATE = utf8mb4_general_ci COMMENT = '部门表' ROW_FORMAT = Dynamic;

-- ----------------------------
-- Records of sys_dept
-- ----------------------------
INSERT INTO `sys_dept` VALUES (100, 0, '0', '若依科技', 0, '若依', '15888888888', 'ry@qq.com', '0', '0', 'admin', '2021-12-10 14:12:14', '', NULL);
INSERT INTO `sys_dept` VALUES (101, 100, '0,100', '深圳总公司', 1, '若依', '15888888888', 'ry@qq.com', '0', '0', 'admin', '2021-12-10 14:12:14', '', NULL);
INSERT INTO `sys_dept` VALUES (102, 100, '0,100', '长沙分公司', 2, '若依', '15888888888', 'ry@qq.com', '0', '0', 'admin', '2021-12-10 14:12:14', '', NULL);
INSERT INTO `sys_dept` VALUES (103, 101, '0,100,101', '研发部门', 1, '若依', '15888888888', 'ry@qq.com', '0', '0', 'admin', '2021-12-10 14:12:14', '', NULL);
INSERT INTO `sys_dept` VALUES (104, 101, '0,100,101', '市场部门', 2, '若依', '15888888888', 'ry@qq.com', '0', '0', 'admin', '2021-12-10 14:12:14', '', NULL);
INSERT INTO `sys_dept` VALUES (105, 101, '0,100,101', '测试部门', 3, '若依', '15888888888', 'ry@qq.com', '0', '0', 'admin', '2021-12-10 14:12:14', '', NULL);
INSERT INTO `sys_dept` VALUES (106, 101, '0,100,101', '财务部门', 4, '若依', '15888888888', 'ry@qq.com', '0', '0', 'admin', '2021-12-10 14:12:14', '', NULL);
INSERT INTO `sys_dept` VALUES (107, 101, '0,100,101', '运维部门', 5, '若依', '15888888888', 'ry@qq.com', '0', '0', 'admin', '2021-12-10 14:12:14', '', NULL);
INSERT INTO `sys_dept` VALUES (108, 102, '0,100,102', '市场部门', 1, '若依', '15888888888', 'ry@qq.com', '0', '0', 'admin', '2021-12-10 14:12:14', '', NULL);
INSERT INTO `sys_dept` VALUES (109, 102, '0,100,102', '财务部门', 2, '若依', '15888888888', 'ry@qq.com', '0', '0', 'admin', '2021-12-10 14:12:14', '', NULL);

-- ----------------------------
-- Table structure for sys_dict_data
-- ----------------------------
DROP TABLE IF EXISTS `sys_dict_data`;
CREATE TABLE `sys_dict_data`  (
  `dict_code` bigint(0) NOT NULL AUTO_INCREMENT COMMENT '字典编码',
  `dict_sort` int(0) NULL DEFAULT 0 COMMENT '字典排序',
  `dict_label` varchar(100) CHARACTER SET utf8mb4 COLLATE utf8mb4_general_ci NULL DEFAULT '' COMMENT '字典标签',
  `dict_value` varchar(100) CHARACTER SET utf8mb4 COLLATE utf8mb4_general_ci NULL DEFAULT '' COMMENT '字典键值',
  `dict_type` varchar(100) CHARACTER SET utf8mb4 COLLATE utf8mb4_general_ci NULL DEFAULT '' COMMENT '字典类型',
  `css_class` varchar(100) CHARACTER SET utf8mb4 COLLATE utf8mb4_general_ci NULL DEFAULT NULL COMMENT '样式属性（其他样式扩展）',
  `list_class` varchar(100) CHARACTER SET utf8mb4 COLLATE utf8mb4_general_ci NULL DEFAULT NULL COMMENT '表格回显样式',
  `is_default` char(1) CHARACTER SET utf8mb4 COLLATE utf8mb4_general_ci NULL DEFAULT 'N' COMMENT '是否默认（Y是 N否）',
  `status` char(1) CHARACTER SET utf8mb4 COLLATE utf8mb4_general_ci NULL DEFAULT '0' COMMENT '状态（0正常 1停用）',
  `create_by` varchar(64) CHARACTER SET utf8mb4 COLLATE utf8mb4_general_ci NULL DEFAULT '' COMMENT '创建者',
  `create_time` datetime(0) NULL DEFAULT NULL COMMENT '创建时间',
  `update_by` varchar(64) CHARACTER SET utf8mb4 COLLATE utf8mb4_general_ci NULL DEFAULT '' COMMENT '更新者',
  `update_time` datetime(0) NULL DEFAULT NULL COMMENT '更新时间',
  `remark` varchar(500) CHARACTER SET utf8mb4 COLLATE utf8mb4_general_ci NULL DEFAULT NULL COMMENT '备注',
  PRIMARY KEY (`dict_code`) USING BTREE
) ENGINE = InnoDB AUTO_INCREMENT = 106 CHARACTER SET = utf8mb4 COLLATE = utf8mb4_general_ci COMMENT = '字典数据表' ROW_FORMAT = Dynamic;

-- ----------------------------
-- Records of sys_dict_data
-- ----------------------------
INSERT INTO `sys_dict_data` VALUES (1, 1, '男', '0', 'sys_user_sex', '', '', 'Y', '0', 'admin', '2021-12-10 14:12:14', '', NULL, '性别男');
INSERT INTO `sys_dict_data` VALUES (2, 2, '女', '1', 'sys_user_sex', '', '', 'N', '0', 'admin', '2021-12-10 14:12:14', '', NULL, '性别女');
INSERT INTO `sys_dict_data` VALUES (3, 3, '未知', '2', 'sys_user_sex', '', '', 'N', '0', 'admin', '2021-12-10 14:12:14', '', NULL, '性别未知');
INSERT INTO `sys_dict_data` VALUES (4, 1, '显示', '0', 'sys_show_hide', '', 'primary', 'Y', '0', 'admin', '2021-12-10 14:12:14', '', NULL, '显示菜单');
INSERT INTO `sys_dict_data` VALUES (5, 2, '隐藏', '1', 'sys_show_hide', '', 'danger', 'N', '0', 'admin', '2021-12-10 14:12:14', '', NULL, '隐藏菜单');
INSERT INTO `sys_dict_data` VALUES (6, 1, '正常', '0', 'sys_normal_disable', '', 'primary', 'Y', '0', 'admin', '2021-12-10 14:12:14', '', NULL, '正常状态');
INSERT INTO `sys_dict_data` VALUES (7, 2, '停用', '1', 'sys_normal_disable', '', 'danger', 'N', '0', 'admin', '2021-12-10 14:12:14', '', NULL, '停用状态');
INSERT INTO `sys_dict_data` VALUES (8, 1, '正常', '0', 'sys_job_status', '', 'primary', 'Y', '0', 'admin', '2021-12-10 14:12:14', '', NULL, '正常状态');
INSERT INTO `sys_dict_data` VALUES (9, 2, '暂停', '1', 'sys_job_status', '', 'danger', 'N', '0', 'admin', '2021-12-10 14:12:14', '', NULL, '停用状态');
INSERT INTO `sys_dict_data` VALUES (10, 1, '默认', 'DEFAULT', 'sys_job_group', '', '', 'Y', '0', 'admin', '2021-12-10 14:12:14', '', NULL, '默认分组');
INSERT INTO `sys_dict_data` VALUES (11, 2, '系统', 'SYSTEM', 'sys_job_group', '', '', 'N', '0', 'admin', '2021-12-10 14:12:14', '', NULL, '系统分组');
INSERT INTO `sys_dict_data` VALUES (12, 1, '是', 'Y', 'sys_yes_no', '', 'primary', 'Y', '0', 'admin', '2021-12-10 14:12:14', '', NULL, '系统默认是');
INSERT INTO `sys_dict_data` VALUES (13, 2, '否', 'N', 'sys_yes_no', '', 'danger', 'N', '0', 'admin', '2021-12-10 14:12:14', '', NULL, '系统默认否');
INSERT INTO `sys_dict_data` VALUES (14, 1, '通知', '1', 'sys_notice_type', '', 'warning', 'Y', '0', 'admin', '2021-12-10 14:12:14', '', NULL, '通知');
INSERT INTO `sys_dict_data` VALUES (15, 2, '公告', '2', 'sys_notice_type', '', 'success', 'N', '0', 'admin', '2021-12-10 14:12:14', '', NULL, '公告');
INSERT INTO `sys_dict_data` VALUES (16, 1, '正常', '0', 'sys_notice_status', '', 'primary', 'Y', '0', 'admin', '2021-12-10 14:12:14', '', NULL, '正常状态');
INSERT INTO `sys_dict_data` VALUES (17, 2, '关闭', '1', 'sys_notice_status', '', 'danger', 'N', '0', 'admin', '2021-12-10 14:12:14', '', NULL, '关闭状态');
INSERT INTO `sys_dict_data` VALUES (18, 1, '新增', '1', 'sys_oper_type', '', 'info', 'N', '0', 'admin', '2021-12-10 14:12:14', '', NULL, '新增操作');
INSERT INTO `sys_dict_data` VALUES (19, 2, '修改', '2', 'sys_oper_type', '', 'info', 'N', '0', 'admin', '2021-12-10 14:12:14', '', NULL, '修改操作');
INSERT INTO `sys_dict_data` VALUES (20, 3, '删除', '3', 'sys_oper_type', '', 'danger', 'N', '0', 'admin', '2021-12-10 14:12:14', '', NULL, '删除操作');
INSERT INTO `sys_dict_data` VALUES (21, 4, '授权', '4', 'sys_oper_type', '', 'primary', 'N', '0', 'admin', '2021-12-10 14:12:14', '', NULL, '授权操作');
INSERT INTO `sys_dict_data` VALUES (22, 5, '导出', '5', 'sys_oper_type', '', 'warning', 'N', '0', 'admin', '2021-12-10 14:12:14', '', NULL, '导出操作');
INSERT INTO `sys_dict_data` VALUES (23, 6, '导入', '6', 'sys_oper_type', '', 'warning', 'N', '0', 'admin', '2021-12-10 14:12:14', '', NULL, '导入操作');
INSERT INTO `sys_dict_data` VALUES (24, 7, '强退', '7', 'sys_oper_type', '', 'danger', 'N', '0', 'admin', '2021-12-10 14:12:14', '', NULL, '强退操作');
INSERT INTO `sys_dict_data` VALUES (25, 8, '生成代码', '8', 'sys_oper_type', '', 'warning', 'N', '0', 'admin', '2021-12-10 14:12:14', '', NULL, '生成操作');
INSERT INTO `sys_dict_data` VALUES (26, 9, '清空数据', '9', 'sys_oper_type', '', 'danger', 'N', '0', 'admin', '2021-12-10 14:12:14', '', NULL, '清空操作');
INSERT INTO `sys_dict_data` VALUES (27, 1, '成功', '0', 'sys_common_status', '', 'primary', 'N', '0', 'admin', '2021-12-10 14:12:14', '', NULL, '正常状态');
INSERT INTO `sys_dict_data` VALUES (28, 2, '失败', '1', 'sys_common_status', '', 'danger', 'N', '0', 'admin', '2021-12-10 14:12:14', '', NULL, '停用状态');
INSERT INTO `sys_dict_data` VALUES (102, 0, '已删除', 'Y', 'sys_file_info_del_flag', NULL, 'danger', 'N', '0', 'admin', '2021-12-27 22:21:32', 'admin', '2021-12-27 22:23:48', NULL);
INSERT INTO `sys_dict_data` VALUES (103, 1, '正常', 'N', 'sys_file_info_del_flag', NULL, 'success', 'N', '0', 'admin', '2021-12-27 22:22:01', 'admin', '2021-12-27 22:23:55', NULL);
INSERT INTO `sys_dict_data` VALUES (104, 0, '暂存', '0', 'cms_blog_status', NULL, 'primary', 'N', '0', 'admin', '2022-01-01 22:37:00', 'admin', '2022-01-01 22:37:35', NULL);
INSERT INTO `sys_dict_data` VALUES (105, 0, '发布', '1', 'cms_blog_status', NULL, 'success', 'N', '0', 'admin', '2022-01-01 22:37:51', '', NULL, NULL);

-- ----------------------------
-- Table structure for sys_dict_type
-- ----------------------------
DROP TABLE IF EXISTS `sys_dict_type`;
CREATE TABLE `sys_dict_type`  (
  `dict_id` bigint(0) NOT NULL AUTO_INCREMENT COMMENT '字典主键',
  `dict_name` varchar(100) CHARACTER SET utf8mb4 COLLATE utf8mb4_general_ci NULL DEFAULT '' COMMENT '字典名称',
  `dict_type` varchar(100) CHARACTER SET utf8mb4 COLLATE utf8mb4_general_ci NULL DEFAULT '' COMMENT '字典类型',
  `status` char(1) CHARACTER SET utf8mb4 COLLATE utf8mb4_general_ci NULL DEFAULT '0' COMMENT '状态（0正常 1停用）',
  `create_by` varchar(64) CHARACTER SET utf8mb4 COLLATE utf8mb4_general_ci NULL DEFAULT '' COMMENT '创建者',
  `create_time` datetime(0) NULL DEFAULT NULL COMMENT '创建时间',
  `update_by` varchar(64) CHARACTER SET utf8mb4 COLLATE utf8mb4_general_ci NULL DEFAULT '' COMMENT '更新者',
  `update_time` datetime(0) NULL DEFAULT NULL COMMENT '更新时间',
  `remark` varchar(500) CHARACTER SET utf8mb4 COLLATE utf8mb4_general_ci NULL DEFAULT NULL COMMENT '备注',
  PRIMARY KEY (`dict_id`) USING BTREE,
  UNIQUE INDEX `dict_type`(`dict_type`) USING BTREE
) ENGINE = InnoDB AUTO_INCREMENT = 103 CHARACTER SET = utf8mb4 COLLATE = utf8mb4_general_ci COMMENT = '字典类型表' ROW_FORMAT = Dynamic;

-- ----------------------------
-- Records of sys_dict_type
-- ----------------------------
INSERT INTO `sys_dict_type` VALUES (1, '用户性别', 'sys_user_sex', '0', 'admin', '2021-12-10 14:12:14', '', NULL, '用户性别列表');
INSERT INTO `sys_dict_type` VALUES (2, '菜单状态', 'sys_show_hide', '0', 'admin', '2021-12-10 14:12:14', '', NULL, '菜单状态列表');
INSERT INTO `sys_dict_type` VALUES (3, '系统开关', 'sys_normal_disable', '0', 'admin', '2021-12-10 14:12:14', '', NULL, '系统开关列表');
INSERT INTO `sys_dict_type` VALUES (4, '任务状态', 'sys_job_status', '0', 'admin', '2021-12-10 14:12:14', '', NULL, '任务状态列表');
INSERT INTO `sys_dict_type` VALUES (5, '任务分组', 'sys_job_group', '0', 'admin', '2021-12-10 14:12:14', '', NULL, '任务分组列表');
INSERT INTO `sys_dict_type` VALUES (6, '系统是否', 'sys_yes_no', '0', 'admin', '2021-12-10 14:12:14', '', NULL, '系统是否列表');
INSERT INTO `sys_dict_type` VALUES (7, '通知类型', 'sys_notice_type', '0', 'admin', '2021-12-10 14:12:14', '', NULL, '通知类型列表');
INSERT INTO `sys_dict_type` VALUES (8, '通知状态', 'sys_notice_status', '0', 'admin', '2021-12-10 14:12:14', '', NULL, '通知状态列表');
INSERT INTO `sys_dict_type` VALUES (9, '操作类型', 'sys_oper_type', '0', 'admin', '2021-12-10 14:12:14', '', NULL, '操作类型列表');
INSERT INTO `sys_dict_type` VALUES (10, '系统状态', 'sys_common_status', '0', 'admin', '2021-12-10 14:12:14', '', NULL, '登录状态列表');
INSERT INTO `sys_dict_type` VALUES (101, '文件状态', 'sys_file_info_del_flag', '0', 'admin', '2021-12-27 22:20:51', 'admin', '2021-12-27 22:21:04', '是否删除');
INSERT INTO `sys_dict_type` VALUES (102, '内容状态', 'cms_blog_status', '0', 'admin', '2022-01-01 22:36:30', '', NULL, '暂存或发布');

-- ----------------------------
-- Table structure for sys_file_info
-- ----------------------------
DROP TABLE IF EXISTS `sys_file_info`;
CREATE TABLE `sys_file_info`  (
  `file_id` bigint(0) NOT NULL AUTO_INCREMENT COMMENT '文件主键id',
  `file_origin_name` varchar(255) CHARACTER SET utf8mb4 COLLATE utf8mb4_unicode_ci NOT NULL COMMENT '文件名称',
  `file_suffix` varchar(255) CHARACTER SET utf8mb4 COLLATE utf8mb4_unicode_ci NULL DEFAULT NULL COMMENT '文件类型，例如txt',
  `file_size_info` varchar(255) CHARACTER SET utf8mb4 COLLATE utf8mb4_unicode_ci NULL DEFAULT NULL COMMENT '文件大小',
  `file_object_name` varchar(255) CHARACTER SET utf8mb4 COLLATE utf8mb4_unicode_ci NULL DEFAULT NULL COMMENT '存储文件名称',
  `file_path` varchar(255) CHARACTER SET utf8mb4 COLLATE utf8mb4_unicode_ci NULL DEFAULT NULL COMMENT '存储路径',
  `del_flag` char(1) CHARACTER SET utf8mb3 COLLATE utf8mb3_general_ci NOT NULL DEFAULT 'N' COMMENT '是否删除：Y-被删除，N-未删除',
  `create_by` varchar(64) CHARACTER SET utf8mb4 COLLATE utf8mb4_general_ci NULL DEFAULT '' COMMENT '创建者',
  `create_time` datetime(0) NULL DEFAULT NULL COMMENT '创建时间',
  `update_by` varchar(64) CHARACTER SET utf8mb4 COLLATE utf8mb4_general_ci NULL DEFAULT '' COMMENT '更新者',
  `update_time` datetime(0) NULL DEFAULT NULL COMMENT '更新时间',
  PRIMARY KEY (`file_id`) USING BTREE
) ENGINE = InnoDB AUTO_INCREMENT = 39 CHARACTER SET = utf8mb4 COLLATE = utf8mb4_general_ci COMMENT = '文件信息表' ROW_FORMAT = Dynamic;

-- ----------------------------
-- Records of sys_file_info
-- ----------------------------
INSERT INTO `sys_file_info` VALUES (39, 'img_1.png', 'png', '1.63 MB', 'e8e540dc-7a5b-4ae3-bab3-96ff64b57c79.png', '/profile/upload/2023/10/13/e8e540dc-7a5b-4ae3-bab3-96ff64b57c79.png', 'N', '若依', '2023-10-13 09:09:53', '', NULL);
INSERT INTO `sys_file_info` VALUES (41, 'img_1.png', 'png', '1.63 MB', 'aa33575c-307a-4149-a356-534d824d6e19.png', '/profile/upload/2023/10/13/aa33575c-307a-4149-a356-534d824d6e19.png', 'N', '若依', '2023-10-13 09:11:45', '', NULL);
INSERT INTO `sys_file_info` VALUES (42, 'QQ截图20231013142848.png', 'png', '438.92 kB', '39a0fe2a-8959-403f-8bf8-10e1602ea393.png', '/profile/upload/2023/10/13/39a0fe2a-8959-403f-8bf8-10e1602ea393.png', 'N', 'admin', '2023-10-13 14:29:15', '', NULL);
INSERT INTO `sys_file_info` VALUES (43, 'QQ截图20231013143727.png', 'png', '470.17 kB', '5894e503-03a4-4f51-bd84-a08b2168eba8.png', '/profile/upload/2023/10/13/5894e503-03a4-4f51-bd84-a08b2168eba8.png', 'N', 'admin', '2023-10-13 14:38:21', '', NULL);
INSERT INTO `sys_file_info` VALUES (44, '1-200F11512358.jpg', 'jpg', '97.82 kB', 'a5751a7e-b235-4ebe-8093-59d2aa2c86f7.jpg', '/profile/upload/2023/10/13/a5751a7e-b235-4ebe-8093-59d2aa2c86f7.jpg', 'N', 'admin', '2023-10-13 14:45:33', '', NULL);
INSERT INTO `sys_file_info` VALUES (45, 'QQ截图20231013145422.png', 'png', '321.96 kB', '552af646-ce12-4bfa-beda-f3ca975e6246.png', '/profile/upload/2023/10/13/552af646-ce12-4bfa-beda-f3ca975e6246.png', 'N', 'admin', '2023-10-13 14:55:35', '', NULL);
INSERT INTO `sys_file_info` VALUES (46, 'QQ截图20231013150223.png', 'png', '296.72 kB', '5bd70aba-6df9-4187-98fc-389dcb54ad54.png', '/profile/upload/2023/10/13/5bd70aba-6df9-4187-98fc-389dcb54ad54.png', 'N', 'admin', '2023-10-13 15:03:33', '', NULL);
INSERT INTO `sys_file_info` VALUES (47, 'QQ截图20231013151405.png', 'png', '365.93 kB', '555eee4a-7030-426d-940a-4aa6c06abe51.png', '/profile/upload/2023/10/13/555eee4a-7030-426d-940a-4aa6c06abe51.png', 'N', 'admin', '2023-10-13 15:14:29', '', NULL);
INSERT INTO `sys_file_info` VALUES (48, 'QQ截图20231013151655.png', 'png', '811.72 kB', '99ec1648-e2cd-4a32-b241-e59c4c5a27ce.png', '/profile/upload/2023/10/13/99ec1648-e2cd-4a32-b241-e59c4c5a27ce.png', 'N', 'admin', '2023-10-13 15:17:20', '', NULL);

-- ----------------------------
-- Table structure for sys_job
-- ----------------------------
DROP TABLE IF EXISTS `sys_job`;
CREATE TABLE `sys_job`  (
  `job_id` bigint(0) NOT NULL AUTO_INCREMENT COMMENT '任务ID',
  `job_name` varchar(64) CHARACTER SET utf8mb4 COLLATE utf8mb4_general_ci NOT NULL DEFAULT '' COMMENT '任务名称',
  `job_group` varchar(64) CHARACTER SET utf8mb4 COLLATE utf8mb4_general_ci NOT NULL DEFAULT 'DEFAULT' COMMENT '任务组名',
  `invoke_target` varchar(500) CHARACTER SET utf8mb4 COLLATE utf8mb4_general_ci NOT NULL COMMENT '调用目标字符串',
  `cron_expression` varchar(255) CHARACTER SET utf8mb4 COLLATE utf8mb4_general_ci NULL DEFAULT '' COMMENT 'cron执行表达式',
  `misfire_policy` varchar(20) CHARACTER SET utf8mb4 COLLATE utf8mb4_general_ci NULL DEFAULT '3' COMMENT '计划执行错误策略（1立即执行 2执行一次 3放弃执行）',
  `concurrent` char(1) CHARACTER SET utf8mb4 COLLATE utf8mb4_general_ci NULL DEFAULT '1' COMMENT '是否并发执行（0允许 1禁止）',
  `status` char(1) CHARACTER SET utf8mb4 COLLATE utf8mb4_general_ci NULL DEFAULT '0' COMMENT '状态（0正常 1暂停）',
  `create_by` varchar(64) CHARACTER SET utf8mb4 COLLATE utf8mb4_general_ci NULL DEFAULT '' COMMENT '创建者',
  `create_time` datetime(0) NULL DEFAULT NULL COMMENT '创建时间',
  `update_by` varchar(64) CHARACTER SET utf8mb4 COLLATE utf8mb4_general_ci NULL DEFAULT '' COMMENT '更新者',
  `update_time` datetime(0) NULL DEFAULT NULL COMMENT '更新时间',
  `remark` varchar(500) CHARACTER SET utf8mb4 COLLATE utf8mb4_general_ci NULL DEFAULT '' COMMENT '备注信息',
  PRIMARY KEY (`job_id`, `job_name`, `job_group`) USING BTREE
) ENGINE = InnoDB AUTO_INCREMENT = 4 CHARACTER SET = utf8mb4 COLLATE = utf8mb4_general_ci COMMENT = '定时任务调度表' ROW_FORMAT = Dynamic;

-- ----------------------------
-- Records of sys_job
-- ----------------------------
INSERT INTO `sys_job` VALUES (1, '系统默认（无参）', 'DEFAULT', 'ryTask.ryNoParams', '0/10 * * * * ?', '3', '1', '1', 'admin', '2021-12-10 14:12:14', '', NULL, '');
INSERT INTO `sys_job` VALUES (2, '系统默认（有参）', 'DEFAULT', 'ryTask.ryParams(\'ry\')', '0/15 * * * * ?', '3', '1', '1', 'admin', '2021-12-10 14:12:14', '', NULL, '');
INSERT INTO `sys_job` VALUES (3, '系统默认（多参）', 'DEFAULT', 'ryTask.ryMultipleParams(\'ry\', true, 2000L, 316.50D, 100)', '0/20 * * * * ?', '3', '1', '1', 'admin', '2021-12-10 14:12:14', '', NULL, '');

-- ----------------------------
-- Table structure for sys_job_log
-- ----------------------------
DROP TABLE IF EXISTS `sys_job_log`;
CREATE TABLE `sys_job_log`  (
  `job_log_id` bigint(0) NOT NULL AUTO_INCREMENT COMMENT '任务日志ID',
  `job_name` varchar(64) CHARACTER SET utf8mb4 COLLATE utf8mb4_general_ci NOT NULL COMMENT '任务名称',
  `job_group` varchar(64) CHARACTER SET utf8mb4 COLLATE utf8mb4_general_ci NOT NULL COMMENT '任务组名',
  `invoke_target` varchar(500) CHARACTER SET utf8mb4 COLLATE utf8mb4_general_ci NOT NULL COMMENT '调用目标字符串',
  `job_message` varchar(500) CHARACTER SET utf8mb4 COLLATE utf8mb4_general_ci NULL DEFAULT NULL COMMENT '日志信息',
  `status` char(1) CHARACTER SET utf8mb4 COLLATE utf8mb4_general_ci NULL DEFAULT '0' COMMENT '执行状态（0正常 1失败）',
  `exception_info` varchar(2000) CHARACTER SET utf8mb4 COLLATE utf8mb4_general_ci NULL DEFAULT '' COMMENT '异常信息',
  `create_time` datetime(0) NULL DEFAULT NULL COMMENT '创建时间',
  PRIMARY KEY (`job_log_id`) USING BTREE
) ENGINE = InnoDB AUTO_INCREMENT = 1 CHARACTER SET = utf8mb4 COLLATE = utf8mb4_general_ci COMMENT = '定时任务调度日志表' ROW_FORMAT = Dynamic;

-- ----------------------------
-- Records of sys_job_log
-- ----------------------------

-- ----------------------------
-- Table structure for sys_logininfor
-- ----------------------------
DROP TABLE IF EXISTS `sys_logininfor`;
CREATE TABLE `sys_logininfor`  (
  `info_id` bigint(0) NOT NULL AUTO_INCREMENT COMMENT '访问ID',
  `user_name` varchar(50) CHARACTER SET utf8mb4 COLLATE utf8mb4_general_ci NULL DEFAULT '' COMMENT '用户账号',
  `ipaddr` varchar(128) CHARACTER SET utf8mb4 COLLATE utf8mb4_general_ci NULL DEFAULT '' COMMENT '登录IP地址',
  `login_location` varchar(255) CHARACTER SET utf8mb4 COLLATE utf8mb4_general_ci NULL DEFAULT '' COMMENT '登录地点',
  `browser` varchar(50) CHARACTER SET utf8mb4 COLLATE utf8mb4_general_ci NULL DEFAULT '' COMMENT '浏览器类型',
  `os` varchar(50) CHARACTER SET utf8mb4 COLLATE utf8mb4_general_ci NULL DEFAULT '' COMMENT '操作系统',
  `status` char(1) CHARACTER SET utf8mb4 COLLATE utf8mb4_general_ci NULL DEFAULT '0' COMMENT '登录状态（0成功 1失败）',
  `msg` varchar(255) CHARACTER SET utf8mb4 COLLATE utf8mb4_general_ci NULL DEFAULT '' COMMENT '提示消息',
  `login_time` datetime(0) NULL DEFAULT NULL COMMENT '访问时间',
  PRIMARY KEY (`info_id`) USING BTREE
) ENGINE = InnoDB AUTO_INCREMENT = 154 CHARACTER SET = utf8mb4 COLLATE = utf8mb4_general_ci COMMENT = '系统访问记录' ROW_FORMAT = Dynamic;

-- ----------------------------
-- Records of sys_logininfor
-- ----------------------------
INSERT INTO `sys_logininfor` VALUES (1, 'admin', '127.0.0.1', '内网IP', 'Chrome 9', 'Windows 10', '0', '登录成功', '2022-02-15 16:11:23');
INSERT INTO `sys_logininfor` VALUES (2, 'admin', '127.0.0.1', '内网IP', 'Chrome 9', 'Windows 10', '0', '登录成功', '2022-03-09 14:11:37');
INSERT INTO `sys_logininfor` VALUES (3, 'admin', '127.0.0.1', '内网IP', 'Chrome 10', 'Windows 10', '0', '登录成功', '2022-04-12 17:52:06');
INSERT INTO `sys_logininfor` VALUES (4, 'admin', '127.0.0.1', '内网IP', 'Chrome 10', 'Windows 10', '1', '验证码错误', '2022-04-22 16:51:11');
INSERT INTO `sys_logininfor` VALUES (5, 'admin', '127.0.0.1', '内网IP', 'Chrome 10', 'Windows 10', '1', '用户不存在/密码错误', '2022-04-22 16:51:17');
INSERT INTO `sys_logininfor` VALUES (6, 'admin', '127.0.0.1', '内网IP', 'Chrome 10', 'Windows 10', '1', '用户不存在/密码错误', '2022-04-22 16:53:10');
INSERT INTO `sys_logininfor` VALUES (7, '若依', '127.0.0.1', '内网IP', 'Chrome 10', 'Windows 10', '0', '登录成功', '2022-04-22 16:54:49');
INSERT INTO `sys_logininfor` VALUES (8, '若依', '127.0.0.1', '内网IP', 'Chrome 10', 'Windows 10', '0', '退出成功', '2022-04-22 16:55:42');
INSERT INTO `sys_logininfor` VALUES (9, 'admin', '127.0.0.1', '内网IP', 'Chrome 10', 'Windows 10', '1', '用户不存在/密码错误', '2022-04-22 16:55:58');
INSERT INTO `sys_logininfor` VALUES (10, 'administrator', '127.0.0.1', '内网IP', 'Chrome 10', 'Windows 10', '1', '验证码错误', '2022-04-22 16:56:10');
INSERT INTO `sys_logininfor` VALUES (11, 'administrator', '127.0.0.1', '内网IP', 'Chrome 10', 'Windows 10', '1', '登录用户：administrator 不存在', '2022-04-22 16:56:14');
INSERT INTO `sys_logininfor` VALUES (12, 'admin', '127.0.0.1', '内网IP', 'Chrome 10', 'Windows 10', '1', '验证码错误', '2022-04-22 16:56:28');
INSERT INTO `sys_logininfor` VALUES (13, 'admin', '127.0.0.1', '内网IP', 'Chrome 10', 'Windows 10', '1', '用户不存在/密码错误', '2022-04-22 16:56:32');
INSERT INTO `sys_logininfor` VALUES (14, 'admin', '127.0.0.1', '内网IP', 'Chrome 10', 'Windows 10', '1', '用户不存在/密码错误', '2022-04-22 17:28:04');
INSERT INTO `sys_logininfor` VALUES (15, '若依', '127.0.0.1', '内网IP', 'Chrome 10', 'Windows 10', '0', '登录成功', '2022-04-22 17:28:20');
INSERT INTO `sys_logininfor` VALUES (16, 'admin', '127.0.0.1', '内网IP', 'Chrome 10', 'Windows 10', '0', '登录成功', '2022-04-24 09:40:36');
INSERT INTO `sys_logininfor` VALUES (17, 'admin', '127.0.0.1', '内网IP', 'Chrome 10', 'Windows 10', '1', '用户不存在/密码错误', '2022-04-24 15:47:06');
INSERT INTO `sys_logininfor` VALUES (18, 'admin', '127.0.0.1', '内网IP', 'Chrome 10', 'Windows 10', '0', '登录成功', '2022-04-24 15:47:12');
INSERT INTO `sys_logininfor` VALUES (19, 'admin', '127.0.0.1', '内网IP', 'Chrome 10', 'Windows 10', '0', '登录成功', '2022-04-24 16:30:46');
INSERT INTO `sys_logininfor` VALUES (20, 'admin', '127.0.0.1', '内网IP', 'Chrome 10', 'Windows 10', '0', '登录成功', '2022-04-24 18:06:16');
INSERT INTO `sys_logininfor` VALUES (21, 'admin', '127.0.0.1', '内网IP', 'Chrome 10', 'Windows 10', '0', '登录成功', '2022-04-25 08:36:53');
INSERT INTO `sys_logininfor` VALUES (22, 'admin', '127.0.0.1', '内网IP', 'Chrome 10', 'Windows 10', '0', '登录成功', '2022-04-25 10:05:33');
INSERT INTO `sys_logininfor` VALUES (23, 'admin', '127.0.0.1', '内网IP', 'Chrome 10', 'Windows 10', '0', '登录成功', '2022-04-25 11:30:42');
INSERT INTO `sys_logininfor` VALUES (24, 'admin', '127.0.0.1', '内网IP', 'Chrome 10', 'Windows 10', '0', '退出成功', '2022-04-25 11:31:04');
INSERT INTO `sys_logininfor` VALUES (25, 'admin', '127.0.0.1', '内网IP', 'Chrome 10', 'Windows 10', '0', '登录成功', '2022-04-25 11:31:10');
INSERT INTO `sys_logininfor` VALUES (26, 'admin', '127.0.0.1', '内网IP', 'Chrome 10', 'Windows 10', '0', '退出成功', '2022-04-25 11:32:12');
INSERT INTO `sys_logininfor` VALUES (27, 'admin', '127.0.0.1', '内网IP', 'Chrome 10', 'Windows 10', '0', '登录成功', '2022-04-25 11:32:15');
INSERT INTO `sys_logininfor` VALUES (28, 'admin', '127.0.0.1', '内网IP', 'Chrome 10', 'Windows 10', '0', '登录成功', '2022-04-25 14:10:18');
INSERT INTO `sys_logininfor` VALUES (29, 'admin', '127.0.0.1', '内网IP', 'Chrome 10', 'Windows 10', '0', '登录成功', '2022-04-25 15:37:07');
INSERT INTO `sys_logininfor` VALUES (30, 'admin', '127.0.0.1', '内网IP', 'Chrome 10', 'Windows 10', '0', '登录成功', '2022-04-27 08:55:20');
INSERT INTO `sys_logininfor` VALUES (31, 'admin', '127.0.0.1', '内网IP', 'Chrome 10', 'Windows 10', '0', '登录成功', '2022-04-27 10:22:48');
INSERT INTO `sys_logininfor` VALUES (32, 'admin', '127.0.0.1', '内网IP', 'Chrome 10', 'Windows 10', '0', '登录成功', '2022-04-27 10:55:48');
INSERT INTO `sys_logininfor` VALUES (33, 'admin', '127.0.0.1', '内网IP', 'Chrome 10', 'Windows 10', '0', '登录成功', '2022-04-27 14:33:47');
INSERT INTO `sys_logininfor` VALUES (34, 'admin', '127.0.0.1', '内网IP', 'Chrome 10', 'Windows 10', '0', '登录成功', '2022-04-27 15:53:52');
INSERT INTO `sys_logininfor` VALUES (35, 'admin', '127.0.0.1', '内网IP', 'Chrome 10', 'Windows 10', '0', '登录成功', '2022-04-27 17:16:52');
INSERT INTO `sys_logininfor` VALUES (36, 'admin', '127.0.0.1', '内网IP', 'Chrome 10', 'Windows 10', '0', '登录成功', '2022-04-28 08:47:26');
INSERT INTO `sys_logininfor` VALUES (37, 'admin', '127.0.0.1', '内网IP', 'Chrome 10', 'Windows 10', '0', '登录成功', '2022-04-28 09:30:09');
INSERT INTO `sys_logininfor` VALUES (38, 'admin', '127.0.0.1', '内网IP', 'Chrome 10', 'Windows 10', '0', '登录成功', '2022-05-06 09:16:53');
INSERT INTO `sys_logininfor` VALUES (39, 'admin', '127.0.0.1', '内网IP', 'Mobile Safari', 'Mac OS X (iPhone)', '1', '用户不存在/密码错误', '2022-05-09 16:34:57');
INSERT INTO `sys_logininfor` VALUES (40, 'admin', '127.0.0.1', '内网IP', 'Mobile Safari', 'Mac OS X (iPhone)', '1', '验证码错误', '2022-05-09 16:35:10');
INSERT INTO `sys_logininfor` VALUES (41, 'admin', '127.0.0.1', '内网IP', 'Mobile Safari', 'Mac OS X (iPhone)', '1', '用户不存在/密码错误', '2022-05-09 16:35:14');
INSERT INTO `sys_logininfor` VALUES (42, 'admin', '127.0.0.1', '内网IP', 'Mobile Safari', 'Mac OS X (iPhone)', '1', '用户不存在/密码错误', '2022-05-09 16:35:30');
INSERT INTO `sys_logininfor` VALUES (43, 'admin', '127.0.0.1', '内网IP', 'Mobile Safari', 'Mac OS X (iPhone)', '0', '登录成功', '2022-05-09 16:35:41');
INSERT INTO `sys_logininfor` VALUES (44, 'admin', '127.0.0.1', '内网IP', 'Chrome 10', 'Windows 10', '0', '登录成功', '2022-05-09 16:38:00');
INSERT INTO `sys_logininfor` VALUES (45, 'admin', '127.0.0.1', '内网IP', 'Chrome 10', 'Windows 10', '0', '退出成功', '2022-05-09 16:44:54');
INSERT INTO `sys_logininfor` VALUES (46, 'admin', '127.0.0.1', '内网IP', 'Chrome 10', 'Windows 10', '0', '登录成功', '2022-05-09 16:44:58');
INSERT INTO `sys_logininfor` VALUES (47, 'admin', '127.0.0.1', '内网IP', 'Mobile Safari', 'Mac OS X (iPhone)', '0', '退出成功', '2022-05-09 16:46:29');
INSERT INTO `sys_logininfor` VALUES (48, 'admin', '127.0.0.1', '内网IP', 'Chrome 10', 'Windows 10', '0', '登录成功', '2022-05-09 16:53:32');
INSERT INTO `sys_logininfor` VALUES (49, 'admin', '127.0.0.1', '内网IP', 'Chrome 10', 'Windows 10', '0', '登录成功', '2022-05-09 17:01:02');
INSERT INTO `sys_logininfor` VALUES (50, 'admin', '127.0.0.1', '内网IP', 'Mobile Safari', 'Mac OS X (iPhone)', '1', '验证码已失效', '2022-05-09 17:17:39');
INSERT INTO `sys_logininfor` VALUES (51, 'admin', '127.0.0.1', '内网IP', 'Mobile Safari', 'Mac OS X (iPhone)', '0', '登录成功', '2022-05-09 17:17:49');
INSERT INTO `sys_logininfor` VALUES (52, 'admin', '127.0.0.1', '内网IP', 'Chrome 10', 'Windows 10', '0', '登录成功', '2022-05-23 09:38:02');
INSERT INTO `sys_logininfor` VALUES (53, 'admin', '127.0.0.1', '内网IP', 'Chrome 10', 'Windows 10', '0', '登录成功', '2022-06-10 10:10:43');
INSERT INTO `sys_logininfor` VALUES (54, 'admin', '127.0.0.1', '内网IP', 'Chrome 10', 'Windows 10', '0', '登录成功', '2022-06-10 15:33:17');
INSERT INTO `sys_logininfor` VALUES (55, 'admin', '127.0.0.1', '内网IP', 'Chrome 10', 'Windows 10', '0', '登录成功', '2022-06-10 16:42:03');
INSERT INTO `sys_logininfor` VALUES (56, 'admin', '127.0.0.1', '内网IP', 'Chrome 10', 'Windows 10', '0', '登录成功', '2022-06-13 08:41:22');
INSERT INTO `sys_logininfor` VALUES (57, 'admin', '127.0.0.1', '内网IP', 'Chrome 10', 'Windows 10', '0', '登录成功', '2022-06-13 10:49:37');
INSERT INTO `sys_logininfor` VALUES (58, 'admin', '127.0.0.1', '内网IP', 'Chrome 10', 'Windows 10', '0', '登录成功', '2022-06-13 14:04:02');
INSERT INTO `sys_logininfor` VALUES (59, 'admin', '127.0.0.1', '内网IP', 'Chrome 10', 'Windows 10', '0', '退出成功', '2022-06-13 14:59:35');
INSERT INTO `sys_logininfor` VALUES (60, 'admin', '127.0.0.1', '内网IP', 'Chrome 10', 'Windows 10', '0', '登录成功', '2022-06-13 15:05:01');
INSERT INTO `sys_logininfor` VALUES (61, 'admin', '127.0.0.1', '内网IP', 'Chrome 10', 'Windows 10', '0', '登录成功', '2022-06-14 17:47:57');
INSERT INTO `sys_logininfor` VALUES (62, 'admin', '127.0.0.1', '内网IP', 'Chrome 10', 'Windows 10', '0', '登录成功', '2022-06-15 08:07:53');
INSERT INTO `sys_logininfor` VALUES (63, 'admin', '127.0.0.1', '内网IP', 'Chrome 10', 'Windows 10', '1', '验证码错误', '2022-06-15 14:36:45');
INSERT INTO `sys_logininfor` VALUES (64, 'admin', '127.0.0.1', '内网IP', 'Chrome 10', 'Windows 10', '0', '登录成功', '2022-06-15 14:36:47');
INSERT INTO `sys_logininfor` VALUES (65, 'admin', '127.0.0.1', '内网IP', 'Chrome 10', 'Windows 10', '0', '登录成功', '2022-06-15 15:23:19');
INSERT INTO `sys_logininfor` VALUES (66, 'admin', '127.0.0.1', '内网IP', 'Chrome 10', 'Windows 10', '0', '登录成功', '2022-06-15 16:24:51');
INSERT INTO `sys_logininfor` VALUES (67, 'admin', '127.0.0.1', '内网IP', 'Chrome 10', 'Windows 10', '1', '验证码错误', '2022-06-15 17:17:06');
INSERT INTO `sys_logininfor` VALUES (68, 'admin', '127.0.0.1', '内网IP', 'Chrome 10', 'Windows 10', '0', '登录成功', '2022-06-15 17:17:09');
INSERT INTO `sys_logininfor` VALUES (69, 'admin', '127.0.0.1', '内网IP', 'Chrome 10', 'Windows 10', '0', '登录成功', '2022-06-16 08:44:41');
INSERT INTO `sys_logininfor` VALUES (70, 'admin', '127.0.0.1', '内网IP', 'Chrome 10', 'Windows 10', '0', '登录成功', '2022-06-16 10:03:18');
INSERT INTO `sys_logininfor` VALUES (71, 'admin', '127.0.0.1', '内网IP', 'Chrome 10', 'Windows 10', '0', '登录成功', '2022-06-16 17:05:02');
INSERT INTO `sys_logininfor` VALUES (72, 'admin', '127.0.0.1', '内网IP', 'Chrome 10', 'Windows 10', '0', '登录成功', '2022-06-17 09:53:17');
INSERT INTO `sys_logininfor` VALUES (73, 'admin', '127.0.0.1', '内网IP', 'Chrome 10', 'Windows 10', '0', '登录成功', '2022-06-17 10:52:30');
INSERT INTO `sys_logininfor` VALUES (74, 'admin', '127.0.0.1', '内网IP', 'Mobile Safari', 'Mac OS X (iPhone)', '0', '登录成功', '2022-06-17 14:17:10');
INSERT INTO `sys_logininfor` VALUES (75, 'admin', '127.0.0.1', '内网IP', 'Chrome 10', 'Windows 10', '0', '登录成功', '2022-06-17 14:41:40');
INSERT INTO `sys_logininfor` VALUES (76, 'admin', '127.0.0.1', '内网IP', 'Chrome 10', 'Windows 10', '0', '登录成功', '2022-06-17 16:44:53');
INSERT INTO `sys_logininfor` VALUES (77, 'admin', '127.0.0.1', '内网IP', 'Chrome 10', 'Windows 10', '0', '登录成功', '2022-06-21 08:48:45');
INSERT INTO `sys_logininfor` VALUES (78, 'admin', '127.0.0.1', '内网IP', 'Chrome 10', 'Windows 10', '0', '登录成功', '2022-06-21 10:02:40');
INSERT INTO `sys_logininfor` VALUES (79, 'admin123', '127.0.0.1', '内网IP', 'Mobile Safari', 'Mac OS X (iPhone)', '1', '验证码已失效', '2022-06-21 10:30:38');
INSERT INTO `sys_logininfor` VALUES (80, 'admin123', '127.0.0.1', '内网IP', 'Mobile Safari', 'Mac OS X (iPhone)', '1', '登录用户：admin123 不存在', '2022-06-21 10:30:43');
INSERT INTO `sys_logininfor` VALUES (81, 'admin1234', '127.0.0.1', '内网IP', 'Mobile Safari', 'Mac OS X (iPhone)', '1', '登录用户：admin1234 不存在', '2022-06-21 10:31:00');
INSERT INTO `sys_logininfor` VALUES (82, 'admin', '127.0.0.1', '内网IP', 'Mobile Safari', 'Mac OS X (iPhone)', '1', '用户不存在/密码错误', '2022-06-21 10:31:16');
INSERT INTO `sys_logininfor` VALUES (83, 'admin123', '127.0.0.1', '内网IP', 'Mobile Safari', 'Mac OS X (iPhone)', '1', '登录用户：admin123 不存在', '2022-06-21 10:31:25');
INSERT INTO `sys_logininfor` VALUES (84, 'admin123', '127.0.0.1', '内网IP', 'Mobile Safari', 'Mac OS X (iPhone)', '1', '登录用户：admin123 不存在', '2022-06-21 10:32:08');
INSERT INTO `sys_logininfor` VALUES (85, 'admin123', '127.0.0.1', '内网IP', 'Mobile Safari', 'Mac OS X (iPhone)', '1', '登录用户：admin123 不存在', '2022-06-21 10:32:08');
INSERT INTO `sys_logininfor` VALUES (86, 'admin123', '127.0.0.1', '内网IP', 'Mobile Safari', 'Mac OS X (iPhone)', '1', '验证码错误', '2022-06-21 10:32:11');
INSERT INTO `sys_logininfor` VALUES (87, 'admin', '127.0.0.1', '内网IP', 'Chrome 10', 'Windows 10', '0', '退出成功', '2022-06-21 10:32:42');
INSERT INTO `sys_logininfor` VALUES (88, 'admin', '127.0.0.1', '内网IP', 'Mobile Safari', 'Mac OS X (iPhone)', '1', '用户不存在/密码错误', '2022-06-21 10:33:02');
INSERT INTO `sys_logininfor` VALUES (89, 'admin', '127.0.0.1', '内网IP', 'Mobile Safari', 'Mac OS X (iPhone)', '1', '用户不存在/密码错误', '2022-06-21 10:33:16');
INSERT INTO `sys_logininfor` VALUES (90, 'admin', '127.0.0.1', '内网IP', 'Mobile Safari', 'Mac OS X (iPhone)', '1', '用户不存在/密码错误', '2022-06-21 10:33:30');
INSERT INTO `sys_logininfor` VALUES (91, 'admin', '127.0.0.1', '内网IP', 'Mobile Safari', 'Mac OS X (iPhone)', '0', '登录成功', '2022-06-21 10:34:33');
INSERT INTO `sys_logininfor` VALUES (92, 'admin', '127.0.0.1', '内网IP', 'Chrome 10', 'Windows 10', '1', '验证码已失效', '2022-06-21 11:06:47');
INSERT INTO `sys_logininfor` VALUES (93, 'admin', '127.0.0.1', '内网IP', 'Chrome 10', 'Windows 10', '0', '登录成功', '2022-06-21 11:06:51');
INSERT INTO `sys_logininfor` VALUES (94, 'admin', '127.0.0.1', '内网IP', 'Mobile Safari', 'Mac OS X (iPhone)', '0', '退出成功', '2022-06-21 11:24:29');
INSERT INTO `sys_logininfor` VALUES (95, 'admin', '127.0.0.1', '内网IP', 'Mobile Safari', 'Mac OS X (iPhone)', '0', '登录成功', '2022-06-21 11:24:57');
INSERT INTO `sys_logininfor` VALUES (96, 'admin', '127.0.0.1', '内网IP', 'Mobile Safari', 'Mac OS X (iPhone)', '0', '退出成功', '2022-06-21 11:28:02');
INSERT INTO `sys_logininfor` VALUES (97, 'admin', '127.0.0.1', '内网IP', 'Mobile Safari', 'Mac OS X (iPhone)', '0', '登录成功', '2022-06-21 11:28:11');
INSERT INTO `sys_logininfor` VALUES (98, 'admin', '127.0.0.1', '内网IP', 'Mobile Safari', 'Mac OS X (iPhone)', '0', '退出成功', '2022-06-21 11:34:41');
INSERT INTO `sys_logininfor` VALUES (99, 'admin', '127.0.0.1', '内网IP', 'Mobile Safari', 'Mac OS X (iPhone)', '0', '登录成功', '2022-06-21 11:34:49');
INSERT INTO `sys_logininfor` VALUES (100, 'admin', '127.0.0.1', '内网IP', 'Chrome 10', 'Windows 10', '0', '退出成功', '2022-06-21 11:35:42');
INSERT INTO `sys_logininfor` VALUES (101, 'admin', '127.0.0.1', '内网IP', 'Chrome 10', 'Windows 10', '0', '登录成功', '2022-06-21 11:35:45');
INSERT INTO `sys_logininfor` VALUES (102, 'admin', '127.0.0.1', '内网IP', 'Mobile Safari', 'Mac OS X (iPhone)', '0', '退出成功', '2022-06-21 11:36:19');
INSERT INTO `sys_logininfor` VALUES (103, 'admin', '127.0.0.1', '内网IP', 'Mobile Safari', 'Mac OS X (iPhone)', '0', '登录成功', '2022-06-21 11:36:30');
INSERT INTO `sys_logininfor` VALUES (104, 'admin', '127.0.0.1', '内网IP', 'Chrome 10', 'Windows 10', '0', '退出成功', '2022-06-21 11:37:09');
INSERT INTO `sys_logininfor` VALUES (105, 'admin', '127.0.0.1', '内网IP', 'Chrome 10', 'Windows 10', '0', '登录成功', '2022-06-21 11:37:14');
INSERT INTO `sys_logininfor` VALUES (106, 'admin', '127.0.0.1', '内网IP', 'Chrome 10', 'Windows 10', '0', '退出成功', '2022-06-21 11:38:25');
INSERT INTO `sys_logininfor` VALUES (107, 'admin', '127.0.0.1', '内网IP', 'Chrome 10', 'Windows 10', '0', '登录成功', '2022-06-21 11:38:30');
INSERT INTO `sys_logininfor` VALUES (108, 'admin', '127.0.0.1', '内网IP', 'Mobile Safari', 'Mac OS X (iPhone)', '0', '登录成功', '2022-06-21 14:10:46');
INSERT INTO `sys_logininfor` VALUES (109, 'admin', '127.0.0.1', '内网IP', 'Mobile Safari', 'Mac OS X (iPhone)', '0', '退出成功', '2022-06-21 14:22:27');
INSERT INTO `sys_logininfor` VALUES (110, 'admin', '127.0.0.1', '内网IP', 'Mobile Safari', 'Mac OS X (iPhone)', '0', '登录成功', '2022-06-21 14:22:37');
INSERT INTO `sys_logininfor` VALUES (111, 'admin', '127.0.0.1', '内网IP', 'Mobile Safari', 'Mac OS X (iPhone)', '0', '退出成功', '2022-06-21 14:24:08');
INSERT INTO `sys_logininfor` VALUES (112, 'admin', '127.0.0.1', '内网IP', 'Mobile Safari', 'Mac OS X (iPhone)', '0', '登录成功', '2022-06-21 14:24:21');
INSERT INTO `sys_logininfor` VALUES (113, 'admin', '127.0.0.1', '内网IP', 'Mobile Safari', 'Mac OS X (iPhone)', '0', '登录成功', '2022-06-22 08:17:31');
INSERT INTO `sys_logininfor` VALUES (114, 'admin', '127.0.0.1', '内网IP', 'Mobile Safari', 'Mac OS X (iPhone)', '0', '登录成功', '2022-06-22 08:52:04');
INSERT INTO `sys_logininfor` VALUES (115, 'admin', '127.0.0.1', '内网IP', 'Mobile Safari', 'Mac OS X (iPhone)', '0', '登录成功', '2022-06-22 09:52:33');
INSERT INTO `sys_logininfor` VALUES (116, 'admin', '127.0.0.1', '内网IP', 'Chrome 10', 'Windows 10', '0', '登录成功', '2022-06-22 10:58:32');
INSERT INTO `sys_logininfor` VALUES (117, 'admin', '127.0.0.1', '内网IP', 'Mobile Safari', 'Mac OS X (iPhone)', '0', '登录成功', '2022-06-22 11:28:02');
INSERT INTO `sys_logininfor` VALUES (118, 'admin', '127.0.0.1', '内网IP', 'Chrome 10', 'Windows 10', '1', '验证码已失效', '2022-06-22 14:08:00');
INSERT INTO `sys_logininfor` VALUES (119, 'admin', '127.0.0.1', '内网IP', 'Chrome 10', 'Windows 10', '0', '登录成功', '2022-06-22 14:08:05');
INSERT INTO `sys_logininfor` VALUES (120, 'admin', '127.0.0.1', '内网IP', 'Mobile Safari', 'Mac OS X (iPhone)', '0', '登录成功', '2022-06-22 14:09:55');
INSERT INTO `sys_logininfor` VALUES (121, 'admin', '127.0.0.1', '内网IP', 'Chrome 10', 'Windows 10', '0', '退出成功', '2022-06-22 14:54:14');
INSERT INTO `sys_logininfor` VALUES (122, 'admin', '127.0.0.1', '内网IP', 'Chrome 10', 'Windows 10', '0', '登录成功', '2022-06-22 14:54:17');
INSERT INTO `sys_logininfor` VALUES (123, 'admin', '127.0.0.1', '内网IP', 'Chrome 10', 'Windows 10', '0', '退出成功', '2022-06-22 14:58:21');
INSERT INTO `sys_logininfor` VALUES (124, 'admin', '127.0.0.1', '内网IP', 'Chrome 10', 'Windows 10', '0', '登录成功', '2022-06-22 14:58:25');
INSERT INTO `sys_logininfor` VALUES (125, 'admin', '127.0.0.1', '内网IP', 'Mobile Safari', 'Mac OS X (iPhone)', '0', '退出成功', '2022-06-22 16:04:59');
INSERT INTO `sys_logininfor` VALUES (126, 'admin', '127.0.0.1', '内网IP', 'Chrome Mobile', 'Android 6.x', '1', '验证码错误', '2022-06-22 17:29:32');
INSERT INTO `sys_logininfor` VALUES (127, 'admin', '127.0.0.1', '内网IP', 'Chrome Mobile', 'Android 6.x', '0', '登录成功', '2022-06-22 17:29:36');
INSERT INTO `sys_logininfor` VALUES (128, 'admin', '127.0.0.1', '内网IP', 'Mobile Safari', 'Mac OS X (iPhone)', '0', '退出成功', '2022-06-22 17:30:05');
INSERT INTO `sys_logininfor` VALUES (129, 'admin', '127.0.0.1', '内网IP', 'Mobile Safari', 'Mac OS X (iPhone)', '0', '登录成功', '2022-06-22 17:30:15');
INSERT INTO `sys_logininfor` VALUES (130, 'admin', '127.0.0.1', '内网IP', 'Mobile Safari', 'Mac OS X (iPhone)', '0', '退出成功', '2022-06-22 17:36:25');
INSERT INTO `sys_logininfor` VALUES (131, 'admin', '127.0.0.1', '内网IP', 'Mobile Safari', 'Mac OS X (iPhone)', '0', '登录成功', '2022-06-22 17:36:48');
INSERT INTO `sys_logininfor` VALUES (132, 'admin', '127.0.0.1', '内网IP', 'Mobile Safari', 'Mac OS X (iPhone)', '0', '退出成功', '2022-06-22 17:55:19');
INSERT INTO `sys_logininfor` VALUES (133, 'admin', '127.0.0.1', '内网IP', 'Mobile Safari', 'Mac OS X (iPhone)', '0', '登录成功', '2022-06-22 17:57:17');
INSERT INTO `sys_logininfor` VALUES (134, 'admin', '127.0.0.1', '内网IP', 'Mobile Safari', 'Mac OS X (iPhone)', '0', '退出成功', '2022-06-22 18:04:46');
INSERT INTO `sys_logininfor` VALUES (135, 'admin', '127.0.0.1', '内网IP', 'Mobile Safari', 'Mac OS X (iPhone)', '1', '验证码已失效', '2022-06-22 18:13:36');
INSERT INTO `sys_logininfor` VALUES (136, 'admin', '127.0.0.1', '内网IP', 'Mobile Safari', 'Mac OS X (iPhone)', '0', '登录成功', '2022-06-22 18:13:40');
INSERT INTO `sys_logininfor` VALUES (137, 'admin', '127.0.0.1', '内网IP', 'Chrome 10', 'Windows 10', '0', '登录成功', '2022-06-23 14:40:35');
INSERT INTO `sys_logininfor` VALUES (138, 'admin', '127.0.0.1', '内网IP', 'Mobile Safari', 'Mac OS X (iPhone)', '0', '登录成功', '2022-06-23 14:42:53');
INSERT INTO `sys_logininfor` VALUES (139, 'admin', '127.0.0.1', '内网IP', 'Chrome 10', 'Windows 10', '0', '登录成功', '2022-06-23 16:15:00');
INSERT INTO `sys_logininfor` VALUES (140, 'admin', '127.0.0.1', '内网IP', 'Chrome 10', 'Windows 10', '0', '登录成功', '2022-06-23 17:17:56');
INSERT INTO `sys_logininfor` VALUES (141, 'admin', '127.0.0.1', '内网IP', 'Chrome 10', 'Windows 10', '0', '登录成功', '2022-07-28 09:56:34');
INSERT INTO `sys_logininfor` VALUES (142, 'admin', '127.0.0.1', '内网IP', 'Chrome 10', 'Windows 10', '0', '退出成功', '2022-07-28 09:57:16');
INSERT INTO `sys_logininfor` VALUES (143, 'admin', '127.0.0.1', '内网IP', 'Chrome 10', 'Windows 10', '0', '登录成功', '2022-09-23 15:53:08');
INSERT INTO `sys_logininfor` VALUES (144, 'admin', '127.0.0.1', '内网IP', 'Chrome 10', 'Windows 10', '0', '登录成功', '2022-09-26 08:40:55');
INSERT INTO `sys_logininfor` VALUES (145, 'admin', '127.0.0.1', '内网IP', 'Chrome 10', 'Windows 10', '1', '验证码错误', '2022-09-26 09:34:28');
INSERT INTO `sys_logininfor` VALUES (146, 'admin', '127.0.0.1', '内网IP', 'Chrome 10', 'Windows 10', '0', '登录成功', '2022-09-26 09:34:31');
INSERT INTO `sys_logininfor` VALUES (147, 'admin', '127.0.0.1', '内网IP', 'Chrome 10', 'Windows 10', '0', '登录成功', '2022-09-26 10:07:34');
INSERT INTO `sys_logininfor` VALUES (148, 'admin', '127.0.0.1', '内网IP', 'Chrome 10', 'Windows 10', '0', '登录成功', '2022-09-26 11:11:36');
INSERT INTO `sys_logininfor` VALUES (149, 'admin', '127.0.0.1', '内网IP', 'Chrome 10', 'Windows 10', '0', '登录成功', '2022-09-26 14:03:55');
INSERT INTO `sys_logininfor` VALUES (150, 'admin', '127.0.0.1', '内网IP', 'Chrome 10', 'Windows 10', '0', '登录成功', '2022-09-26 15:21:41');
INSERT INTO `sys_logininfor` VALUES (151, 'admin', '127.0.0.1', '内网IP', 'Chrome 10', 'Windows 10', '0', '登录成功', '2022-09-26 15:53:16');
INSERT INTO `sys_logininfor` VALUES (152, 'admin', '127.0.0.1', '内网IP', 'Chrome 10', 'Windows 10', '0', '登录成功', '2022-09-26 16:52:52');
INSERT INTO `sys_logininfor` VALUES (153, 'admin', '127.0.0.1', '内网IP', 'Chrome 10', 'Windows 10', '0', '登录成功', '2022-09-27 08:27:54');
INSERT INTO `sys_logininfor` VALUES (154, 'lixinyuan', '127.0.0.1', '内网IP', 'Chrome 11', 'Windows 10', '0', '注册成功', '2023-10-13 08:25:10');
INSERT INTO `sys_logininfor` VALUES (155, 'lixinyuan', '127.0.0.1', '内网IP', 'Chrome 11', 'Windows 10', '0', '登录成功', '2023-10-13 08:25:30');
INSERT INTO `sys_logininfor` VALUES (156, 'lixinyuan', '127.0.0.1', '内网IP', 'Chrome 11', 'Windows 10', '0', '退出成功', '2023-10-13 08:26:21');
INSERT INTO `sys_logininfor` VALUES (157, 'admin', '127.0.0.1', '内网IP', 'Chrome 11', 'Windows 10', '1', '用户不存在/密码错误', '2023-10-13 08:26:33');
INSERT INTO `sys_logininfor` VALUES (158, 'admin', '127.0.0.1', '内网IP', 'Chrome 11', 'Windows 10', '1', '验证码错误', '2023-10-13 08:27:48');
INSERT INTO `sys_logininfor` VALUES (159, 'admin', '127.0.0.1', '内网IP', 'Chrome 11', 'Windows 10', '1', '用户不存在/密码错误', '2023-10-13 08:27:52');
INSERT INTO `sys_logininfor` VALUES (160, 'admin', '127.0.0.1', '内网IP', 'Chrome 11', 'Windows 10', '0', '登录成功', '2023-10-13 08:28:55');
INSERT INTO `sys_logininfor` VALUES (161, 'admin', '127.0.0.1', '内网IP', 'Chrome 11', 'Windows 10', '0', '退出成功', '2023-10-13 09:02:08');
INSERT INTO `sys_logininfor` VALUES (162, '若依', '127.0.0.1', '内网IP', 'Chrome 11', 'Windows 10', '0', '登录成功', '2023-10-13 09:02:28');
INSERT INTO `sys_logininfor` VALUES (163, '若依', '127.0.0.1', '内网IP', 'Chrome 11', 'Windows 10', '0', '退出成功', '2023-10-13 09:24:49');
INSERT INTO `sys_logininfor` VALUES (164, 'admin', '127.0.0.1', '内网IP', 'Chrome 11', 'Windows 10', '0', '登录成功', '2023-10-13 09:24:58');
INSERT INTO `sys_logininfor` VALUES (165, 'admin', '127.0.0.1', '内网IP', 'Chrome 11', 'Windows 10', '0', '登录成功', '2023-10-13 09:49:11');
INSERT INTO `sys_logininfor` VALUES (166, 'admin', '127.0.0.1', '内网IP', 'Chrome 11', 'Windows 10', '0', '登录成功', '2023-10-13 14:15:49');
INSERT INTO `sys_logininfor` VALUES (167, 'admin', '127.0.0.1', '内网IP', 'Chrome 11', 'Windows 10', '0', '退出成功', '2023-10-13 15:45:22');

-- ----------------------------
-- Table structure for sys_menu
-- ----------------------------
DROP TABLE IF EXISTS `sys_menu`;
CREATE TABLE `sys_menu`  (
  `menu_id` bigint(0) NOT NULL AUTO_INCREMENT COMMENT '菜单ID',
  `menu_name` varchar(50) CHARACTER SET utf8mb4 COLLATE utf8mb4_general_ci NOT NULL COMMENT '菜单名称',
  `parent_id` bigint(0) NULL DEFAULT 0 COMMENT '父菜单ID',
  `order_num` int(0) NULL DEFAULT 0 COMMENT '显示顺序',
  `path` varchar(200) CHARACTER SET utf8mb4 COLLATE utf8mb4_general_ci NULL DEFAULT '' COMMENT '路由地址',
  `component` varchar(255) CHARACTER SET utf8mb4 COLLATE utf8mb4_general_ci NULL DEFAULT NULL COMMENT '组件路径',
  `query` varchar(255) CHARACTER SET utf8mb4 COLLATE utf8mb4_general_ci NULL DEFAULT NULL COMMENT '路由参数',
  `is_frame` int(0) NULL DEFAULT 1 COMMENT '是否为外链（0是 1否）',
  `is_cache` int(0) NULL DEFAULT 0 COMMENT '是否缓存（0缓存 1不缓存）',
  `menu_type` char(1) CHARACTER SET utf8mb4 COLLATE utf8mb4_general_ci NULL DEFAULT '' COMMENT '菜单类型（M目录 C菜单 F按钮）',
  `visible` char(1) CHARACTER SET utf8mb4 COLLATE utf8mb4_general_ci NULL DEFAULT '0' COMMENT '菜单状态（0显示 1隐藏）',
  `status` char(1) CHARACTER SET utf8mb4 COLLATE utf8mb4_general_ci NULL DEFAULT '0' COMMENT '菜单状态（0正常 1停用）',
  `perms` varchar(100) CHARACTER SET utf8mb4 COLLATE utf8mb4_general_ci NULL DEFAULT NULL COMMENT '权限标识',
  `icon` varchar(100) CHARACTER SET utf8mb4 COLLATE utf8mb4_general_ci NULL DEFAULT '#' COMMENT '菜单图标',
  `create_by` varchar(64) CHARACTER SET utf8mb4 COLLATE utf8mb4_general_ci NULL DEFAULT '' COMMENT '创建者',
  `create_time` datetime(0) NULL DEFAULT NULL COMMENT '创建时间',
  `update_by` varchar(64) CHARACTER SET utf8mb4 COLLATE utf8mb4_general_ci NULL DEFAULT '' COMMENT '更新者',
  `update_time` datetime(0) NULL DEFAULT NULL COMMENT '更新时间',
  `remark` varchar(500) CHARACTER SET utf8mb4 COLLATE utf8mb4_general_ci NULL DEFAULT '' COMMENT '备注',
  PRIMARY KEY (`menu_id`) USING BTREE
) ENGINE = InnoDB AUTO_INCREMENT = 2074 CHARACTER SET = utf8mb4 COLLATE = utf8mb4_general_ci COMMENT = '菜单权限表' ROW_FORMAT = Dynamic;

-- ----------------------------
-- Records of sys_menu
-- ----------------------------
INSERT INTO `sys_menu` VALUES (1, '系统管理', 0, 1, 'system', NULL, '', 1, 0, 'M', '0', '0', '', 'system', 'admin', '2021-12-10 14:12:14', '', NULL, '系统管理目录');
INSERT INTO `sys_menu` VALUES (2, '系统监控', 0, 2, 'monitor', NULL, '', 1, 0, 'M', '0', '0', '', 'monitor', 'admin', '2021-12-10 14:12:14', '', NULL, '系统监控目录');
INSERT INTO `sys_menu` VALUES (3, '系统工具', 0, 3, 'tool', NULL, '', 1, 0, 'M', '0', '0', '', 'tool', 'admin', '2021-12-10 14:12:14', '', NULL, '系统工具目录');
INSERT INTO `sys_menu` VALUES (4, '博客官网', 0, 4, 'http://localhost/cms/main/cmsIndex', NULL, '', 0, 0, 'M', '0', '0', '', 'guide', 'admin', '2021-12-10 14:12:14', 'admin', '2022-01-20 09:22:17', '若依官网地址');
INSERT INTO `sys_menu` VALUES (100, '用户管理', 1, 3, 'user', 'system/user/index', '', 1, 0, 'C', '0', '0', 'system:user:list', 'user', 'admin', '2021-12-10 14:12:14', 'admin', '2021-12-10 15:43:44', '用户管理菜单');
INSERT INTO `sys_menu` VALUES (101, '角色管理', 1, 4, 'role', 'system/role/index', '', 1, 0, 'C', '0', '0', 'system:role:list', 'peoples', 'admin', '2021-12-10 14:12:14', 'admin', '2021-12-10 15:43:58', '角色管理菜单');
INSERT INTO `sys_menu` VALUES (102, '菜单管理', 1, 5, 'menu', 'system/menu/index', '', 1, 0, 'C', '0', '0', 'system:menu:list', 'tree-table', 'admin', '2021-12-10 14:12:14', 'admin', '2021-12-10 15:44:17', '菜单管理菜单');
INSERT INTO `sys_menu` VALUES (103, '部门管理', 1, 1, 'dept', 'system/dept/index', '', 1, 0, 'C', '0', '0', 'system:dept:list', 'tree', 'admin', '2021-12-10 14:12:14', 'admin', '2021-12-10 15:43:17', '部门管理菜单');
INSERT INTO `sys_menu` VALUES (104, '岗位管理', 1, 2, 'post', 'system/post/index', '', 1, 0, 'C', '0', '0', 'system:post:list', 'post', 'admin', '2021-12-10 14:12:14', 'admin', '2021-12-10 15:43:28', '岗位管理菜单');
INSERT INTO `sys_menu` VALUES (105, '字典管理', 1, 6, 'dict', 'system/dict/index', '', 1, 0, 'C', '0', '0', 'system:dict:list', 'dict', 'admin', '2021-12-10 14:12:14', '', NULL, '字典管理菜单');
INSERT INTO `sys_menu` VALUES (106, '参数设置', 1, 7, 'config', 'system/config/index', '', 1, 0, 'C', '0', '0', 'system:config:list', 'edit', 'admin', '2021-12-10 14:12:14', '', NULL, '参数设置菜单');
INSERT INTO `sys_menu` VALUES (107, '通知公告', 1, 8, 'notice', 'system/notice/index', '', 1, 0, 'C', '0', '0', 'system:notice:list', 'message', 'admin', '2021-12-10 14:12:14', '', NULL, '通知公告菜单');
INSERT INTO `sys_menu` VALUES (108, '日志管理', 1, 9, 'log', '', '', 1, 0, 'M', '0', '0', '', 'log', 'admin', '2021-12-10 14:12:14', '', NULL, '日志管理菜单');
INSERT INTO `sys_menu` VALUES (109, '在线用户', 2, 1, 'online', 'monitor/online/index', '', 1, 0, 'C', '0', '0', 'monitor:online:list', 'online', 'admin', '2021-12-10 14:12:14', '', NULL, '在线用户菜单');
INSERT INTO `sys_menu` VALUES (110, '定时任务', 2, 2, 'job', 'monitor/job/index', '', 1, 0, 'C', '0', '0', 'monitor:job:list', 'job', 'admin', '2021-12-10 14:12:14', '', NULL, '定时任务菜单');
INSERT INTO `sys_menu` VALUES (111, '数据监控', 2, 3, 'druid', 'monitor/druid/index', '', 1, 0, 'C', '0', '0', 'monitor:druid:list', 'druid', 'admin', '2021-12-10 14:12:14', '', NULL, '数据监控菜单');
INSERT INTO `sys_menu` VALUES (112, '服务监控', 2, 4, 'server', 'monitor/server/index', '', 1, 0, 'C', '0', '0', 'monitor:server:list', 'server', 'admin', '2021-12-10 14:12:14', '', NULL, '服务监控菜单');
INSERT INTO `sys_menu` VALUES (113, '缓存监控', 2, 5, 'cache', 'monitor/cache/index', '', 1, 0, 'C', '0', '0', 'monitor:cache:list', 'redis', 'admin', '2021-12-10 14:12:14', '', NULL, '缓存监控菜单');
INSERT INTO `sys_menu` VALUES (114, '表单构建', 3, 1, 'build', 'tool/build/index', '', 1, 0, 'C', '0', '0', 'tool:build:list', 'build', 'admin', '2021-12-10 14:12:14', '', NULL, '表单构建菜单');
INSERT INTO `sys_menu` VALUES (115, '代码生成', 3, 2, 'gen', 'tool/gen/index', '', 1, 0, 'C', '0', '0', 'tool:gen:list', 'code', 'admin', '2021-12-10 14:12:14', '', NULL, '代码生成菜单');
INSERT INTO `sys_menu` VALUES (116, '系统接口', 3, 3, 'swagger', 'tool/swagger/index', '', 1, 0, 'C', '0', '0', 'tool:swagger:list', 'swagger', 'admin', '2021-12-10 14:12:14', '', NULL, '系统接口菜单');
INSERT INTO `sys_menu` VALUES (500, '操作日志', 108, 1, 'operlog', 'monitor/operlog/index', '', 1, 0, 'C', '0', '0', 'monitor:operlog:list', 'form', 'admin', '2021-12-10 14:12:14', '', NULL, '操作日志菜单');
INSERT INTO `sys_menu` VALUES (501, '登录日志', 108, 2, 'logininfor', 'monitor/logininfor/index', '', 1, 0, 'C', '0', '0', 'monitor:logininfor:list', 'logininfor', 'admin', '2021-12-10 14:12:14', '', NULL, '登录日志菜单');
INSERT INTO `sys_menu` VALUES (1001, '用户查询', 100, 1, '', '', '', 1, 0, 'F', '0', '0', 'system:user:query', '#', 'admin', '2021-12-10 14:12:14', '', NULL, '');
INSERT INTO `sys_menu` VALUES (1002, '用户新增', 100, 2, '', '', '', 1, 0, 'F', '0', '0', 'system:user:add', '#', 'admin', '2021-12-10 14:12:14', '', NULL, '');
INSERT INTO `sys_menu` VALUES (1003, '用户修改', 100, 3, '', '', '', 1, 0, 'F', '0', '0', 'system:user:edit', '#', 'admin', '2021-12-10 14:12:14', '', NULL, '');
INSERT INTO `sys_menu` VALUES (1004, '用户删除', 100, 4, '', '', '', 1, 0, 'F', '0', '0', 'system:user:remove', '#', 'admin', '2021-12-10 14:12:14', '', NULL, '');
INSERT INTO `sys_menu` VALUES (1005, '用户导出', 100, 5, '', '', '', 1, 0, 'F', '0', '0', 'system:user:export', '#', 'admin', '2021-12-10 14:12:14', '', NULL, '');
INSERT INTO `sys_menu` VALUES (1006, '用户导入', 100, 6, '', '', '', 1, 0, 'F', '0', '0', 'system:user:import', '#', 'admin', '2021-12-10 14:12:14', '', NULL, '');
INSERT INTO `sys_menu` VALUES (1007, '重置密码', 100, 7, '', '', '', 1, 0, 'F', '0', '0', 'system:user:resetPwd', '#', 'admin', '2021-12-10 14:12:14', '', NULL, '');
INSERT INTO `sys_menu` VALUES (1008, '角色查询', 101, 1, '', '', '', 1, 0, 'F', '0', '0', 'system:role:query', '#', 'admin', '2021-12-10 14:12:14', '', NULL, '');
INSERT INTO `sys_menu` VALUES (1009, '角色新增', 101, 2, '', '', '', 1, 0, 'F', '0', '0', 'system:role:add', '#', 'admin', '2021-12-10 14:12:14', '', NULL, '');
INSERT INTO `sys_menu` VALUES (1010, '角色修改', 101, 3, '', '', '', 1, 0, 'F', '0', '0', 'system:role:edit', '#', 'admin', '2021-12-10 14:12:14', '', NULL, '');
INSERT INTO `sys_menu` VALUES (1011, '角色删除', 101, 4, '', '', '', 1, 0, 'F', '0', '0', 'system:role:remove', '#', 'admin', '2021-12-10 14:12:14', '', NULL, '');
INSERT INTO `sys_menu` VALUES (1012, '角色导出', 101, 5, '', '', '', 1, 0, 'F', '0', '0', 'system:role:export', '#', 'admin', '2021-12-10 14:12:14', '', NULL, '');
INSERT INTO `sys_menu` VALUES (1013, '菜单查询', 102, 1, '', '', '', 1, 0, 'F', '0', '0', 'system:menu:query', '#', 'admin', '2021-12-10 14:12:14', '', NULL, '');
INSERT INTO `sys_menu` VALUES (1014, '菜单新增', 102, 2, '', '', '', 1, 0, 'F', '0', '0', 'system:menu:add', '#', 'admin', '2021-12-10 14:12:14', '', NULL, '');
INSERT INTO `sys_menu` VALUES (1015, '菜单修改', 102, 3, '', '', '', 1, 0, 'F', '0', '0', 'system:menu:edit', '#', 'admin', '2021-12-10 14:12:14', '', NULL, '');
INSERT INTO `sys_menu` VALUES (1016, '菜单删除', 102, 4, '', '', '', 1, 0, 'F', '0', '0', 'system:menu:remove', '#', 'admin', '2021-12-10 14:12:14', '', NULL, '');
INSERT INTO `sys_menu` VALUES (1017, '部门查询', 103, 1, '', '', '', 1, 0, 'F', '0', '0', 'system:dept:query', '#', 'admin', '2021-12-10 14:12:14', '', NULL, '');
INSERT INTO `sys_menu` VALUES (1018, '部门新增', 103, 2, '', '', '', 1, 0, 'F', '0', '0', 'system:dept:add', '#', 'admin', '2021-12-10 14:12:14', '', NULL, '');
INSERT INTO `sys_menu` VALUES (1019, '部门修改', 103, 3, '', '', '', 1, 0, 'F', '0', '0', 'system:dept:edit', '#', 'admin', '2021-12-10 14:12:14', '', NULL, '');
INSERT INTO `sys_menu` VALUES (1020, '部门删除', 103, 4, '', '', '', 1, 0, 'F', '0', '0', 'system:dept:remove', '#', 'admin', '2021-12-10 14:12:14', '', NULL, '');
INSERT INTO `sys_menu` VALUES (1021, '岗位查询', 104, 1, '', '', '', 1, 0, 'F', '0', '0', 'system:post:query', '#', 'admin', '2021-12-10 14:12:14', '', NULL, '');
INSERT INTO `sys_menu` VALUES (1022, '岗位新增', 104, 2, '', '', '', 1, 0, 'F', '0', '0', 'system:post:add', '#', 'admin', '2021-12-10 14:12:14', '', NULL, '');
INSERT INTO `sys_menu` VALUES (1023, '岗位修改', 104, 3, '', '', '', 1, 0, 'F', '0', '0', 'system:post:edit', '#', 'admin', '2021-12-10 14:12:14', '', NULL, '');
INSERT INTO `sys_menu` VALUES (1024, '岗位删除', 104, 4, '', '', '', 1, 0, 'F', '0', '0', 'system:post:remove', '#', 'admin', '2021-12-10 14:12:14', '', NULL, '');
INSERT INTO `sys_menu` VALUES (1025, '岗位导出', 104, 5, '', '', '', 1, 0, 'F', '0', '0', 'system:post:export', '#', 'admin', '2021-12-10 14:12:14', '', NULL, '');
INSERT INTO `sys_menu` VALUES (1026, '字典查询', 105, 1, '#', '', '', 1, 0, 'F', '0', '0', 'system:dict:query', '#', 'admin', '2021-12-10 14:12:14', '', NULL, '');
INSERT INTO `sys_menu` VALUES (1027, '字典新增', 105, 2, '#', '', '', 1, 0, 'F', '0', '0', 'system:dict:add', '#', 'admin', '2021-12-10 14:12:14', '', NULL, '');
INSERT INTO `sys_menu` VALUES (1028, '字典修改', 105, 3, '#', '', '', 1, 0, 'F', '0', '0', 'system:dict:edit', '#', 'admin', '2021-12-10 14:12:14', '', NULL, '');
INSERT INTO `sys_menu` VALUES (1029, '字典删除', 105, 4, '#', '', '', 1, 0, 'F', '0', '0', 'system:dict:remove', '#', 'admin', '2021-12-10 14:12:14', '', NULL, '');
INSERT INTO `sys_menu` VALUES (1030, '字典导出', 105, 5, '#', '', '', 1, 0, 'F', '0', '0', 'system:dict:export', '#', 'admin', '2021-12-10 14:12:14', '', NULL, '');
INSERT INTO `sys_menu` VALUES (1031, '参数查询', 106, 1, '#', '', '', 1, 0, 'F', '0', '0', 'system:config:query', '#', 'admin', '2021-12-10 14:12:14', '', NULL, '');
INSERT INTO `sys_menu` VALUES (1032, '参数新增', 106, 2, '#', '', '', 1, 0, 'F', '0', '0', 'system:config:add', '#', 'admin', '2021-12-10 14:12:14', '', NULL, '');
INSERT INTO `sys_menu` VALUES (1033, '参数修改', 106, 3, '#', '', '', 1, 0, 'F', '0', '0', 'system:config:edit', '#', 'admin', '2021-12-10 14:12:14', '', NULL, '');
INSERT INTO `sys_menu` VALUES (1034, '参数删除', 106, 4, '#', '', '', 1, 0, 'F', '0', '0', 'system:config:remove', '#', 'admin', '2021-12-10 14:12:14', '', NULL, '');
INSERT INTO `sys_menu` VALUES (1035, '参数导出', 106, 5, '#', '', '', 1, 0, 'F', '0', '0', 'system:config:export', '#', 'admin', '2021-12-10 14:12:14', '', NULL, '');
INSERT INTO `sys_menu` VALUES (1036, '公告查询', 107, 1, '#', '', '', 1, 0, 'F', '0', '0', 'system:notice:query', '#', 'admin', '2021-12-10 14:12:14', '', NULL, '');
INSERT INTO `sys_menu` VALUES (1037, '公告新增', 107, 2, '#', '', '', 1, 0, 'F', '0', '0', 'system:notice:add', '#', 'admin', '2021-12-10 14:12:14', '', NULL, '');
INSERT INTO `sys_menu` VALUES (1038, '公告修改', 107, 3, '#', '', '', 1, 0, 'F', '0', '0', 'system:notice:edit', '#', 'admin', '2021-12-10 14:12:14', '', NULL, '');
INSERT INTO `sys_menu` VALUES (1039, '公告删除', 107, 4, '#', '', '', 1, 0, 'F', '0', '0', 'system:notice:remove', '#', 'admin', '2021-12-10 14:12:14', '', NULL, '');
INSERT INTO `sys_menu` VALUES (1040, '操作查询', 500, 1, '#', '', '', 1, 0, 'F', '0', '0', 'monitor:operlog:query', '#', 'admin', '2021-12-10 14:12:14', '', NULL, '');
INSERT INTO `sys_menu` VALUES (1041, '操作删除', 500, 2, '#', '', '', 1, 0, 'F', '0', '0', 'monitor:operlog:remove', '#', 'admin', '2021-12-10 14:12:14', '', NULL, '');
INSERT INTO `sys_menu` VALUES (1042, '日志导出', 500, 4, '#', '', '', 1, 0, 'F', '0', '0', 'monitor:operlog:export', '#', 'admin', '2021-12-10 14:12:14', '', NULL, '');
INSERT INTO `sys_menu` VALUES (1043, '登录查询', 501, 1, '#', '', '', 1, 0, 'F', '0', '0', 'monitor:logininfor:query', '#', 'admin', '2021-12-10 14:12:14', '', NULL, '');
INSERT INTO `sys_menu` VALUES (1044, '登录删除', 501, 2, '#', '', '', 1, 0, 'F', '0', '0', 'monitor:logininfor:remove', '#', 'admin', '2021-12-10 14:12:14', '', NULL, '');
INSERT INTO `sys_menu` VALUES (1045, '日志导出', 501, 3, '#', '', '', 1, 0, 'F', '0', '0', 'monitor:logininfor:export', '#', 'admin', '2021-12-10 14:12:14', '', NULL, '');
INSERT INTO `sys_menu` VALUES (1046, '在线查询', 109, 1, '#', '', '', 1, 0, 'F', '0', '0', 'monitor:online:query', '#', 'admin', '2021-12-10 14:12:14', '', NULL, '');
INSERT INTO `sys_menu` VALUES (1047, '批量强退', 109, 2, '#', '', '', 1, 0, 'F', '0', '0', 'monitor:online:batchLogout', '#', 'admin', '2021-12-10 14:12:14', '', NULL, '');
INSERT INTO `sys_menu` VALUES (1048, '单条强退', 109, 3, '#', '', '', 1, 0, 'F', '0', '0', 'monitor:online:forceLogout', '#', 'admin', '2021-12-10 14:12:14', '', NULL, '');
INSERT INTO `sys_menu` VALUES (1049, '任务查询', 110, 1, '#', '', '', 1, 0, 'F', '0', '0', 'monitor:job:query', '#', 'admin', '2021-12-10 14:12:14', '', NULL, '');
INSERT INTO `sys_menu` VALUES (1050, '任务新增', 110, 2, '#', '', '', 1, 0, 'F', '0', '0', 'monitor:job:add', '#', 'admin', '2021-12-10 14:12:14', '', NULL, '');
INSERT INTO `sys_menu` VALUES (1051, '任务修改', 110, 3, '#', '', '', 1, 0, 'F', '0', '0', 'monitor:job:edit', '#', 'admin', '2021-12-10 14:12:14', '', NULL, '');
INSERT INTO `sys_menu` VALUES (1052, '任务删除', 110, 4, '#', '', '', 1, 0, 'F', '0', '0', 'monitor:job:remove', '#', 'admin', '2021-12-10 14:12:14', '', NULL, '');
INSERT INTO `sys_menu` VALUES (1053, '状态修改', 110, 5, '#', '', '', 1, 0, 'F', '0', '0', 'monitor:job:changeStatus', '#', 'admin', '2021-12-10 14:12:14', '', NULL, '');
INSERT INTO `sys_menu` VALUES (1054, '任务导出', 110, 7, '#', '', '', 1, 0, 'F', '0', '0', 'monitor:job:export', '#', 'admin', '2021-12-10 14:12:14', '', NULL, '');
INSERT INTO `sys_menu` VALUES (1055, '生成查询', 115, 1, '#', '', '', 1, 0, 'F', '0', '0', 'tool:gen:query', '#', 'admin', '2021-12-10 14:12:14', '', NULL, '');
INSERT INTO `sys_menu` VALUES (1056, '生成修改', 115, 2, '#', '', '', 1, 0, 'F', '0', '0', 'tool:gen:edit', '#', 'admin', '2021-12-10 14:12:14', '', NULL, '');
INSERT INTO `sys_menu` VALUES (1057, '生成删除', 115, 3, '#', '', '', 1, 0, 'F', '0', '0', 'tool:gen:remove', '#', 'admin', '2021-12-10 14:12:14', '', NULL, '');
INSERT INTO `sys_menu` VALUES (1058, '导入代码', 115, 2, '#', '', '', 1, 0, 'F', '0', '0', 'tool:gen:import', '#', 'admin', '2021-12-10 14:12:14', '', NULL, '');
INSERT INTO `sys_menu` VALUES (1059, '预览代码', 115, 4, '#', '', '', 1, 0, 'F', '0', '0', 'tool:gen:preview', '#', 'admin', '2021-12-10 14:12:14', '', NULL, '');
INSERT INTO `sys_menu` VALUES (1060, '生成代码', 115, 5, '#', '', '', 1, 0, 'F', '0', '0', 'tool:gen:code', '#', 'admin', '2021-12-10 14:12:14', '', NULL, '');
INSERT INTO `sys_menu` VALUES (2007, '内容管理', 0, 1, 'cms', NULL, NULL, 1, 0, 'M', '0', '0', NULL, 'documentation', 'admin', '2021-12-20 14:53:48', '', NULL, '');
INSERT INTO `sys_menu` VALUES (2026, '文件管理', 2007, 8, 'fileInfo', 'cms/fileInfo/index', NULL, 1, 0, 'C', '0', '0', 'cms:fileInfo:list', '#', 'admin', '2021-12-27 22:29:53', 'admin', '2022-01-21 10:28:14', '文件管理菜单');
INSERT INTO `sys_menu` VALUES (2027, '文件管理查询', 2026, 1, '#', '', NULL, 1, 0, 'F', '0', '0', 'cms:fileInfo:query', '#', 'admin', '2021-12-27 22:29:53', '', NULL, '');
INSERT INTO `sys_menu` VALUES (2028, '文件管理新增', 2026, 2, '#', '', NULL, 1, 0, 'F', '0', '0', 'cms:fileInfo:add', '#', 'admin', '2021-12-27 22:29:53', '', NULL, '');
INSERT INTO `sys_menu` VALUES (2029, '文件管理修改', 2026, 3, '#', '', NULL, 1, 0, 'F', '0', '0', 'cms:fileInfo:edit', '#', 'admin', '2021-12-27 22:29:53', '', NULL, '');
INSERT INTO `sys_menu` VALUES (2030, '文件管理删除', 2026, 4, '#', '', NULL, 1, 0, 'F', '0', '0', 'cms:fileInfo:remove', '#', 'admin', '2021-12-27 22:29:53', '', NULL, '');
INSERT INTO `sys_menu` VALUES (2031, '文件管理导出', 2026, 5, '#', '', NULL, 1, 0, 'F', '0', '0', 'cms:fileInfo:export', '#', 'admin', '2021-12-27 22:29:53', '', NULL, '');
INSERT INTO `sys_menu` VALUES (2032, '文章管理', 2007, 1, 'blog', 'cms/blog/index', NULL, 1, 0, 'C', '0', '0', 'cms:blog:list', '#', 'admin', '2022-01-01 22:25:42', '', NULL, '文章管理菜单');
INSERT INTO `sys_menu` VALUES (2033, '文章管理查询', 2032, 1, '#', '', NULL, 1, 0, 'F', '0', '0', 'cms:blog:query', '#', 'admin', '2022-01-01 22:25:42', '', NULL, '');
INSERT INTO `sys_menu` VALUES (2034, '文章管理新增', 2032, 2, '#', '', NULL, 1, 0, 'F', '0', '0', 'cms:blog:add', '#', 'admin', '2022-01-01 22:25:42', '', NULL, '');
INSERT INTO `sys_menu` VALUES (2035, '文章管理修改', 2032, 3, '#', '', NULL, 1, 0, 'F', '0', '0', 'cms:blog:edit', '#', 'admin', '2022-01-01 22:25:42', '', NULL, '');
INSERT INTO `sys_menu` VALUES (2036, '文章管理删除', 2032, 4, '#', '', NULL, 1, 0, 'F', '0', '0', 'cms:blog:remove', '#', 'admin', '2022-01-01 22:25:42', '', NULL, '');
INSERT INTO `sys_menu` VALUES (2037, '文章管理导出', 2032, 5, '#', '', NULL, 1, 0, 'F', '0', '0', 'cms:blog:export', '#', 'admin', '2022-01-01 22:25:42', '', NULL, '');
INSERT INTO `sys_menu` VALUES (2038, '随笔管理', 2007, 2, 'essay', 'cms/blog/essay', NULL, 1, 0, 'C', '0', '0', 'cms:blog:list', '#', 'admin', '2022-01-02 02:48:37', '', NULL, '随笔管理菜单');
INSERT INTO `sys_menu` VALUES (2039, '随笔管理查询', 2038, 1, '#', '', NULL, 1, 0, 'F', '0', '0', 'cms:blog:query', '#', 'admin', '2022-01-02 02:48:37', '', NULL, '');
INSERT INTO `sys_menu` VALUES (2040, '随笔管理新增', 2038, 2, '#', '', NULL, 1, 0, 'F', '0', '0', 'cms:blog:add', '#', 'admin', '2022-01-02 02:48:37', '', NULL, '');
INSERT INTO `sys_menu` VALUES (2041, '随笔管理修改', 2038, 3, '#', '', NULL, 1, 0, 'F', '0', '0', 'cms:blog:edit', '#', 'admin', '2022-01-02 02:48:37', '', NULL, '');
INSERT INTO `sys_menu` VALUES (2042, '随笔管理删除', 2038, 4, '#', '', NULL, 1, 0, 'F', '0', '0', 'cms:blog:remove', '#', 'admin', '2022-01-02 02:48:37', '', NULL, '');
INSERT INTO `sys_menu` VALUES (2043, '随笔管理导出', 2038, 5, '#', '', NULL, 1, 0, 'F', '0', '0', 'cms:blog:export', '#', 'admin', '2022-01-02 02:48:37', '', NULL, '');
INSERT INTO `sys_menu` VALUES (2044, '文档管理', 2007, 3, 'doucuments', 'cms/blog/doucuments', NULL, 1, 0, 'C', '0', '1', 'cms:blog:list', '#', 'admin', '2022-01-02 02:58:41', 'admin', '2022-02-08 18:01:09', '文档管理菜单');
INSERT INTO `sys_menu` VALUES (2045, '文档管理查询', 2044, 1, '#', '', NULL, 1, 0, 'F', '0', '0', 'cms:blog:query', '#', 'admin', '2022-01-02 02:58:41', '', NULL, '');
INSERT INTO `sys_menu` VALUES (2046, '文档管理新增', 2044, 2, '#', '', NULL, 1, 0, 'F', '0', '0', 'cms:blog:add', '#', 'admin', '2022-01-02 02:58:41', '', NULL, '');
INSERT INTO `sys_menu` VALUES (2047, '文档管理修改', 2044, 3, '#', '', NULL, 1, 0, 'F', '0', '0', 'cms:blog:edit', '#', 'admin', '2022-01-02 02:58:41', '', NULL, '');
INSERT INTO `sys_menu` VALUES (2048, '文档管理删除', 2044, 4, '#', '', NULL, 1, 0, 'F', '0', '0', 'cms:blog:remove', '#', 'admin', '2022-01-02 02:58:41', '', NULL, '');
INSERT INTO `sys_menu` VALUES (2049, '文档管理导出', 2044, 5, '#', '', NULL, 1, 0, 'F', '0', '0', 'cms:blog:export', '#', 'admin', '2022-01-02 02:58:41', '', NULL, '');
INSERT INTO `sys_menu` VALUES (2050, '标签管理', 2007, 5, 'tag', 'cms/tag/index', NULL, 1, 0, 'C', '0', '0', 'cms:tag:list', '#', 'admin', '2022-01-02 14:51:38', 'admin', '2022-01-02 14:52:31', '标签管理菜单');
INSERT INTO `sys_menu` VALUES (2051, '标签管理查询', 2050, 1, '#', '', NULL, 1, 0, 'F', '0', '0', 'cms:tag:query', '#', 'admin', '2022-01-02 14:51:38', '', NULL, '');
INSERT INTO `sys_menu` VALUES (2052, '标签管理新增', 2050, 2, '#', '', NULL, 1, 0, 'F', '0', '0', 'cms:tag:add', '#', 'admin', '2022-01-02 14:51:38', '', NULL, '');
INSERT INTO `sys_menu` VALUES (2053, '标签管理修改', 2050, 3, '#', '', NULL, 1, 0, 'F', '0', '0', 'cms:tag:edit', '#', 'admin', '2022-01-02 14:51:38', '', NULL, '');
INSERT INTO `sys_menu` VALUES (2054, '标签管理删除', 2050, 4, '#', '', NULL, 1, 0, 'F', '0', '0', 'cms:tag:remove', '#', 'admin', '2022-01-02 14:51:38', '', NULL, '');
INSERT INTO `sys_menu` VALUES (2055, '标签管理导出', 2050, 5, '#', '', NULL, 1, 0, 'F', '0', '0', 'cms:tag:export', '#', 'admin', '2022-01-02 14:51:38', '', NULL, '');
INSERT INTO `sys_menu` VALUES (2056, '分类管理', 2007, 4, 'type', 'cms/type/index', NULL, 1, 0, 'C', '0', '0', 'cms:type:list', '#', 'admin', '2022-01-02 15:04:23', 'admin', '2022-01-02 15:05:03', '分类管理菜单');
INSERT INTO `sys_menu` VALUES (2057, '分类管理查询', 2056, 1, '#', '', NULL, 1, 0, 'F', '0', '0', 'cms:type:query', '#', 'admin', '2022-01-02 15:04:23', '', NULL, '');
INSERT INTO `sys_menu` VALUES (2058, '分类管理新增', 2056, 2, '#', '', NULL, 1, 0, 'F', '0', '0', 'cms:type:add', '#', 'admin', '2022-01-02 15:04:23', '', NULL, '');
INSERT INTO `sys_menu` VALUES (2059, '分类管理修改', 2056, 3, '#', '', NULL, 1, 0, 'F', '0', '0', 'cms:type:edit', '#', 'admin', '2022-01-02 15:04:23', '', NULL, '');
INSERT INTO `sys_menu` VALUES (2060, '分类管理删除', 2056, 4, '#', '', NULL, 1, 0, 'F', '0', '0', 'cms:type:remove', '#', 'admin', '2022-01-02 15:04:23', '', NULL, '');
INSERT INTO `sys_menu` VALUES (2061, '分类管理导出', 2056, 5, '#', '', NULL, 1, 0, 'F', '0', '0', 'cms:type:export', '#', 'admin', '2022-01-02 15:04:23', '', NULL, '');
INSERT INTO `sys_menu` VALUES (2062, '留言管理', 2007, 6, 'message', 'cms/message/index', NULL, 1, 0, 'C', '0', '0', 'cms:message:list', '#', 'admin', '2022-01-15 13:47:29', 'admin', '2022-01-15 13:49:11', '留言管理菜单');
INSERT INTO `sys_menu` VALUES (2063, '留言管理查询', 2062, 1, '#', '', NULL, 1, 0, 'F', '0', '0', 'cms:message:query', '#', 'admin', '2022-01-15 13:47:29', '', NULL, '');
INSERT INTO `sys_menu` VALUES (2064, '留言管理新增', 2062, 2, '#', '', NULL, 1, 0, 'F', '0', '0', 'cms:message:add', '#', 'admin', '2022-01-15 13:47:29', '', NULL, '');
INSERT INTO `sys_menu` VALUES (2065, '留言管理修改', 2062, 3, '#', '', NULL, 1, 0, 'F', '0', '0', 'cms:message:edit', '#', 'admin', '2022-01-15 13:47:29', '', NULL, '');
INSERT INTO `sys_menu` VALUES (2066, '留言管理删除', 2062, 4, '#', '', NULL, 1, 0, 'F', '0', '0', 'cms:message:remove', '#', 'admin', '2022-01-15 13:47:29', '', NULL, '');
INSERT INTO `sys_menu` VALUES (2067, '留言管理导出', 2062, 5, '#', '', NULL, 1, 0, 'F', '0', '0', 'cms:message:export', '#', 'admin', '2022-01-15 13:47:29', '', NULL, '');
INSERT INTO `sys_menu` VALUES (2068, '评论管理', 2007, 7, 'comment', 'cms/comment/index', NULL, 1, 0, 'C', '0', '0', 'cms:comment:list', '#', 'admin', '2022-01-21 10:27:25', 'admin', '2022-01-21 10:28:24', '评论管理菜单');
INSERT INTO `sys_menu` VALUES (2069, '评论管理查询', 2068, 1, '#', '', NULL, 1, 0, 'F', '0', '0', 'cms:comment:query', '#', 'admin', '2022-01-21 10:27:25', '', NULL, '');
INSERT INTO `sys_menu` VALUES (2070, '评论管理新增', 2068, 2, '#', '', NULL, 1, 0, 'F', '0', '0', 'cms:comment:add', '#', 'admin', '2022-01-21 10:27:25', '', NULL, '');
INSERT INTO `sys_menu` VALUES (2071, '评论管理修改', 2068, 3, '#', '', NULL, 1, 0, 'F', '0', '0', 'cms:comment:edit', '#', 'admin', '2022-01-21 10:27:25', '', NULL, '');
INSERT INTO `sys_menu` VALUES (2072, '评论管理删除', 2068, 4, '#', '', NULL, 1, 0, 'F', '0', '0', 'cms:comment:remove', '#', 'admin', '2022-01-21 10:27:25', '', NULL, '');
INSERT INTO `sys_menu` VALUES (2073, '评论管理导出', 2068, 5, '#', '', NULL, 1, 0, 'F', '0', '0', 'cms:comment:export', '#', 'admin', '2022-01-21 10:27:25', '', NULL, '');

-- ----------------------------
-- Table structure for sys_notice
-- ----------------------------
DROP TABLE IF EXISTS `sys_notice`;
CREATE TABLE `sys_notice`  (
  `notice_id` int(0) NOT NULL AUTO_INCREMENT COMMENT '公告ID',
  `notice_title` varchar(50) CHARACTER SET utf8mb4 COLLATE utf8mb4_general_ci NOT NULL COMMENT '公告标题',
  `notice_type` char(1) CHARACTER SET utf8mb4 COLLATE utf8mb4_general_ci NOT NULL COMMENT '公告类型（1通知 2公告）',
  `notice_content` longblob NULL COMMENT '公告内容',
  `status` char(1) CHARACTER SET utf8mb4 COLLATE utf8mb4_general_ci NULL DEFAULT '0' COMMENT '公告状态（0正常 1关闭）',
  `create_by` varchar(64) CHARACTER SET utf8mb4 COLLATE utf8mb4_general_ci NULL DEFAULT '' COMMENT '创建者',
  `create_time` datetime(0) NULL DEFAULT NULL COMMENT '创建时间',
  `update_by` varchar(64) CHARACTER SET utf8mb4 COLLATE utf8mb4_general_ci NULL DEFAULT '' COMMENT '更新者',
  `update_time` datetime(0) NULL DEFAULT NULL COMMENT '更新时间',
  `remark` varchar(255) CHARACTER SET utf8mb4 COLLATE utf8mb4_general_ci NULL DEFAULT NULL COMMENT '备注',
  PRIMARY KEY (`notice_id`) USING BTREE
) ENGINE = InnoDB AUTO_INCREMENT = 3 CHARACTER SET = utf8mb4 COLLATE = utf8mb4_general_ci COMMENT = '通知公告表' ROW_FORMAT = Dynamic;

-- ----------------------------
-- Records of sys_notice
-- ----------------------------
INSERT INTO `sys_notice` VALUES (1, '温馨提醒：2018-07-01 若依新版本发布啦', '2', 0xE696B0E78988E69CACE58685E5AEB9, '0', 'admin', '2021-12-10 14:12:14', '', NULL, '管理员');
INSERT INTO `sys_notice` VALUES (2, '维护通知：2018-07-01 若依系统凌晨维护', '1', 0x3C683120636C6173733D22716C2D616C69676E2D63656E746572223EE7BBB4E68AA4E9809AE79FA53C2F68313E3C703E09E9809AE79FA53A323031382D30372D303120E88BA5E4BE9DE7B3BBE7BB9FE5878CE699A8E7BBB4E68AA43C2F703E3C7020636C6173733D22716C2D616C69676E2D63656E746572223E3C62723E3C2F703E, '0', 'admin', '2021-12-10 14:12:14', 'admin', '2022-01-15 14:41:23', '管理员');

-- ----------------------------
-- Table structure for sys_notice_file
-- ----------------------------
DROP TABLE IF EXISTS `sys_notice_file`;
CREATE TABLE `sys_notice_file`  (
  `file_id` bigint(0) NOT NULL COMMENT '文件ID',
  `notice_id` bigint(0) NOT NULL COMMENT '通知公告ID',
  PRIMARY KEY (`file_id`, `notice_id`) USING BTREE
) ENGINE = InnoDB CHARACTER SET = utf8mb4 COLLATE = utf8mb4_general_ci COMMENT = '通知公告文件表' ROW_FORMAT = Dynamic;

-- ----------------------------
-- Records of sys_notice_file
-- ----------------------------

-- ----------------------------
-- Table structure for sys_oper_log
-- ----------------------------
DROP TABLE IF EXISTS `sys_oper_log`;
CREATE TABLE `sys_oper_log`  (
  `oper_id` bigint(0) NOT NULL AUTO_INCREMENT COMMENT '日志主键',
  `title` varchar(50) CHARACTER SET utf8mb4 COLLATE utf8mb4_general_ci NULL DEFAULT '' COMMENT '模块标题',
  `business_type` int(0) NULL DEFAULT 0 COMMENT '业务类型（0其它 1新增 2修改 3删除）',
  `method` varchar(100) CHARACTER SET utf8mb4 COLLATE utf8mb4_general_ci NULL DEFAULT '' COMMENT '方法名称',
  `request_method` varchar(10) CHARACTER SET utf8mb4 COLLATE utf8mb4_general_ci NULL DEFAULT '' COMMENT '请求方式',
  `operator_type` int(0) NULL DEFAULT 0 COMMENT '操作类别（0其它 1后台用户 2手机端用户）',
  `oper_name` varchar(50) CHARACTER SET utf8mb4 COLLATE utf8mb4_general_ci NULL DEFAULT '' COMMENT '操作人员',
  `dept_name` varchar(50) CHARACTER SET utf8mb4 COLLATE utf8mb4_general_ci NULL DEFAULT '' COMMENT '部门名称',
  `oper_url` varchar(255) CHARACTER SET utf8mb4 COLLATE utf8mb4_general_ci NULL DEFAULT '' COMMENT '请求URL',
  `oper_ip` varchar(128) CHARACTER SET utf8mb4 COLLATE utf8mb4_general_ci NULL DEFAULT '' COMMENT '主机地址',
  `oper_location` varchar(255) CHARACTER SET utf8mb4 COLLATE utf8mb4_general_ci NULL DEFAULT '' COMMENT '操作地点',
  `oper_param` varchar(2000) CHARACTER SET utf8mb4 COLLATE utf8mb4_general_ci NULL DEFAULT '' COMMENT '请求参数',
  `json_result` varchar(2000) CHARACTER SET utf8mb4 COLLATE utf8mb4_general_ci NULL DEFAULT '' COMMENT '返回参数',
  `status` int(0) NULL DEFAULT 0 COMMENT '操作状态（0正常 1异常）',
  `error_msg` varchar(2000) CHARACTER SET utf8mb4 COLLATE utf8mb4_general_ci NULL DEFAULT '' COMMENT '错误消息',
  `oper_time` datetime(0) NULL DEFAULT NULL COMMENT '操作时间',
  PRIMARY KEY (`oper_id`) USING BTREE
) ENGINE = InnoDB AUTO_INCREMENT = 180 CHARACTER SET = utf8mb4 COLLATE = utf8mb4_general_ci COMMENT = '操作日志记录' ROW_FORMAT = Dynamic;

-- ----------------------------
-- Records of sys_oper_log
-- ----------------------------
INSERT INTO `sys_oper_log` VALUES (1, '操作日志', 9, 'com.ruoyi.web.controller.monitor.SysOperlogController.clean()', 'DELETE', 1, 'admin', NULL, '/monitor/operlog/clean', '127.0.0.1', '内网IP', '{}', '{\"msg\":\"操作成功\",\"code\":200}', 0, NULL, '2022-02-10 17:02:40');
INSERT INTO `sys_oper_log` VALUES (2, '登录日志', 9, 'com.ruoyi.web.controller.monitor.SysLogininforController.clean()', 'DELETE', 1, 'admin', NULL, '/monitor/logininfor/clean', '127.0.0.1', '内网IP', '{}', '{\"msg\":\"操作成功\",\"code\":200}', 0, NULL, '2022-02-10 17:02:44');
INSERT INTO `sys_oper_log` VALUES (3, '个人信息', 2, 'com.ruoyi.web.controller.system.SysProfileController.updateProfile()', 'PUT', 1, '若依', NULL, '/system/user/profile', '127.0.0.1', '内网IP', '{\"admin\":false,\"params\":{},\"userName\":\"若依\",\"userId\":2}', '{\"msg\":\"操作成功\",\"code\":200}', 0, NULL, '2022-04-22 16:54:51');
INSERT INTO `sys_oper_log` VALUES (4, '文章管理', 1, 'com.ruoyi.cms.blog.controller.CmsBlogController.add()', 'POST', 1, 'admin', NULL, '/cms/blog', '127.0.0.1', '内网IP', '{\"tagIds\":[26],\"params\":{},\"title\":\"1\",\"type\":\"1\",\"content\":\"<p>1</p>\",\"createBy\":\"admin\",\"top\":\"0\",\"createTime\":1651044433314,\"typeIds\":[14],\"id\":20,\"status\":\"1\"}', '{\"msg\":\"操作成功\",\"code\":200,\"data\":20}', 0, NULL, '2022-04-27 15:27:13');
INSERT INTO `sys_oper_log` VALUES (5, '文章管理', 2, 'com.ruoyi.cms.blog.controller.CmsBlogController.edit()', 'PUT', 1, 'admin', NULL, '/cms/blog', '127.0.0.1', '内网IP', '{\"types\":[],\"tagIds\":[26],\"updateTime\":1651048297168,\"params\":{},\"title\":\"是VSD v阿萨DVD v大是大非v阿斯蒂芬v地方\",\"type\":\"1\",\"content\":\"<p>1234555的风格</p>\",\"tags\":[],\"createBy\":\"admin\",\"top\":\"0\",\"createTime\":1641980454000,\"updateBy\":\"admin\",\"typeIds\":[],\"id\":19,\"views\":132,\"status\":\"1\"}', '{\"msg\":\"操作成功\",\"code\":200}', 0, NULL, '2022-04-27 16:31:37');
INSERT INTO `sys_oper_log` VALUES (6, '文章管理', 2, 'com.ruoyi.cms.blog.controller.CmsBlogController.edit()', 'PUT', 1, 'admin', NULL, '/cms/blog', '127.0.0.1', '内网IP', '{\"types\":[],\"tagIds\":[26],\"updateTime\":1651048332392,\"params\":{},\"title\":\"是VSD v阿萨DVD v大是大非v阿斯蒂芬v地方\",\"type\":\"1\",\"content\":\"<p>1234555的风格</p>\",\"tags\":[{\"createBy\":\"若依\",\"createTime\":1641278906000,\"tagId\":26,\"updateBy\":\"\",\"params\":{},\"tagName\":\"若依\",\"blogNum\":0}],\"createBy\":\"admin\",\"top\":\"0\",\"createTime\":1641980454000,\"updateBy\":\"admin\",\"typeIds\":[14],\"id\":19,\"views\":132,\"status\":\"1\"}', '{\"msg\":\"操作成功\",\"code\":200}', 0, NULL, '2022-04-27 16:32:12');
INSERT INTO `sys_oper_log` VALUES (7, '文章管理', 1, 'com.ruoyi.cms.blog.controller.CmsBlogController.add()', 'POST', 1, 'admin', NULL, '/cms/blog', '127.0.0.1', '内网IP', '{\"params\":{},\"title\":\"1\",\"type\":\"2\",\"content\":\"<p>1</p>\",\"createBy\":\"admin\",\"top\":\"0\",\"createTime\":1651051851159,\"id\":21,\"status\":\"1\"}', '{\"msg\":\"操作成功\",\"code\":200,\"data\":21}', 0, NULL, '2022-04-27 17:30:51');
INSERT INTO `sys_oper_log` VALUES (8, '个人信息', 2, 'com.ruoyi.web.controller.system.SysProfileController.updateProfile()', 'PUT', 1, 'admin', NULL, '/system/user/profile', '127.0.0.1', '内网IP', '{\"admin\":true,\"params\":{},\"userName\":\"admin\",\"userId\":1}', '{\"msg\":\"操作成功\",\"code\":200}', 0, NULL, '2022-05-09 16:35:42');
INSERT INTO `sys_oper_log` VALUES (9, '个人信息', 2, 'com.ruoyi.web.controller.system.SysProfileController.updateProfile()', 'PUT', 1, 'admin', NULL, '/system/user/profile', '127.0.0.1', '内网IP', '{\"admin\":true,\"avatar\":\"/static/img/profile.066e0938.jpg\",\"params\":{},\"userName\":\"admin\",\"userId\":1}', '{\"msg\":\"操作成功\",\"code\":200}', 0, NULL, '2022-05-09 16:36:01');
INSERT INTO `sys_oper_log` VALUES (10, '个人信息', 2, 'com.ruoyi.web.controller.system.SysProfileController.updateProfile()', 'PUT', 1, 'admin', NULL, '/system/user/profile', '127.0.0.1', '内网IP', '{\"admin\":true,\"params\":{},\"userName\":\"admin\",\"userId\":1}', '{\"msg\":\"操作成功\",\"code\":200}', 0, NULL, '2022-05-09 17:17:49');
INSERT INTO `sys_oper_log` VALUES (11, '分类管理', 1, 'com.ruoyi.cms.type.controller.CmsTypeController.add()', 'POST', 1, 'admin', NULL, '/cms/type', '127.0.0.1', '内网IP', '{\"createBy\":\"admin\",\"createTime\":1654848530432,\"typeName\":\"java\",\"typeId\":16,\"params\":{},\"blogNum\":0}', '{\"msg\":\"操作成功\",\"code\":200}', 0, NULL, '2022-06-10 16:08:50');
INSERT INTO `sys_oper_log` VALUES (12, '文章管理', 2, 'com.ruoyi.cms.blog.controller.CmsBlogController.edit()', 'PUT', 1, 'admin', NULL, '/cms/blog', '127.0.0.1', '内网IP', '{\"types\":[{\"createBy\":\"admin\",\"createTime\":1641223870000,\"updateBy\":\"\",\"typePic\":\"\",\"typeName\":\"阿萨的\",\"typeId\":10,\"params\":{},\"blogNum\":0},{\"createBy\":\"admin\",\"createTime\":1641223889000,\"updateBy\":\"\",\"typePic\":\"\",\"typeName\":\"啊啊\",\"typeId\":13,\"params\":{},\"blogNum\":0}],\"tagIds\":[20,24,25],\"updateTime\":1654855014192,\"params\":{},\"title\":\"阿萨\",\"type\":\"1\",\"content\":\"<h1 class=\\\"ql-align-center\\\">测试</h1><p>1.发生的地方阿萨的</p><p>2.啊手动阀</p><p>阿萨事实上</p>\",\"tags\":[{\"createBy\":\"admin\",\"createTime\":1641221405000,\"tagId\":20,\"updateBy\":\"\",\"params\":{},\"tagName\":\"啊实打实\",\"blogNum\":0},{\"createBy\":\"admin\",\"createTime\":1641223832000,\"tagId\":24,\"updateBy\":\"\",\"params\":{},\"tagName\":\"阿松大\",\"blogNum\":0},{\"createBy\":\"admin\",\"createTime\":1641223838000,\"tagId\":25,\"updateBy\":\"\",\"params\":{},\"tagName\":\"愤愤愤\",\"blogNum\":0}],\"blogPic\":\"/profile/upload/2022/06/10/9732e55b-4f32-4047-a3cb-0897eae747da.jpg\",\"createBy\":\"admin\",\"top\":\"1\",\"createTime\":1641097526000,\"updateBy\":\"admin\",\"typeIds\":[10,13],\"id\":7,\"views\":17,\"status\":\"1\"}', '{\"msg\":\"操作成功\",\"code\":200}', 0, NULL, '2022-06-10 17:56:54');
INSERT INTO `sys_oper_log` VALUES (13, '文章管理', 2, 'com.ruoyi.cms.blog.controller.CmsBlogController.edit()', 'PUT', 1, 'admin', NULL, '/cms/blog', '127.0.0.1', '内网IP', '{\"types\":[{\"createBy\":\"admin\",\"createTime\":1641223870000,\"updateBy\":\"\",\"typePic\":\"\",\"typeName\":\"阿萨的\",\"typeId\":10,\"params\":{},\"blogNum\":0},{\"createBy\":\"admin\",\"createTime\":1641223889000,\"updateBy\":\"\",\"typePic\":\"\",\"typeName\":\"啊啊\",\"typeId\":13,\"params\":{},\"blogNum\":0}],\"tagIds\":[20,24,25],\"updateTime\":1654855389623,\"params\":{},\"title\":\"阿萨\",\"type\":\"1\",\"content\":\"<h1 class=\\\"ql-align-center\\\">测试</h1><p>1.发生的地方阿萨的</p><p>2.啊手动阀</p><p>阿萨事实上</p>\",\"tags\":[{\"createBy\":\"admin\",\"createTime\":1641221405000,\"tagId\":20,\"updateBy\":\"\",\"params\":{},\"tagName\":\"啊实打实\",\"blogNum\":0},{\"createBy\":\"admin\",\"createTime\":1641223832000,\"tagId\":24,\"updateBy\":\"\",\"params\":{},\"tagName\":\"阿松大\",\"blogNum\":0},{\"createBy\":\"admin\",\"createTime\":1641223838000,\"tagId\":25,\"updateBy\":\"\",\"params\":{},\"tagName\":\"愤愤愤\",\"blogNum\":0}],\"blogPic\":\"\",\"createBy\":\"admin\",\"top\":\"1\",\"createTime\":1641097526000,\"updateBy\":\"admin\",\"typeIds\":[10,13],\"id\":7,\"views\":17,\"status\":\"1\"}', '{\"msg\":\"操作成功\",\"code\":200}', 0, NULL, '2022-06-10 18:03:09');
INSERT INTO `sys_oper_log` VALUES (14, '文章管理', 2, 'com.ruoyi.cms.blog.controller.CmsBlogController.edit()', 'PUT', 1, 'admin', NULL, '/cms/blog', '127.0.0.1', '内网IP', '{\"types\":[{\"createBy\":\"admin\",\"createTime\":1641223870000,\"updateBy\":\"\",\"typePic\":\"\",\"typeName\":\"阿萨的\",\"typeId\":10,\"params\":{},\"blogNum\":0},{\"createBy\":\"admin\",\"createTime\":1641223889000,\"updateBy\":\"\",\"typePic\":\"\",\"typeName\":\"啊啊\",\"typeId\":13,\"params\":{},\"blogNum\":0}],\"tagIds\":[20,24,25],\"updateTime\":1654855390000,\"params\":{},\"title\":\"阿萨\",\"type\":\"1\",\"content\":\"<h1 class=\\\"ql-align-center\\\">测试</h1><p>1.发生的地方阿萨的</p><p>2.啊手动阀</p><p>阿萨事实上</p>\",\"tags\":[{\"createBy\":\"admin\",\"createTime\":1641221405000,\"tagId\":20,\"updateBy\":\"\",\"params\":{},\"tagName\":\"啊实打实\",\"blogNum\":0},{\"createBy\":\"admin\",\"createTime\":1641223832000,\"tagId\":24,\"updateBy\":\"\",\"params\":{},\"tagName\":\"阿松大\",\"blogNum\":0},{\"createBy\":\"admin\",\"createTime\":1641223838000,\"tagId\":25,\"updateBy\":\"\",\"params\":{},\"tagName\":\"愤愤愤\",\"blogNum\":0}],\"blogPic\":\"/profile/upload/2022/06/10/af4514e3-b16e-4fdf-8d7a-2c378d4ff10b.jpg\",\"createBy\":\"admin\",\"top\":\"1\",\"createTime\":1641097526000,\"updateBy\":\"admin\",\"typeIds\":[10,13],\"id\":7,\"views\":17,\"status\":\"1\"}', NULL, 1, '', '2022-06-10 18:13:04');
INSERT INTO `sys_oper_log` VALUES (15, '文章管理', 2, 'com.ruoyi.cms.blog.controller.CmsBlogController.edit()', 'PUT', 1, 'admin', NULL, '/cms/blog', '127.0.0.1', '内网IP', '{\"types\":[{\"createBy\":\"admin\",\"createTime\":1641223870000,\"updateBy\":\"\",\"typePic\":\"\",\"typeName\":\"阿萨的\",\"typeId\":10,\"params\":{},\"blogNum\":0},{\"createBy\":\"admin\",\"createTime\":1641223889000,\"updateBy\":\"\",\"typePic\":\"\",\"typeName\":\"啊啊\",\"typeId\":13,\"params\":{},\"blogNum\":0}],\"tagIds\":[20,24,25],\"updateTime\":1654856025492,\"params\":{},\"title\":\"阿萨\",\"type\":\"1\",\"content\":\"<h1 class=\\\"ql-align-center\\\">测试</h1><p>1.发生的地方阿萨的</p><p>2.啊手动阀</p><p>阿萨事实上</p>\",\"tags\":[{\"createBy\":\"admin\",\"createTime\":1641221405000,\"tagId\":20,\"updateBy\":\"\",\"params\":{},\"tagName\":\"啊实打实\",\"blogNum\":0},{\"createBy\":\"admin\",\"createTime\":1641223832000,\"tagId\":24,\"updateBy\":\"\",\"params\":{},\"tagName\":\"阿松大\",\"blogNum\":0},{\"createBy\":\"admin\",\"createTime\":1641223838000,\"tagId\":25,\"updateBy\":\"\",\"params\":{},\"tagName\":\"愤愤愤\",\"blogNum\":0}],\"blogPic\":\"/profile/upload/2022/06/10/af4514e3-b16e-4fdf-8d7a-2c378d4ff10b.jpg\",\"createBy\":\"admin\",\"top\":\"1\",\"createTime\":1641097526000,\"updateBy\":\"admin\",\"typeIds\":[10,13],\"id\":7,\"views\":17,\"status\":\"1\"}', '{\"msg\":\"操作成功\",\"code\":200}', 0, NULL, '2022-06-10 18:13:45');
INSERT INTO `sys_oper_log` VALUES (16, '文章管理', 2, 'com.ruoyi.cms.blog.controller.CmsBlogController.edit()', 'PUT', 1, 'admin', NULL, '/cms/blog', '127.0.0.1', '内网IP', '{\"types\":[{\"createBy\":\"admin\",\"createTime\":1641223870000,\"updateBy\":\"\",\"typePic\":\"\",\"typeName\":\"阿萨的\",\"typeId\":10,\"params\":{},\"blogNum\":0},{\"createBy\":\"admin\",\"createTime\":1641223889000,\"updateBy\":\"\",\"typePic\":\"\",\"typeName\":\"啊啊\",\"typeId\":13,\"params\":{},\"blogNum\":0}],\"tagIds\":[20,24,25],\"updateTime\":1654856033732,\"params\":{},\"title\":\"阿萨\",\"type\":\"1\",\"content\":\"<h1 class=\\\"ql-align-center\\\">测试</h1><p>1.发生的地方阿萨的</p><p>2.啊手动阀</p><p>阿萨事实上</p>\",\"tags\":[{\"createBy\":\"admin\",\"createTime\":1641221405000,\"tagId\":20,\"updateBy\":\"\",\"params\":{},\"tagName\":\"啊实打实\",\"blogNum\":0},{\"createBy\":\"admin\",\"createTime\":1641223832000,\"tagId\":24,\"updateBy\":\"\",\"params\":{},\"tagName\":\"阿松大\",\"blogNum\":0},{\"createBy\":\"admin\",\"createTime\":1641223838000,\"tagId\":25,\"updateBy\":\"\",\"params\":{},\"tagName\":\"愤愤愤\",\"blogNum\":0}],\"blogPic\":\"\",\"createBy\":\"admin\",\"top\":\"1\",\"createTime\":1641097526000,\"updateBy\":\"admin\",\"typeIds\":[10,13],\"id\":7,\"views\":17,\"status\":\"1\"}', '{\"msg\":\"操作成功\",\"code\":200}', 0, NULL, '2022-06-10 18:13:53');
INSERT INTO `sys_oper_log` VALUES (17, '分类管理', 2, 'com.ruoyi.cms.type.controller.CmsTypeController.edit()', 'PUT', 1, 'admin', NULL, '/cms/type', '127.0.0.1', '内网IP', '{\"createBy\":\"admin\",\"createTime\":1654848530000,\"updateBy\":\"admin\",\"typePic\":\"/profile/upload/2022/06/13/1c8a0c5d-dad8-4148-8b73-12d9022ae789.jpg\",\"typeName\":\"java\",\"typeId\":16,\"updateTime\":1655081170437,\"params\":{},\"blogNum\":0}', '{\"msg\":\"操作成功\",\"code\":200}', 0, NULL, '2022-06-13 08:46:10');
INSERT INTO `sys_oper_log` VALUES (18, '分类管理', 2, 'com.ruoyi.cms.type.controller.CmsTypeController.edit()', 'PUT', 1, 'admin', NULL, '/cms/type', '127.0.0.1', '内网IP', '{\"createBy\":\"admin\",\"createTime\":1654848530000,\"updateBy\":\"admin\",\"typePic\":\"\",\"typeName\":\"java\",\"typeId\":16,\"updateTime\":1655081179069,\"params\":{},\"blogNum\":0}', '{\"msg\":\"操作成功\",\"code\":200}', 0, NULL, '2022-06-13 08:46:19');
INSERT INTO `sys_oper_log` VALUES (19, '文章管理', 2, 'com.ruoyi.cms.blog.controller.CmsBlogController.edit()', 'PUT', 1, 'admin', NULL, '/cms/blog', '127.0.0.1', '内网IP', '{\"types\":[{\"createBy\":\"admin\",\"createTime\":1641223870000,\"updateBy\":\"\",\"typePic\":\"\",\"typeName\":\"阿萨的\",\"typeId\":10,\"params\":{},\"blogNum\":0},{\"createBy\":\"admin\",\"createTime\":1641223889000,\"updateBy\":\"\",\"typePic\":\"\",\"typeName\":\"啊啊\",\"typeId\":13,\"params\":{},\"blogNum\":0}],\"tagIds\":[20,24,25],\"updateTime\":1655082303922,\"params\":{},\"title\":\"阿萨\",\"type\":\"1\",\"content\":\"<h1 class=\\\"ql-align-center\\\">测试</h1><p>1.发生的地方阿萨的</p><p>2.啊手动阀</p><p>阿萨事实上</p>\",\"tags\":[{\"createBy\":\"admin\",\"createTime\":1641221405000,\"tagId\":20,\"updateBy\":\"\",\"params\":{},\"tagName\":\"啊实打实\",\"blogNum\":0},{\"createBy\":\"admin\",\"createTime\":1641223832000,\"tagId\":24,\"updateBy\":\"\",\"params\":{},\"tagName\":\"阿松大\",\"blogNum\":0},{\"createBy\":\"admin\",\"createTime\":1641223838000,\"tagId\":25,\"updateBy\":\"\",\"params\":{},\"tagName\":\"愤愤愤\",\"blogNum\":0}],\"blogPic\":\"/profile/upload/2022/06/13/17e6a094-718f-4726-bf76-708e37211527.jpg\",\"createBy\":\"admin\",\"top\":\"1\",\"createTime\":1641097526000,\"updateBy\":\"admin\",\"typeIds\":[10,13],\"blogDesc\":\"1111\",\"id\":7,\"views\":17,\"status\":\"1\"}', '{\"msg\":\"操作成功\",\"code\":200}', 0, NULL, '2022-06-13 09:05:03');
INSERT INTO `sys_oper_log` VALUES (20, '文章管理', 2, 'com.ruoyi.cms.blog.controller.CmsBlogController.edit()', 'PUT', 1, 'admin', NULL, '/cms/blog', '127.0.0.1', '内网IP', '{\"types\":[{\"createBy\":\"admin\",\"createTime\":1641223870000,\"updateBy\":\"\",\"typePic\":\"\",\"typeName\":\"阿萨的\",\"typeId\":10,\"params\":{},\"blogNum\":0},{\"createBy\":\"admin\",\"createTime\":1641223889000,\"updateBy\":\"\",\"typePic\":\"\",\"typeName\":\"啊啊\",\"typeId\":13,\"params\":{},\"blogNum\":0}],\"tagIds\":[20,24,25],\"updateTime\":1655082373200,\"params\":{},\"title\":\"阿萨\",\"type\":\"1\",\"content\":\"<h1 class=\\\"ql-align-center\\\">测试</h1><p>1.发生的地方阿萨的</p><p>2.啊手动阀</p><p>阿萨事实上</p>\",\"tags\":[{\"createBy\":\"admin\",\"createTime\":1641221405000,\"tagId\":20,\"updateBy\":\"\",\"params\":{},\"tagName\":\"啊实打实\",\"blogNum\":0},{\"createBy\":\"admin\",\"createTime\":1641223832000,\"tagId\":24,\"updateBy\":\"\",\"params\":{},\"tagName\":\"阿松大\",\"blogNum\":0},{\"createBy\":\"admin\",\"createTime\":1641223838000,\"tagId\":25,\"updateBy\":\"\",\"params\":{},\"tagName\":\"愤愤愤\",\"blogNum\":0}],\"blogPic\":\"\",\"createBy\":\"admin\",\"top\":\"1\",\"createTime\":1641097526000,\"updateBy\":\"admin\",\"typeIds\":[10,13],\"blogDesc\":\"\",\"id\":7,\"views\":17,\"status\":\"1\"}', '{\"msg\":\"操作成功\",\"code\":200}', 0, NULL, '2022-06-13 09:06:13');
INSERT INTO `sys_oper_log` VALUES (21, '文章管理', 2, 'com.ruoyi.cms.blog.controller.CmsBlogController.edit()', 'PUT', 1, 'admin', NULL, '/cms/blog', '127.0.0.1', '内网IP', '{\"types\":[{\"createBy\":\"admin\",\"createTime\":1641223870000,\"updateBy\":\"\",\"typePic\":\"\",\"typeName\":\"阿萨的\",\"typeId\":10,\"params\":{},\"blogNum\":0},{\"createBy\":\"admin\",\"createTime\":1641223889000,\"updateBy\":\"\",\"typePic\":\"\",\"typeName\":\"啊啊\",\"typeId\":13,\"params\":{},\"blogNum\":0}],\"tagIds\":[20,24,25],\"updateTime\":1655082750457,\"params\":{},\"title\":\"阿萨\",\"type\":\"1\",\"content\":\"<h1 class=\\\"ql-align-center\\\">测试</h1><p>1.发生的地方阿萨的</p><p>2.啊手动阀</p><p>阿萨事实上</p>\",\"tags\":[{\"createBy\":\"admin\",\"createTime\":1641221405000,\"tagId\":20,\"updateBy\":\"\",\"params\":{},\"tagName\":\"啊实打实\",\"blogNum\":0},{\"createBy\":\"admin\",\"createTime\":1641223832000,\"tagId\":24,\"updateBy\":\"\",\"params\":{},\"tagName\":\"阿松大\",\"blogNum\":0},{\"createBy\":\"admin\",\"createTime\":1641223838000,\"tagId\":25,\"updateBy\":\"\",\"params\":{},\"tagName\":\"愤愤愤\",\"blogNum\":0}],\"blogPic\":\"/profile/upload/2022/06/13/09ecbf24-1d65-40e0-aa0b-8781f0d100e4.jpg\",\"createBy\":\"admin\",\"top\":\"1\",\"createTime\":1641097526000,\"updateBy\":\"admin\",\"typeIds\":[10,13],\"blogDesc\":\"1111\",\"id\":7,\"views\":17,\"status\":\"1\"}', '{\"msg\":\"操作成功\",\"code\":200}', 0, NULL, '2022-06-13 09:12:30');
INSERT INTO `sys_oper_log` VALUES (22, '文章管理', 2, 'com.ruoyi.cms.blog.controller.CmsBlogController.edit()', 'PUT', 1, 'admin', NULL, '/cms/blog', '127.0.0.1', '内网IP', '{\"types\":[{\"createBy\":\"admin\",\"createTime\":1641223870000,\"updateBy\":\"\",\"typePic\":\"\",\"typeName\":\"阿萨的\",\"typeId\":10,\"params\":{},\"blogNum\":0},{\"createBy\":\"admin\",\"createTime\":1641223889000,\"updateBy\":\"\",\"typePic\":\"\",\"typeName\":\"啊啊\",\"typeId\":13,\"params\":{},\"blogNum\":0}],\"tagIds\":[20,24,25],\"updateTime\":1655082757826,\"params\":{},\"title\":\"阿萨\",\"type\":\"1\",\"content\":\"<h1 class=\\\"ql-align-center\\\">测试</h1><p>1.发生的地方阿萨的</p><p>2.啊手动阀</p><p>阿萨事实上</p>\",\"tags\":[{\"createBy\":\"admin\",\"createTime\":1641221405000,\"tagId\":20,\"updateBy\":\"\",\"params\":{},\"tagName\":\"啊实打实\",\"blogNum\":0},{\"createBy\":\"admin\",\"createTime\":1641223832000,\"tagId\":24,\"updateBy\":\"\",\"params\":{},\"tagName\":\"阿松大\",\"blogNum\":0},{\"createBy\":\"admin\",\"createTime\":1641223838000,\"tagId\":25,\"updateBy\":\"\",\"params\":{},\"tagName\":\"愤愤愤\",\"blogNum\":0}],\"blogPic\":\"\",\"createBy\":\"admin\",\"top\":\"1\",\"createTime\":1641097526000,\"updateBy\":\"admin\",\"typeIds\":[10,13],\"blogDesc\":\"\",\"id\":7,\"views\":17,\"status\":\"1\"}', '{\"msg\":\"操作成功\",\"code\":200}', 0, NULL, '2022-06-13 09:12:37');
INSERT INTO `sys_oper_log` VALUES (23, '文章管理', 1, 'com.ruoyi.cms.blog.controller.CmsBlogController.add()', 'POST', 1, 'admin', NULL, '/cms/blog', '127.0.0.1', '内网IP', '{\"tagIds\":[],\"params\":{},\"title\":\"测试\",\"type\":\"1\",\"createBy\":\"admin\",\"top\":\"0\",\"createTime\":1655082829600,\"typeIds\":[],\"id\":22,\"status\":\"1\"}', '{\"msg\":\"操作成功\",\"code\":200,\"data\":22}', 0, NULL, '2022-06-13 09:13:49');
INSERT INTO `sys_oper_log` VALUES (24, '文章管理', 2, 'com.ruoyi.cms.blog.controller.CmsBlogController.edit()', 'PUT', 1, 'admin', NULL, '/cms/blog', '127.0.0.1', '内网IP', '{\"types\":[],\"tagIds\":[],\"updateTime\":1655082863197,\"params\":{},\"title\":\"测试\",\"type\":\"1\",\"tags\":[],\"blogPic\":\"/profile/upload/2022/06/13/9879dd8b-0c06-479b-bdaa-a80e5eb89996.jpg\",\"createBy\":\"admin\",\"top\":\"0\",\"createTime\":1655082830000,\"updateBy\":\"admin\",\"typeIds\":[],\"blogDesc\":\"1\",\"id\":22,\"views\":0,\"status\":\"1\"}', '{\"msg\":\"操作成功\",\"code\":200}', 0, NULL, '2022-06-13 09:14:23');
INSERT INTO `sys_oper_log` VALUES (25, '文章管理', 2, 'com.ruoyi.cms.blog.controller.CmsBlogController.edit()', 'PUT', 1, 'admin', NULL, '/cms/blog', '127.0.0.1', '内网IP', '{\"types\":[],\"tagIds\":[],\"updateTime\":1655082870552,\"params\":{},\"title\":\"测试\",\"type\":\"1\",\"tags\":[],\"blogPic\":\"\",\"createBy\":\"admin\",\"top\":\"0\",\"createTime\":1655082830000,\"updateBy\":\"admin\",\"typeIds\":[],\"blogDesc\":\"\",\"id\":22,\"views\":0,\"status\":\"1\"}', '{\"msg\":\"操作成功\",\"code\":200}', 0, NULL, '2022-06-13 09:14:30');
INSERT INTO `sys_oper_log` VALUES (26, '文章管理', 2, 'com.ruoyi.cms.blog.controller.CmsBlogController.edit()', 'PUT', 1, 'admin', NULL, '/cms/blog', '127.0.0.1', '内网IP', '{\"types\":[{\"createBy\":\"admin\",\"createTime\":1641223870000,\"updateBy\":\"\",\"typePic\":\"\",\"typeName\":\"阿萨的\",\"typeId\":10,\"params\":{},\"blogNum\":0},{\"createBy\":\"admin\",\"createTime\":1641223889000,\"updateBy\":\"\",\"typePic\":\"\",\"typeName\":\"啊啊\",\"typeId\":13,\"params\":{},\"blogNum\":0}],\"tagIds\":[20,24,25],\"updateTime\":1655089352096,\"params\":{},\"title\":\"阿萨\",\"type\":\"1\",\"content\":\"<h1 class=\\\"ql-align-center\\\">测试</h1><p>1.发生的地方阿萨的</p><p>2.啊手动阀</p><p>阿萨事实上</p>\",\"tags\":[{\"createBy\":\"admin\",\"createTime\":1641221405000,\"tagId\":20,\"updateBy\":\"\",\"params\":{},\"tagName\":\"啊实打实\",\"blogNum\":0},{\"createBy\":\"admin\",\"createTime\":1641223832000,\"tagId\":24,\"updateBy\":\"\",\"params\":{},\"tagName\":\"阿松大\",\"blogNum\":0},{\"createBy\":\"admin\",\"createTime\":1641223838000,\"tagId\":25,\"updateBy\":\"\",\"params\":{},\"tagName\":\"愤愤愤\",\"blogNum\":0}],\"blogPic\":\"\",\"createBy\":\"admin\",\"top\":\"1\",\"createTime\":1641097526000,\"updateBy\":\"admin\",\"typeIds\":[10,13],\"blogDesc\":\"置顶文章\",\"id\":7,\"views\":17,\"status\":\"1\"}', '{\"msg\":\"操作成功\",\"code\":200}', 0, NULL, '2022-06-13 11:02:32');
INSERT INTO `sys_oper_log` VALUES (27, '文章管理', 2, 'com.ruoyi.cms.blog.controller.CmsBlogController.edit()', 'PUT', 1, 'admin', NULL, '/cms/blog', '127.0.0.1', '内网IP', '{\"types\":[],\"tagIds\":[],\"updateTime\":1655089395651,\"params\":{},\"title\":\"测试\",\"type\":\"1\",\"tags\":[],\"blogPic\":\"\",\"createBy\":\"admin\",\"top\":\"1\",\"createTime\":1655082830000,\"updateBy\":\"admin\",\"typeIds\":[],\"blogDesc\":\"萨达VS奥迪发奥迪发奥迪发答复答复答复奥迪奥迪发奥迪发奥迪发答复奥迪发奥迪发奥迪发奥迪发答复答复答复\",\"id\":22,\"views\":0,\"status\":\"1\"}', '{\"msg\":\"操作成功\",\"code\":200}', 0, NULL, '2022-06-13 11:03:15');
INSERT INTO `sys_oper_log` VALUES (28, '文章管理', 2, 'com.ruoyi.cms.blog.controller.CmsBlogController.edit()', 'PUT', 1, 'admin', NULL, '/cms/blog', '127.0.0.1', '内网IP', '{\"types\":[],\"tagIds\":[],\"updateTime\":1655089425847,\"params\":{},\"title\":\"测试\",\"type\":\"1\",\"tags\":[],\"blogPic\":\"\",\"createBy\":\"admin\",\"top\":\"0\",\"createTime\":1655082830000,\"updateBy\":\"admin\",\"typeIds\":[],\"blogDesc\":\"萨达VS奥迪发奥迪发奥迪发答复答复答复奥迪奥迪发奥迪发奥迪发答复奥迪发奥迪发奥迪发奥迪发答复答复答复\",\"id\":22,\"views\":0,\"status\":\"1\"}', '{\"msg\":\"操作成功\",\"code\":200}', 0, NULL, '2022-06-13 11:03:45');
INSERT INTO `sys_oper_log` VALUES (29, '文章管理', 2, 'com.ruoyi.cms.blog.controller.CmsBlogController.edit()', 'PUT', 1, 'admin', NULL, '/cms/blog', '127.0.0.1', '内网IP', '{\"types\":[],\"tagIds\":[],\"updateTime\":1655090296381,\"params\":{},\"title\":\"测试\",\"type\":\"1\",\"tags\":[],\"blogPic\":\"/profile/upload/2022/06/13/eb89b26a-24e9-49a1-9309-36b67bfd1e26.jpg\",\"createBy\":\"admin\",\"top\":\"0\",\"createTime\":1655082830000,\"updateBy\":\"admin\",\"typeIds\":[],\"blogDesc\":\"萨达VS奥迪发奥迪发奥迪发答复答复答复奥迪奥迪发奥迪发奥迪发答复奥迪发奥迪发奥迪发奥迪发答复答复答复\",\"id\":22,\"views\":2,\"status\":\"1\"}', '{\"msg\":\"操作成功\",\"code\":200}', 0, NULL, '2022-06-13 11:18:16');
INSERT INTO `sys_oper_log` VALUES (30, '文章管理', 2, 'com.ruoyi.cms.blog.controller.CmsBlogController.edit()', 'PUT', 1, 'admin', NULL, '/cms/blog', '127.0.0.1', '内网IP', '{\"types\":[],\"tagIds\":[],\"updateTime\":1655090320152,\"params\":{},\"title\":\"测试\",\"type\":\"1\",\"tags\":[],\"blogPic\":\"\",\"createBy\":\"admin\",\"top\":\"0\",\"createTime\":1655082830000,\"updateBy\":\"admin\",\"typeIds\":[],\"blogDesc\":\"萨达VS奥迪发奥迪发奥迪发答复答复答复奥迪奥迪发奥迪发奥迪发答复奥迪发奥迪发奥迪发奥迪发答复答复答复\",\"id\":22,\"views\":2,\"status\":\"1\"}', '{\"msg\":\"操作成功\",\"code\":200}', 0, NULL, '2022-06-13 11:18:40');
INSERT INTO `sys_oper_log` VALUES (31, '文章管理', 1, 'com.ruoyi.cms.blog.controller.CmsBlogController.add()', 'POST', 1, 'admin', NULL, '/cms/blog', '127.0.0.1', '内网IP', '{\"tagIds\":[],\"params\":{},\"title\":\"2\",\"type\":\"1\",\"createBy\":\"admin\",\"top\":\"0\",\"createTime\":1655090423899,\"typeIds\":[],\"id\":23,\"status\":\"1\"}', '{\"msg\":\"操作成功\",\"code\":200,\"data\":23}', 0, NULL, '2022-06-13 11:20:23');
INSERT INTO `sys_oper_log` VALUES (32, '文章管理', 1, 'com.ruoyi.cms.blog.controller.CmsBlogController.add()', 'POST', 1, 'admin', NULL, '/cms/blog', '127.0.0.1', '内网IP', '{\"tagIds\":[],\"params\":{},\"title\":\"3\",\"type\":\"1\",\"createBy\":\"admin\",\"top\":\"0\",\"createTime\":1655090428846,\"typeIds\":[],\"id\":24,\"status\":\"1\"}', '{\"msg\":\"操作成功\",\"code\":200,\"data\":24}', 0, NULL, '2022-06-13 11:20:28');
INSERT INTO `sys_oper_log` VALUES (33, '文章管理', 1, 'com.ruoyi.cms.blog.controller.CmsBlogController.add()', 'POST', 1, 'admin', NULL, '/cms/blog', '127.0.0.1', '内网IP', '{\"tagIds\":[],\"params\":{},\"title\":\"4\",\"type\":\"1\",\"createBy\":\"admin\",\"top\":\"0\",\"createTime\":1655090434324,\"typeIds\":[],\"id\":25,\"status\":\"1\"}', '{\"msg\":\"操作成功\",\"code\":200,\"data\":25}', 0, NULL, '2022-06-13 11:20:34');
INSERT INTO `sys_oper_log` VALUES (34, '文章管理', 1, 'com.ruoyi.cms.blog.controller.CmsBlogController.add()', 'POST', 1, 'admin', NULL, '/cms/blog', '127.0.0.1', '内网IP', '{\"tagIds\":[],\"params\":{},\"title\":\"5\",\"type\":\"1\",\"createBy\":\"admin\",\"top\":\"0\",\"createTime\":1655091478518,\"typeIds\":[],\"id\":26,\"status\":\"1\"}', '{\"msg\":\"操作成功\",\"code\":200,\"data\":26}', 0, NULL, '2022-06-13 11:37:58');
INSERT INTO `sys_oper_log` VALUES (35, '文章管理', 3, 'com.ruoyi.cms.blog.controller.CmsBlogController.remove()', 'DELETE', 1, 'admin', NULL, '/cms/blog/26', '127.0.0.1', '内网IP', '{ids=26}', '{\"msg\":\"操作成功\",\"code\":200}', 0, NULL, '2022-06-13 14:41:00');
INSERT INTO `sys_oper_log` VALUES (36, '文章管理', 3, 'com.ruoyi.cms.blog.controller.CmsBlogController.remove()', 'DELETE', 1, 'admin', NULL, '/cms/blog/25', '127.0.0.1', '内网IP', '{ids=25}', '{\"msg\":\"操作成功\",\"code\":200}', 0, NULL, '2022-06-13 14:41:11');
INSERT INTO `sys_oper_log` VALUES (37, '文章管理', 3, 'com.ruoyi.cms.blog.controller.CmsBlogController.remove()', 'DELETE', 1, 'admin', NULL, '/cms/blog/24', '127.0.0.1', '内网IP', '{ids=24}', '{\"msg\":\"操作成功\",\"code\":200}', 0, NULL, '2022-06-13 14:41:23');
INSERT INTO `sys_oper_log` VALUES (38, '文章管理', 3, 'com.ruoyi.cms.blog.controller.CmsBlogController.remove()', 'DELETE', 1, 'admin', NULL, '/cms/blog/23', '127.0.0.1', '内网IP', '{ids=23}', '{\"msg\":\"操作成功\",\"code\":200}', 0, NULL, '2022-06-13 14:41:26');
INSERT INTO `sys_oper_log` VALUES (39, '文章管理', 2, 'com.ruoyi.cms.blog.controller.CmsBlogController.edit()', 'PUT', 1, 'admin', NULL, '/cms/blog', '127.0.0.1', '内网IP', '{\"types\":[],\"tagIds\":[26,25,24,23,22,21,20],\"updateTime\":1655102508994,\"params\":{},\"title\":\"测试\",\"type\":\"1\",\"tags\":[],\"blogPic\":\"\",\"createBy\":\"admin\",\"top\":\"0\",\"createTime\":1655082830000,\"updateBy\":\"admin\",\"typeIds\":[16,14,13,11,10,15],\"blogDesc\":\"萨达VS奥迪发奥迪发奥迪发答复答复答复奥迪奥迪发奥迪发奥迪发答复奥迪发奥迪发奥迪发奥迪发答复答复答复\",\"id\":22,\"views\":2,\"status\":\"1\"}', '{\"msg\":\"操作成功\",\"code\":200}', 0, NULL, '2022-06-13 14:41:49');
INSERT INTO `sys_oper_log` VALUES (40, '文章管理', 2, 'com.ruoyi.cms.blog.controller.CmsBlogController.edit()', 'PUT', 1, 'admin', NULL, '/cms/blog', '127.0.0.1', '内网IP', '{\"types\":[{\"createBy\":\"admin\",\"createTime\":1641223870000,\"updateBy\":\"\",\"typePic\":\"\",\"typeName\":\"阿萨的\",\"typeId\":10,\"params\":{},\"blogNum\":0},{\"createBy\":\"admin\",\"createTime\":1641223880000,\"updateBy\":\"\",\"typePic\":\"\",\"typeName\":\"人然\",\"typeId\":11,\"params\":{},\"blogNum\":0},{\"createBy\":\"admin\",\"createTime\":1641223889000,\"updateBy\":\"\",\"typePic\":\"\",\"typeName\":\"啊啊\",\"typeId\":13,\"params\":{},\"blogNum\":0},{\"createBy\":\"若依\",\"createTime\":1641277883000,\"updateBy\":\"admin\",\"typePic\":\"\",\"typeName\":\"若依\",\"typeId\":14,\"updateTime\":1644483360000,\"params\":{},\"blogNum\":0},{\"createBy\":\"admin\",\"createTime\":1641216944000,\"updateBy\":\"\",\"typePic\":\"\",\"typeName\":\"33\",\"typeId\":15,\"params\":{},\"blogNum\":0},{\"createBy\":\"admin\",\"createTime\":1654848530000,\"updateBy\":\"admin\",\"typePic\":\"\",\"typeName\":\"java\",\"typeId\":16,\"updateTime\":1655081179000,\"params\":{},\"blogNum\":0}],\"tagIds\":[20,21,22,23,24,25,26],\"updateTime\":1655103390898,\"params\":{},\"title\":\"测试\",\"type\":\"1\",\"tags\":[{\"createBy\":\"admin\",\"createTime\":1641221405000,\"tagId\":20,\"updateBy\":\"\",\"params\":{},\"tagName\":\"啊实打实\",\"blogNum\":0},{\"createBy\":\"admin\",\"createTime\":1641221423000,\"tagId\":21,\"updateBy\":\"\",\"params\":{},\"tagName\":\"打\",\"blogNum\":0},{\"createBy\":\"admin\",\"createTime\":1641221443000,\"tagId\":22,\"updateBy\":\"\",\"params\":{},\"tagName\":\"问问\",\"blogNum\":0},{\"createBy\":\"admin\",\"createTime\":1641223828000,\"tagId\":23,\"updateBy\":\"\",\"params\":{},\"tagName\":\"阿斯弗\",\"blogNum\":0},{\"createBy\":\"admin\",\"createTime\":1641223832000,\"tagId\":24,\"updateBy\":\"\",\"params\":{},\"tagName\":\"阿松大\",\"blogNum\":0},{\"createBy\":\"admin\",\"createTime\":1641223838000,\"tagId\":25,\"updateBy\":\"\",\"params\":{},\"tagName\":\"愤愤愤\",\"blogNum\":0},{\"createBy\":\"若依\",\"createTime\":1641278906000,\"tagId\":26,\"updateBy\":\"\",\"params\":{},\"tagName\":\"若依\",\"blogNum\":0}],\"blogPic\":\"/profile/upload/2022/06/13/1b2b7b5e-5a83-4620-b87b-35acaf9da950.jpg\",\"createBy\":\"admin\",\"top\":\"0\",\"createTime\":1655082830000,\"updateBy\":\"admin\",\"typeIds\":[10,11,13,14,15,16],\"blogDesc\":\"萨达VS奥迪发奥迪发奥迪发答复答复答复奥迪奥迪发奥迪发奥迪发答复奥迪发奥迪发奥迪发奥迪发答复答复答复\",\"id\":22,\"views\":2,\"status', '{\"msg\":\"操作成功\",\"code\":200}', 0, NULL, '2022-06-13 14:56:30');
INSERT INTO `sys_oper_log` VALUES (41, '文章管理', 3, 'com.ruoyi.cms.blog.controller.CmsBlogController.remove()', 'DELETE', 1, 'admin', NULL, '/cms/blog/20', '127.0.0.1', '内网IP', '{ids=20}', '{\"msg\":\"操作成功\",\"code\":200}', 0, NULL, '2022-06-13 14:57:03');
INSERT INTO `sys_oper_log` VALUES (42, '文章管理', 2, 'com.ruoyi.cms.blog.controller.CmsBlogController.edit()', 'PUT', 1, 'admin', NULL, '/cms/blog', '127.0.0.1', '内网IP', '{\"types\":[{\"createBy\":\"若依\",\"createTime\":1641277883000,\"updateBy\":\"admin\",\"typePic\":\"\",\"typeName\":\"若依\",\"typeId\":14,\"updateTime\":1644483360000,\"params\":{},\"blogNum\":0}],\"tagIds\":[26],\"updateTime\":1655103452650,\"params\":{},\"title\":\"是VSD v阿萨DVD v大是大非v阿斯蒂芬v地方\",\"type\":\"1\",\"content\":\"<p>1234555的风格</p>\",\"tags\":[{\"createBy\":\"若依\",\"createTime\":1641278906000,\"tagId\":26,\"updateBy\":\"\",\"params\":{},\"tagName\":\"若依\",\"blogNum\":0}],\"blogPic\":\"/profile/upload/2022/06/13/a0e3a25a-2b05-4128-8820-db5eb7cd98a9.jpg\",\"createBy\":\"admin\",\"top\":\"0\",\"createTime\":1641980454000,\"updateBy\":\"admin\",\"typeIds\":[14],\"id\":19,\"views\":133,\"status\":\"1\"}', '{\"msg\":\"操作成功\",\"code\":200}', 0, NULL, '2022-06-13 14:57:32');
INSERT INTO `sys_oper_log` VALUES (43, '文章管理', 2, 'com.ruoyi.cms.blog.controller.CmsBlogController.edit()', 'PUT', 1, 'admin', NULL, '/cms/blog', '127.0.0.1', '内网IP', '{\"types\":[{\"createBy\":\"admin\",\"createTime\":1641223880000,\"updateBy\":\"\",\"typePic\":\"\",\"typeName\":\"人然\",\"typeId\":11,\"params\":{},\"blogNum\":0}],\"tagIds\":[21,25],\"updateTime\":1655103481866,\"params\":{},\"title\":\"阿斯顿v奥迪的vvv从vvc从v从 啊高富帅是否公司费格式发给非钢是法国四个非钢\",\"type\":\"1\",\"content\":\"<h2>此事阿萨的</h2><h3>啊手动阀</h3><p><em>啊</em><em style=\\\"color: rgb(230, 0, 0);\\\">发生</em><em>的</em></p><p><s>奥迪发</s></p><p><span style=\\\"background-color: rgb(255, 255, 0);\\\">是否</span></p><p><br></p><p><br></p><p><br></p><h2 class=\\\"ql-align-center\\\"><strong>奥迪</strong></h2><p><u>啊手动阀</u></p><p><br></p><p><br></p><p><br></p><blockquote>var a = 1;</blockquote><blockquote>for (let i = 0; i &lt;10; i++){</blockquote><blockquote>}</blockquote><pre class=\\\"ql-syntax\\\" spellcheck=\\\"false\\\">var a = 1;\\nfor (let i = 0; i &lt;10; i++){\\n}\\n</pre><p>123</p><p><br></p><p><a href=\\\"http://www.baidu.com\\\" rel=\\\"noopener noreferrer\\\" target=\\\"_blank\\\">百度</a></p>\",\"tags\":[{\"createBy\":\"admin\",\"createTime\":1641221423000,\"tagId\":21,\"updateBy\":\"\",\"params\":{},\"tagName\":\"打\",\"blogNum\":0},{\"createBy\":\"admin\",\"createTime\":1641223838000,\"tagId\":25,\"updateBy\":\"\",\"params\":{},\"tagName\":\"愤愤愤\",\"blogNum\":0}],\"blogPic\":\"/profile/upload/2022/06/13/574a6102-08b2-4928-b991-97aedc7df8f8.jpg\",\"createBy\":\"admin\",\"top\":\"0\",\"createTime\":1641347093000,\"updateBy\":\"admin\",\"typeIds\":[11],\"id\":16,\"views\":79,\"status\":\"1\"}', '{\"msg\":\"操作成功\",\"code\":200}', 0, NULL, '2022-06-13 14:58:01');
INSERT INTO `sys_oper_log` VALUES (44, '分类管理', 2, 'com.ruoyi.cms.type.controller.CmsTypeController.edit()', 'PUT', 1, 'admin', NULL, '/cms/type', '127.0.0.1', '内网IP', '{\"createBy\":\"admin\",\"createTime\":1654848530000,\"updateBy\":\"admin\",\"typePic\":\"/profile/upload/2022/06/13/d9ed31b7-49b0-4590-9279-9b3948dfc660.jpg\",\"typeName\":\"java\",\"typeId\":16,\"updateTime\":1655103526214,\"params\":{},\"blogNum\":0}', '{\"msg\":\"操作成功\",\"code\":200}', 0, NULL, '2022-06-13 14:58:46');
INSERT INTO `sys_oper_log` VALUES (45, '分类管理', 2, 'com.ruoyi.cms.type.controller.CmsTypeController.edit()', 'PUT', 1, 'admin', NULL, '/cms/type', '127.0.0.1', '内网IP', '{\"createBy\":\"admin\",\"createTime\":1654848530000,\"updateBy\":\"admin\",\"typePic\":\"\",\"typeName\":\"java\",\"typeId\":16,\"updateTime\":1655104476895,\"params\":{},\"blogNum\":0}', '{\"msg\":\"操作成功\",\"code\":200}', 0, NULL, '2022-06-13 15:14:36');
INSERT INTO `sys_oper_log` VALUES (46, '文章管理', 2, 'com.ruoyi.cms.blog.controller.CmsBlogController.edit()', 'PUT', 1, 'admin', NULL, '/cms/blog', '127.0.0.1', '内网IP', '{\"types\":[{\"createBy\":\"admin\",\"createTime\":1641223870000,\"updateBy\":\"\",\"typePic\":\"\",\"typeName\":\"阿萨的\",\"typeId\":10,\"params\":{},\"blogNum\":0},{\"createBy\":\"admin\",\"createTime\":1641223880000,\"updateBy\":\"\",\"typePic\":\"\",\"typeName\":\"人然\",\"typeId\":11,\"params\":{},\"blogNum\":0},{\"createBy\":\"admin\",\"createTime\":1641223889000,\"updateBy\":\"\",\"typePic\":\"\",\"typeName\":\"啊啊\",\"typeId\":13,\"params\":{},\"blogNum\":0},{\"createBy\":\"若依\",\"createTime\":1641277883000,\"updateBy\":\"admin\",\"typePic\":\"\",\"typeName\":\"若依\",\"typeId\":14,\"updateTime\":1644483360000,\"params\":{},\"blogNum\":0},{\"createBy\":\"admin\",\"createTime\":1641216944000,\"updateBy\":\"\",\"typePic\":\"\",\"typeName\":\"33\",\"typeId\":15,\"params\":{},\"blogNum\":0},{\"createBy\":\"admin\",\"createTime\":1654848530000,\"updateBy\":\"admin\",\"typePic\":\"\",\"typeName\":\"java\",\"typeId\":16,\"updateTime\":1655104477000,\"params\":{},\"blogNum\":0}],\"tagIds\":[20,21,22,23,24,25,26],\"updateTime\":1655104485177,\"params\":{},\"title\":\"测试\",\"type\":\"1\",\"tags\":[{\"createBy\":\"admin\",\"createTime\":1641221405000,\"tagId\":20,\"updateBy\":\"\",\"params\":{},\"tagName\":\"啊实打实\",\"blogNum\":0},{\"createBy\":\"admin\",\"createTime\":1641221423000,\"tagId\":21,\"updateBy\":\"\",\"params\":{},\"tagName\":\"打\",\"blogNum\":0},{\"createBy\":\"admin\",\"createTime\":1641221443000,\"tagId\":22,\"updateBy\":\"\",\"params\":{},\"tagName\":\"问问\",\"blogNum\":0},{\"createBy\":\"admin\",\"createTime\":1641223828000,\"tagId\":23,\"updateBy\":\"\",\"params\":{},\"tagName\":\"阿斯弗\",\"blogNum\":0},{\"createBy\":\"admin\",\"createTime\":1641223832000,\"tagId\":24,\"updateBy\":\"\",\"params\":{},\"tagName\":\"阿松大\",\"blogNum\":0},{\"createBy\":\"admin\",\"createTime\":1641223838000,\"tagId\":25,\"updateBy\":\"\",\"params\":{},\"tagName\":\"愤愤愤\",\"blogNum\":0},{\"createBy\":\"若依\",\"createTime\":1641278906000,\"tagId\":26,\"updateBy\":\"\",\"params\":{},\"tagName\":\"若依\",\"blogNum\":0}],\"blogPic\":\"\",\"createBy\":\"admin\",\"top\":\"0\",\"createTime\":1655082830000,\"updateBy\":\"admin\",\"typeIds\":[10,11,13,14,15,16],\"blogDesc\":\"萨达VS奥迪发奥迪发奥迪发答复答复答复奥迪奥迪发奥迪发奥迪发答复奥迪发奥迪发奥迪发奥迪发答复答复答复\",\"id\":22,\"views\":3,\"status\":\"1\"}', '{\"msg\":\"操作成功\",\"code\":200}', 0, NULL, '2022-06-13 15:14:45');
INSERT INTO `sys_oper_log` VALUES (47, '文章管理', 2, 'com.ruoyi.cms.blog.controller.CmsBlogController.edit()', 'PUT', 1, 'admin', NULL, '/cms/blog', '127.0.0.1', '内网IP', '{\"types\":[{\"createBy\":\"若依\",\"createTime\":1641277883000,\"updateBy\":\"admin\",\"typePic\":\"\",\"typeName\":\"若依\",\"typeId\":14,\"updateTime\":1644483360000,\"params\":{},\"blogNum\":0}],\"tagIds\":[26],\"updateTime\":1655104490134,\"params\":{},\"title\":\"是VSD v阿萨DVD v大是大非v阿斯蒂芬v地方\",\"type\":\"1\",\"content\":\"<p>1234555的风格</p>\",\"tags\":[{\"createBy\":\"若依\",\"createTime\":1641278906000,\"tagId\":26,\"updateBy\":\"\",\"params\":{},\"tagName\":\"若依\",\"blogNum\":0}],\"blogPic\":\"\",\"createBy\":\"admin\",\"top\":\"0\",\"createTime\":1641980454000,\"updateBy\":\"admin\",\"typeIds\":[14],\"id\":19,\"views\":133,\"status\":\"1\"}', '{\"msg\":\"操作成功\",\"code\":200}', 0, NULL, '2022-06-13 15:14:50');
INSERT INTO `sys_oper_log` VALUES (48, '文章管理', 2, 'com.ruoyi.cms.blog.controller.CmsBlogController.edit()', 'PUT', 1, 'admin', NULL, '/cms/blog', '127.0.0.1', '内网IP', '{\"types\":[{\"createBy\":\"admin\",\"createTime\":1641223880000,\"updateBy\":\"\",\"typePic\":\"\",\"typeName\":\"人然\",\"typeId\":11,\"params\":{},\"blogNum\":0}],\"tagIds\":[21,25],\"updateTime\":1655104495721,\"params\":{},\"title\":\"阿斯顿v奥迪的vvv从vvc从v从 啊高富帅是否公司费格式发给非钢是法国四个非钢\",\"type\":\"1\",\"content\":\"<h2>此事阿萨的</h2><h3>啊手动阀</h3><p><em>啊</em><em style=\\\"color: rgb(230, 0, 0);\\\">发生</em><em>的</em></p><p><s>奥迪发</s></p><p><span style=\\\"background-color: rgb(255, 255, 0);\\\">是否</span></p><p><br></p><p><br></p><p><br></p><p><br></p><h2 class=\\\"ql-align-center\\\"><strong>奥迪</strong></h2><p><u>啊手动阀</u></p><p><br></p><p><br></p><p><br></p><p><br></p><blockquote>var a = 1;</blockquote><blockquote>for (let i = 0; i &lt;10; i++){</blockquote><blockquote>}</blockquote><pre class=\\\"ql-syntax\\\" spellcheck=\\\"false\\\">var a = 1;\\nfor (let i = 0; i &lt;10; i++){\\n}\\n</pre><p>123</p><p><br></p><p><a href=\\\"http://www.baidu.com\\\" rel=\\\"noopener noreferrer\\\" target=\\\"_blank\\\">百度</a></p>\",\"tags\":[{\"createBy\":\"admin\",\"createTime\":1641221423000,\"tagId\":21,\"updateBy\":\"\",\"params\":{},\"tagName\":\"打\",\"blogNum\":0},{\"createBy\":\"admin\",\"createTime\":1641223838000,\"tagId\":25,\"updateBy\":\"\",\"params\":{},\"tagName\":\"愤愤愤\",\"blogNum\":0}],\"blogPic\":\"\",\"createBy\":\"admin\",\"top\":\"0\",\"createTime\":1641347093000,\"updateBy\":\"admin\",\"typeIds\":[11],\"id\":16,\"views\":79,\"status\":\"1\"}', '{\"msg\":\"操作成功\",\"code\":200}', 0, NULL, '2022-06-13 15:14:55');
INSERT INTO `sys_oper_log` VALUES (49, '文章管理', 3, 'com.ruoyi.cms.blog.controller.CmsBlogController.remove()', 'DELETE', 1, 'admin', NULL, '/cms/blog/21', '127.0.0.1', '内网IP', '{ids=21}', '{\"msg\":\"操作成功\",\"code\":200}', 0, NULL, '2022-06-13 15:27:27');
INSERT INTO `sys_oper_log` VALUES (50, '文章管理', 2, 'com.ruoyi.cms.blog.controller.CmsBlogController.edit()', 'PUT', 1, 'admin', NULL, '/cms/blog', '127.0.0.1', '内网IP', '{\"types\":[{\"createBy\":\"admin\",\"createTime\":1641223870000,\"updateBy\":\"\",\"typePic\":\"\",\"typeName\":\"阿萨的\",\"typeId\":10,\"params\":{},\"blogNum\":0},{\"createBy\":\"admin\",\"createTime\":1641223889000,\"updateBy\":\"\",\"typePic\":\"\",\"typeName\":\"啊啊\",\"typeId\":13,\"params\":{},\"blogNum\":0}],\"tagIds\":[20,24,25],\"updateTime\":1655200174466,\"params\":{},\"title\":\"阿萨\",\"type\":\"1\",\"content\":\"<h1 class=\\\"ql-align-center\\\">测试</h1><p>1.发生的地方阿萨的</p><p>2.啊手动阀</p><p>阿萨事实上</p>\",\"tags\":[{\"createBy\":\"admin\",\"createTime\":1641221405000,\"tagId\":20,\"updateBy\":\"\",\"params\":{},\"tagName\":\"啊实打实\",\"blogNum\":0},{\"createBy\":\"admin\",\"createTime\":1641223832000,\"tagId\":24,\"updateBy\":\"\",\"params\":{},\"tagName\":\"阿松大\",\"blogNum\":0},{\"createBy\":\"admin\",\"createTime\":1641223838000,\"tagId\":25,\"updateBy\":\"\",\"params\":{},\"tagName\":\"愤愤愤\",\"blogNum\":0}],\"blogPic\":\"/profile/upload/2022/06/14/44119643-1fa9-4963-8752-4cccefce523d.jpg\",\"createBy\":\"admin\",\"top\":\"1\",\"createTime\":1641097526000,\"updateBy\":\"admin\",\"typeIds\":[10,13],\"blogDesc\":\"置顶文章\",\"id\":7,\"views\":21,\"status\":\"1\"}', '{\"msg\":\"操作成功\",\"code\":200}', 0, NULL, '2022-06-14 17:49:34');
INSERT INTO `sys_oper_log` VALUES (51, '文章管理', 2, 'com.ruoyi.cms.blog.controller.CmsBlogController.edit()', 'PUT', 1, 'admin', NULL, '/cms/blog', '127.0.0.1', '内网IP', '{\"types\":[{\"createBy\":\"admin\",\"createTime\":1641223870000,\"updateBy\":\"\",\"typePic\":\"\",\"typeName\":\"阿萨的\",\"typeId\":10,\"params\":{},\"blogNum\":0},{\"createBy\":\"admin\",\"createTime\":1641223889000,\"updateBy\":\"\",\"typePic\":\"\",\"typeName\":\"啊啊\",\"typeId\":13,\"params\":{},\"blogNum\":0}],\"tagIds\":[20,24,25],\"updateTime\":1655200459176,\"params\":{},\"title\":\"阿萨\",\"type\":\"1\",\"content\":\"<h1 class=\\\"ql-align-center\\\">测试</h1><p>1.发生的地方阿萨的</p><p>2.啊手动阀</p><p>阿萨事实上</p>\",\"tags\":[{\"createBy\":\"admin\",\"createTime\":1641221405000,\"tagId\":20,\"updateBy\":\"\",\"params\":{},\"tagName\":\"啊实打实\",\"blogNum\":0},{\"createBy\":\"admin\",\"createTime\":1641223832000,\"tagId\":24,\"updateBy\":\"\",\"params\":{},\"tagName\":\"阿松大\",\"blogNum\":0},{\"createBy\":\"admin\",\"createTime\":1641223838000,\"tagId\":25,\"updateBy\":\"\",\"params\":{},\"tagName\":\"愤愤愤\",\"blogNum\":0}],\"blogPic\":\"\",\"createBy\":\"admin\",\"top\":\"1\",\"createTime\":1641097526000,\"updateBy\":\"admin\",\"typeIds\":[10,13],\"blogDesc\":\"置顶文章\",\"id\":7,\"views\":21,\"status\":\"1\"}', '{\"msg\":\"操作成功\",\"code\":200}', 0, NULL, '2022-06-14 17:54:19');
INSERT INTO `sys_oper_log` VALUES (52, '文章管理', 2, 'com.ruoyi.cms.blog.controller.CmsBlogController.edit()', 'PUT', 1, 'admin', NULL, '/cms/blog', '127.0.0.1', '内网IP', '{\"types\":[{\"createBy\":\"admin\",\"createTime\":1641223870000,\"updateBy\":\"\",\"typePic\":\"\",\"typeName\":\"阿萨的\",\"typeId\":10,\"params\":{},\"blogNum\":0},{\"createBy\":\"admin\",\"createTime\":1641223889000,\"updateBy\":\"\",\"typePic\":\"\",\"typeName\":\"啊啊\",\"typeId\":13,\"params\":{},\"blogNum\":0}],\"tagIds\":[20,24,25],\"updateTime\":1655200471177,\"params\":{},\"title\":\"阿萨\",\"type\":\"1\",\"content\":\"<h1 class=\\\"ql-align-center\\\">测试</h1><p>1.发生的地方阿萨的</p><p>2.啊手动阀</p><p>阿萨事实上</p>\",\"tags\":[{\"createBy\":\"admin\",\"createTime\":1641221405000,\"tagId\":20,\"updateBy\":\"\",\"params\":{},\"tagName\":\"啊实打实\",\"blogNum\":0},{\"createBy\":\"admin\",\"createTime\":1641223832000,\"tagId\":24,\"updateBy\":\"\",\"params\":{},\"tagName\":\"阿松大\",\"blogNum\":0},{\"createBy\":\"admin\",\"createTime\":1641223838000,\"tagId\":25,\"updateBy\":\"\",\"params\":{},\"tagName\":\"愤愤愤\",\"blogNum\":0}],\"blogPic\":\"/profile/upload/2022/06/14/6142a7e1-4ed8-4fce-97a6-10140aea2354.jpg\",\"createBy\":\"admin\",\"top\":\"1\",\"createTime\":1641097526000,\"updateBy\":\"admin\",\"typeIds\":[10,13],\"blogDesc\":\"置顶文章\",\"id\":7,\"views\":21,\"status\":\"1\"}', '{\"msg\":\"操作成功\",\"code\":200}', 0, NULL, '2022-06-14 17:54:31');
INSERT INTO `sys_oper_log` VALUES (53, '文章管理', 2, 'com.ruoyi.cms.blog.controller.CmsBlogController.edit()', 'PUT', 1, 'admin', NULL, '/cms/blog', '127.0.0.1', '内网IP', '{\"types\":[{\"createBy\":\"admin\",\"createTime\":1641223870000,\"updateBy\":\"\",\"typePic\":\"\",\"typeName\":\"阿萨的\",\"typeId\":10,\"params\":{},\"blogNum\":0},{\"createBy\":\"admin\",\"createTime\":1641223889000,\"updateBy\":\"\",\"typePic\":\"\",\"typeName\":\"啊啊\",\"typeId\":13,\"params\":{},\"blogNum\":0}],\"tagIds\":[20,24,25],\"updateTime\":1655202098677,\"params\":{},\"title\":\"阿萨\",\"type\":\"1\",\"content\":\"<h1 class=\\\"ql-align-center\\\">测试</h1><p>1.发生的地方阿萨的</p><p>2.啊手动阀</p><p>阿萨事实上</p>\",\"tags\":[{\"createBy\":\"admin\",\"createTime\":1641221405000,\"tagId\":20,\"updateBy\":\"\",\"params\":{},\"tagName\":\"啊实打实\",\"blogNum\":0},{\"createBy\":\"admin\",\"createTime\":1641223832000,\"tagId\":24,\"updateBy\":\"\",\"params\":{},\"tagName\":\"阿松大\",\"blogNum\":0},{\"createBy\":\"admin\",\"createTime\":1641223838000,\"tagId\":25,\"updateBy\":\"\",\"params\":{},\"tagName\":\"愤愤愤\",\"blogNum\":0}],\"blogPic\":\"\",\"createBy\":\"admin\",\"top\":\"1\",\"createTime\":1641097526000,\"updateBy\":\"admin\",\"typeIds\":[10,13],\"blogDesc\":\"置顶文章\",\"id\":7,\"views\":21,\"status\":\"1\"}', '{\"msg\":\"操作成功\",\"code\":200}', 0, NULL, '2022-06-14 18:21:38');
INSERT INTO `sys_oper_log` VALUES (54, '文章管理', 2, 'com.ruoyi.cms.blog.controller.CmsBlogController.edit()', 'PUT', 1, 'admin', NULL, '/cms/blog', '127.0.0.1', '内网IP', '{\"types\":[{\"createBy\":\"admin\",\"createTime\":1641223870000,\"updateBy\":\"\",\"typePic\":\"\",\"typeName\":\"阿萨的\",\"typeId\":10,\"params\":{},\"blogNum\":0},{\"createBy\":\"admin\",\"createTime\":1641223889000,\"updateBy\":\"\",\"typePic\":\"\",\"typeName\":\"啊啊\",\"typeId\":13,\"params\":{},\"blogNum\":0}],\"tagIds\":[20,24,25],\"updateTime\":1655252127390,\"params\":{},\"title\":\"阿萨\",\"type\":\"1\",\"content\":\"<h1 class=\\\"ql-align-center\\\">测试</h1><p>1.发生的地方阿萨的</p><p>2.啊手动阀</p><p>阿萨事实上</p>\",\"tags\":[{\"createBy\":\"admin\",\"createTime\":1641221405000,\"tagId\":20,\"updateBy\":\"\",\"params\":{},\"tagName\":\"啊实打实\",\"blogNum\":0},{\"createBy\":\"admin\",\"createTime\":1641223832000,\"tagId\":24,\"updateBy\":\"\",\"params\":{},\"tagName\":\"阿松大\",\"blogNum\":0},{\"createBy\":\"admin\",\"createTime\":1641223838000,\"tagId\":25,\"updateBy\":\"\",\"params\":{},\"tagName\":\"愤愤愤\",\"blogNum\":0}],\"blogPic\":\"/profile/upload/2022/06/15/95bf30dd-24d1-4757-8f4e-0527939b1cd0.jpg\",\"createBy\":\"admin\",\"top\":\"1\",\"createTime\":1641097526000,\"updateBy\":\"admin\",\"typeIds\":[10,13],\"blogDesc\":\"置顶文章\",\"id\":7,\"views\":21,\"status\":\"1\"}', '{\"msg\":\"操作成功\",\"code\":200}', 0, NULL, '2022-06-15 08:15:27');
INSERT INTO `sys_oper_log` VALUES (55, '文章管理', 2, 'com.ruoyi.cms.blog.controller.CmsBlogController.edit()', 'PUT', 1, 'admin', NULL, '/cms/blog', '127.0.0.1', '内网IP', '{\"types\":[{\"createBy\":\"admin\",\"createTime\":1641223870000,\"updateBy\":\"\",\"typePic\":\"\",\"typeName\":\"阿萨的\",\"typeId\":10,\"params\":{},\"blogNum\":0},{\"createBy\":\"admin\",\"createTime\":1641223889000,\"updateBy\":\"\",\"typePic\":\"\",\"typeName\":\"啊啊\",\"typeId\":13,\"params\":{},\"blogNum\":0}],\"tagIds\":[20,24,25],\"updateTime\":1655252140428,\"params\":{},\"title\":\"阿萨\",\"type\":\"1\",\"content\":\"<h1 class=\\\"ql-align-center\\\">测试</h1><p>1.发生的地方阿萨的</p><p>2.啊手动阀</p><p>阿萨事实上</p>\",\"tags\":[{\"createBy\":\"admin\",\"createTime\":1641221405000,\"tagId\":20,\"updateBy\":\"\",\"params\":{},\"tagName\":\"啊实打实\",\"blogNum\":0},{\"createBy\":\"admin\",\"createTime\":1641223832000,\"tagId\":24,\"updateBy\":\"\",\"params\":{},\"tagName\":\"阿松大\",\"blogNum\":0},{\"createBy\":\"admin\",\"createTime\":1641223838000,\"tagId\":25,\"updateBy\":\"\",\"params\":{},\"tagName\":\"愤愤愤\",\"blogNum\":0}],\"blogPic\":\"\",\"createBy\":\"admin\",\"top\":\"1\",\"createTime\":1641097526000,\"updateBy\":\"admin\",\"typeIds\":[10,13],\"blogDesc\":\"置顶文章\",\"id\":7,\"views\":21,\"status\":\"1\"}', '{\"msg\":\"操作成功\",\"code\":200}', 0, NULL, '2022-06-15 08:15:40');
INSERT INTO `sys_oper_log` VALUES (56, '文章管理', 2, 'com.ruoyi.cms.blog.controller.CmsBlogController.edit()', 'PUT', 1, 'admin', NULL, '/cms/blog', '127.0.0.1', '内网IP', '{\"types\":[{\"createBy\":\"admin\",\"createTime\":1641223870000,\"updateBy\":\"\",\"typePic\":\"\",\"typeName\":\"阿萨的\",\"typeId\":10,\"params\":{},\"blogNum\":0},{\"createBy\":\"admin\",\"createTime\":1641223889000,\"updateBy\":\"\",\"typePic\":\"\",\"typeName\":\"啊啊\",\"typeId\":13,\"params\":{},\"blogNum\":0}],\"tagIds\":[20,24,25],\"updateTime\":1655252385679,\"params\":{},\"title\":\"阿萨\",\"type\":\"1\",\"content\":\"<h1 class=\\\"ql-align-center\\\">测试</h1><p>1.发生的地方阿萨的</p><p>2.啊手动阀</p><p>阿萨事实上</p>\",\"tags\":[{\"createBy\":\"admin\",\"createTime\":1641221405000,\"tagId\":20,\"updateBy\":\"\",\"params\":{},\"tagName\":\"啊实打实\",\"blogNum\":0},{\"createBy\":\"admin\",\"createTime\":1641223832000,\"tagId\":24,\"updateBy\":\"\",\"params\":{},\"tagName\":\"阿松大\",\"blogNum\":0},{\"createBy\":\"admin\",\"createTime\":1641223838000,\"tagId\":25,\"updateBy\":\"\",\"params\":{},\"tagName\":\"愤愤愤\",\"blogNum\":0}],\"blogPic\":\"/profile/upload/2022/06/15/9c6698b6-2a7a-452b-a0a2-a5275e2363e3.jpg\",\"createBy\":\"admin\",\"top\":\"1\",\"createTime\":1641097526000,\"updateBy\":\"admin\",\"typeIds\":[10,13],\"blogDesc\":\"置顶文章\",\"id\":7,\"views\":21,\"status\":\"1\"}', '{\"msg\":\"操作成功\",\"code\":200}', 0, NULL, '2022-06-15 08:19:45');
INSERT INTO `sys_oper_log` VALUES (57, '文章管理', 2, 'com.ruoyi.cms.blog.controller.CmsBlogController.edit()', 'PUT', 1, 'admin', NULL, '/cms/blog', '127.0.0.1', '内网IP', '{\"types\":[{\"createBy\":\"admin\",\"createTime\":1641223870000,\"updateBy\":\"\",\"typePic\":\"\",\"typeName\":\"阿萨的\",\"typeId\":10,\"params\":{},\"blogNum\":0},{\"createBy\":\"admin\",\"createTime\":1641223889000,\"updateBy\":\"\",\"typePic\":\"\",\"typeName\":\"啊啊\",\"typeId\":13,\"params\":{},\"blogNum\":0}],\"tagIds\":[20,24,25],\"updateTime\":1655252407795,\"params\":{},\"title\":\"阿萨\",\"type\":\"1\",\"content\":\"<h1 class=\\\"ql-align-center\\\">测试</h1><p>1.发生的地方阿萨的</p><p>2.啊手动阀</p><p>阿萨事实上</p>\",\"tags\":[{\"createBy\":\"admin\",\"createTime\":1641221405000,\"tagId\":20,\"updateBy\":\"\",\"params\":{},\"tagName\":\"啊实打实\",\"blogNum\":0},{\"createBy\":\"admin\",\"createTime\":1641223832000,\"tagId\":24,\"updateBy\":\"\",\"params\":{},\"tagName\":\"阿松大\",\"blogNum\":0},{\"createBy\":\"admin\",\"createTime\":1641223838000,\"tagId\":25,\"updateBy\":\"\",\"params\":{},\"tagName\":\"愤愤愤\",\"blogNum\":0}],\"blogPic\":\"\",\"createBy\":\"admin\",\"top\":\"1\",\"createTime\":1641097526000,\"updateBy\":\"admin\",\"typeIds\":[10,13],\"blogDesc\":\"置顶文章\",\"id\":7,\"views\":21,\"status\":\"1\"}', '{\"msg\":\"操作成功\",\"code\":200}', 0, NULL, '2022-06-15 08:20:07');
INSERT INTO `sys_oper_log` VALUES (58, '文章管理', 2, 'com.ruoyi.cms.blog.controller.CmsBlogController.edit()', 'PUT', 1, 'admin', NULL, '/cms/blog', '127.0.0.1', '内网IP', '{\"types\":[{\"createBy\":\"admin\",\"createTime\":1641223870000,\"updateBy\":\"\",\"typePic\":\"\",\"typeName\":\"阿萨的\",\"typeId\":10,\"params\":{},\"blogNum\":0},{\"createBy\":\"admin\",\"createTime\":1641223889000,\"updateBy\":\"\",\"typePic\":\"\",\"typeName\":\"啊啊\",\"typeId\":13,\"params\":{},\"blogNum\":0}],\"tagIds\":[20,24,25],\"updateTime\":1655277823272,\"params\":{},\"title\":\"阿萨\",\"type\":\"1\",\"content\":\"<h1 class=\\\"ql-align-center\\\">测试</h1><p>1.发生的地方阿萨的</p><p>2.啊手动阀</p><p>阿萨事实上</p>\",\"tags\":[{\"createBy\":\"admin\",\"createTime\":1641221405000,\"tagId\":20,\"updateBy\":\"\",\"params\":{},\"tagName\":\"啊实打实\",\"blogNum\":0},{\"createBy\":\"admin\",\"createTime\":1641223832000,\"tagId\":24,\"updateBy\":\"\",\"params\":{},\"tagName\":\"阿松大\",\"blogNum\":0},{\"createBy\":\"admin\",\"createTime\":1641223838000,\"tagId\":25,\"updateBy\":\"\",\"params\":{},\"tagName\":\"愤愤愤\",\"blogNum\":0}],\"blogPic\":\"/profile/upload/2022/06/15/b8f9d310-2faa-45ce-a953-0fd740761c88.jpg\",\"createBy\":\"admin\",\"top\":\"1\",\"createTime\":1641097526000,\"updateBy\":\"admin\",\"typeIds\":[10,13],\"blogDesc\":\"置顶文章\",\"id\":7,\"views\":21,\"status\":\"1\"}', '{\"msg\":\"操作成功\",\"code\":200}', 0, NULL, '2022-06-15 15:23:43');
INSERT INTO `sys_oper_log` VALUES (59, '文章管理', 2, 'com.ruoyi.cms.blog.controller.CmsBlogController.edit()', 'PUT', 1, 'admin', NULL, '/cms/blog', '127.0.0.1', '内网IP', '{\"types\":[{\"createBy\":\"admin\",\"createTime\":1641223870000,\"updateBy\":\"\",\"typePic\":\"\",\"typeName\":\"阿萨的\",\"typeId\":10,\"params\":{},\"blogNum\":0},{\"createBy\":\"admin\",\"createTime\":1641223889000,\"updateBy\":\"\",\"typePic\":\"\",\"typeName\":\"啊啊\",\"typeId\":13,\"params\":{},\"blogNum\":0}],\"tagIds\":[20,24,25],\"updateTime\":1655277925006,\"params\":{},\"title\":\"阿萨\",\"type\":\"1\",\"content\":\"<h1 class=\\\"ql-align-center\\\">测试</h1><p>1.发生的地方阿萨的</p><p>2.啊手动阀</p><p>阿萨事实上</p>\",\"tags\":[{\"createBy\":\"admin\",\"createTime\":1641221405000,\"tagId\":20,\"updateBy\":\"\",\"params\":{},\"tagName\":\"啊实打实\",\"blogNum\":0},{\"createBy\":\"admin\",\"createTime\":1641223832000,\"tagId\":24,\"updateBy\":\"\",\"params\":{},\"tagName\":\"阿松大\",\"blogNum\":0},{\"createBy\":\"admin\",\"createTime\":1641223838000,\"tagId\":25,\"updateBy\":\"\",\"params\":{},\"tagName\":\"愤愤愤\",\"blogNum\":0}],\"blogPic\":\"\",\"createBy\":\"admin\",\"top\":\"1\",\"createTime\":1641097526000,\"updateBy\":\"admin\",\"typeIds\":[10,13],\"blogDesc\":\"置顶文章\",\"id\":7,\"views\":21,\"status\":\"1\"}', '{\"msg\":\"操作成功\",\"code\":200}', 0, NULL, '2022-06-15 15:25:25');
INSERT INTO `sys_oper_log` VALUES (60, '文章管理', 2, 'com.ruoyi.cms.blog.controller.CmsBlogController.edit()', 'PUT', 1, 'admin', NULL, '/cms/blog', '127.0.0.1', '内网IP', '{\"types\":[{\"createBy\":\"admin\",\"createTime\":1641223870000,\"updateBy\":\"\",\"typePic\":\"\",\"typeName\":\"阿萨的\",\"typeId\":10,\"params\":{},\"blogNum\":0},{\"createBy\":\"admin\",\"createTime\":1641223889000,\"updateBy\":\"\",\"typePic\":\"\",\"typeName\":\"啊啊\",\"typeId\":13,\"params\":{},\"blogNum\":0}],\"tagIds\":[20,24,25],\"updateTime\":1655281507813,\"params\":{},\"title\":\"阿萨\",\"type\":\"1\",\"content\":\"<h1 class=\\\"ql-align-center\\\">测试</h1><p>1.发生的地方阿萨的</p><p>2.啊手动阀</p><p>阿萨事实上</p>\",\"tags\":[{\"createBy\":\"admin\",\"createTime\":1641221405000,\"tagId\":20,\"updateBy\":\"\",\"params\":{},\"tagName\":\"啊实打实\",\"blogNum\":0},{\"createBy\":\"admin\",\"createTime\":1641223832000,\"tagId\":24,\"updateBy\":\"\",\"params\":{},\"tagName\":\"阿松大\",\"blogNum\":0},{\"createBy\":\"admin\",\"createTime\":1641223838000,\"tagId\":25,\"updateBy\":\"\",\"params\":{},\"tagName\":\"愤愤愤\",\"blogNum\":0}],\"blogPic\":\"/profile/upload/2022/06/15/a54bb98f-ec5c-4aa6-a637-77f95f62cbeb.jpg\",\"createBy\":\"admin\",\"top\":\"1\",\"createTime\":1641097526000,\"updateBy\":\"admin\",\"typeIds\":[10,13],\"blogDesc\":\"置顶文章\",\"id\":7,\"views\":21,\"status\":\"1\"}', '{\"msg\":\"操作成功\",\"code\":200}', 0, NULL, '2022-06-15 16:25:07');
INSERT INTO `sys_oper_log` VALUES (61, '文章管理', 2, 'com.ruoyi.cms.blog.controller.CmsBlogController.edit()', 'PUT', 1, 'admin', NULL, '/cms/blog', '127.0.0.1', '内网IP', '{\"types\":[{\"createBy\":\"admin\",\"createTime\":1641223870000,\"updateBy\":\"\",\"typePic\":\"\",\"typeName\":\"阿萨的\",\"typeId\":10,\"params\":{},\"blogNum\":0},{\"createBy\":\"admin\",\"createTime\":1641223889000,\"updateBy\":\"\",\"typePic\":\"\",\"typeName\":\"啊啊\",\"typeId\":13,\"params\":{},\"blogNum\":0}],\"tagIds\":[20,24,25],\"updateTime\":1655281526011,\"params\":{},\"title\":\"阿萨\",\"type\":\"1\",\"content\":\"<h1 class=\\\"ql-align-center\\\">测试</h1><p>1.发生的地方阿萨的</p><p>2.啊手动阀</p><p>阿萨事实上</p>\",\"tags\":[{\"createBy\":\"admin\",\"createTime\":1641221405000,\"tagId\":20,\"updateBy\":\"\",\"params\":{},\"tagName\":\"啊实打实\",\"blogNum\":0},{\"createBy\":\"admin\",\"createTime\":1641223832000,\"tagId\":24,\"updateBy\":\"\",\"params\":{},\"tagName\":\"阿松大\",\"blogNum\":0},{\"createBy\":\"admin\",\"createTime\":1641223838000,\"tagId\":25,\"updateBy\":\"\",\"params\":{},\"tagName\":\"愤愤愤\",\"blogNum\":0}],\"blogPic\":\"\",\"createBy\":\"admin\",\"top\":\"1\",\"createTime\":1641097526000,\"updateBy\":\"admin\",\"typeIds\":[10,13],\"blogDesc\":\"置顶文章\",\"id\":7,\"views\":21,\"status\":\"1\"}', '{\"msg\":\"操作成功\",\"code\":200}', 0, NULL, '2022-06-15 16:25:26');
INSERT INTO `sys_oper_log` VALUES (62, '文章管理', 2, 'com.ruoyi.cms.blog.controller.CmsBlogController.edit()', 'PUT', 1, 'admin', NULL, '/cms/blog', '127.0.0.1', '内网IP', '{\"types\":[{\"createBy\":\"admin\",\"createTime\":1641223870000,\"updateBy\":\"\",\"typePic\":\"\",\"typeName\":\"阿萨的\",\"typeId\":10,\"params\":{},\"blogNum\":0},{\"createBy\":\"admin\",\"createTime\":1641223880000,\"updateBy\":\"\",\"typePic\":\"\",\"typeName\":\"人然\",\"typeId\":11,\"params\":{},\"blogNum\":0},{\"createBy\":\"admin\",\"createTime\":1641223889000,\"updateBy\":\"\",\"typePic\":\"\",\"typeName\":\"啊啊\",\"typeId\":13,\"params\":{},\"blogNum\":0},{\"createBy\":\"若依\",\"createTime\":1641277883000,\"updateBy\":\"admin\",\"typePic\":\"\",\"typeName\":\"若依\",\"typeId\":14,\"updateTime\":1644483360000,\"params\":{},\"blogNum\":0},{\"createBy\":\"admin\",\"createTime\":1641216944000,\"updateBy\":\"\",\"typePic\":\"\",\"typeName\":\"33\",\"typeId\":15,\"params\":{},\"blogNum\":0},{\"createBy\":\"admin\",\"createTime\":1654848530000,\"updateBy\":\"admin\",\"typePic\":\"\",\"typeName\":\"java\",\"typeId\":16,\"updateTime\":1655104477000,\"params\":{},\"blogNum\":0}],\"tagIds\":[20,21,22,23,24,25,26],\"updateTime\":1655285433208,\"params\":{},\"title\":\"测试\",\"type\":\"1\",\"tags\":[{\"createBy\":\"admin\",\"createTime\":1641221405000,\"tagId\":20,\"updateBy\":\"\",\"params\":{},\"tagName\":\"啊实打实\",\"blogNum\":0},{\"createBy\":\"admin\",\"createTime\":1641221423000,\"tagId\":21,\"updateBy\":\"\",\"params\":{},\"tagName\":\"打\",\"blogNum\":0},{\"createBy\":\"admin\",\"createTime\":1641221443000,\"tagId\":22,\"updateBy\":\"\",\"params\":{},\"tagName\":\"问问\",\"blogNum\":0},{\"createBy\":\"admin\",\"createTime\":1641223828000,\"tagId\":23,\"updateBy\":\"\",\"params\":{},\"tagName\":\"阿斯弗\",\"blogNum\":0},{\"createBy\":\"admin\",\"createTime\":1641223832000,\"tagId\":24,\"updateBy\":\"\",\"params\":{},\"tagName\":\"阿松大\",\"blogNum\":0},{\"createBy\":\"admin\",\"createTime\":1641223838000,\"tagId\":25,\"updateBy\":\"\",\"params\":{},\"tagName\":\"愤愤愤\",\"blogNum\":0},{\"createBy\":\"若依\",\"createTime\":1641278906000,\"tagId\":26,\"updateBy\":\"\",\"params\":{},\"tagName\":\"若依\",\"blogNum\":0}],\"blogPic\":\"/profile/upload/2022/06/15/b7644c02-9f55-43cb-96fd-04484517ebcd.jpg\",\"createBy\":\"admin\",\"top\":\"0\",\"createTime\":1655082830000,\"updateBy\":\"admin\",\"typeIds\":[10,11,13,14,15,16],\"blogDesc\":\"萨达VS奥迪发奥迪发奥迪发答复答复答复奥迪奥迪发奥迪发奥迪发答复奥迪发奥迪发奥迪发奥迪发答复答复答复\",\"id\":22,\"views\":3,\"status', '{\"msg\":\"操作成功\",\"code\":200}', 0, NULL, '2022-06-15 17:30:33');
INSERT INTO `sys_oper_log` VALUES (63, '文章管理', 2, 'com.ruoyi.cms.blog.controller.CmsBlogController.edit()', 'PUT', 1, 'admin', NULL, '/cms/blog', '127.0.0.1', '内网IP', '{\"types\":[{\"createBy\":\"admin\",\"createTime\":1641223870000,\"updateBy\":\"\",\"typePic\":\"\",\"typeName\":\"阿萨的\",\"typeId\":10,\"params\":{},\"blogNum\":0},{\"createBy\":\"admin\",\"createTime\":1641223880000,\"updateBy\":\"\",\"typePic\":\"\",\"typeName\":\"人然\",\"typeId\":11,\"params\":{},\"blogNum\":0},{\"createBy\":\"admin\",\"createTime\":1641223889000,\"updateBy\":\"\",\"typePic\":\"\",\"typeName\":\"啊啊\",\"typeId\":13,\"params\":{},\"blogNum\":0},{\"createBy\":\"若依\",\"createTime\":1641277883000,\"updateBy\":\"admin\",\"typePic\":\"\",\"typeName\":\"若依\",\"typeId\":14,\"updateTime\":1644483360000,\"params\":{},\"blogNum\":0},{\"createBy\":\"admin\",\"createTime\":1641216944000,\"updateBy\":\"\",\"typePic\":\"\",\"typeName\":\"33\",\"typeId\":15,\"params\":{},\"blogNum\":0},{\"createBy\":\"admin\",\"createTime\":1654848530000,\"updateBy\":\"admin\",\"typePic\":\"\",\"typeName\":\"java\",\"typeId\":16,\"updateTime\":1655104477000,\"params\":{},\"blogNum\":0}],\"tagIds\":[20,21,22,23,24,25,26],\"updateTime\":1655285469118,\"params\":{},\"title\":\"测试\",\"type\":\"1\",\"tags\":[{\"createBy\":\"admin\",\"createTime\":1641221405000,\"tagId\":20,\"updateBy\":\"\",\"params\":{},\"tagName\":\"啊实打实\",\"blogNum\":0},{\"createBy\":\"admin\",\"createTime\":1641221423000,\"tagId\":21,\"updateBy\":\"\",\"params\":{},\"tagName\":\"打\",\"blogNum\":0},{\"createBy\":\"admin\",\"createTime\":1641221443000,\"tagId\":22,\"updateBy\":\"\",\"params\":{},\"tagName\":\"问问\",\"blogNum\":0},{\"createBy\":\"admin\",\"createTime\":1641223828000,\"tagId\":23,\"updateBy\":\"\",\"params\":{},\"tagName\":\"阿斯弗\",\"blogNum\":0},{\"createBy\":\"admin\",\"createTime\":1641223832000,\"tagId\":24,\"updateBy\":\"\",\"params\":{},\"tagName\":\"阿松大\",\"blogNum\":0},{\"createBy\":\"admin\",\"createTime\":1641223838000,\"tagId\":25,\"updateBy\":\"\",\"params\":{},\"tagName\":\"愤愤愤\",\"blogNum\":0},{\"createBy\":\"若依\",\"createTime\":1641278906000,\"tagId\":26,\"updateBy\":\"\",\"params\":{},\"tagName\":\"若依\",\"blogNum\":0}],\"blogPic\":\"\",\"createBy\":\"admin\",\"top\":\"0\",\"createTime\":1655082830000,\"updateBy\":\"admin\",\"typeIds\":[10,11,13,14,15,16],\"blogDesc\":\"萨达VS奥迪发奥迪发奥迪发答复答复答复奥迪奥迪发奥迪发奥迪发答复奥迪发奥迪发奥迪发奥迪发答复答复答复\",\"id\":22,\"views\":3,\"status\":\"1\"}', '{\"msg\":\"操作成功\",\"code\":200}', 0, NULL, '2022-06-15 17:31:09');
INSERT INTO `sys_oper_log` VALUES (64, '文件管理', 3, 'com.ruoyi.cms.fileInfo.controller.SysFileInfoController.remove()', 'DELETE', 1, 'admin', NULL, '/fileInfo/29', '127.0.0.1', '内网IP', '{fileIds=29}', '{\"msg\":\"操作成功\",\"code\":200}', 0, NULL, '2022-06-16 09:05:22');
INSERT INTO `sys_oper_log` VALUES (65, '文章管理', 2, 'com.ruoyi.cms.blog.controller.CmsBlogController.edit()', 'PUT', 1, 'admin', NULL, '/cms/blog', '127.0.0.1', '内网IP', '{\"types\":[{\"createBy\":\"admin\",\"createTime\":1641223870000,\"updateBy\":\"\",\"typePic\":\"\",\"typeName\":\"阿萨的\",\"typeId\":10,\"params\":{},\"blogNum\":0},{\"createBy\":\"admin\",\"createTime\":1641223880000,\"updateBy\":\"\",\"typePic\":\"\",\"typeName\":\"人然\",\"typeId\":11,\"params\":{},\"blogNum\":0},{\"createBy\":\"admin\",\"createTime\":1641223889000,\"updateBy\":\"\",\"typePic\":\"\",\"typeName\":\"啊啊\",\"typeId\":13,\"params\":{},\"blogNum\":0},{\"createBy\":\"若依\",\"createTime\":1641277883000,\"updateBy\":\"admin\",\"typePic\":\"\",\"typeName\":\"若依\",\"typeId\":14,\"updateTime\":1644483360000,\"params\":{},\"blogNum\":0},{\"createBy\":\"admin\",\"createTime\":1641216944000,\"updateBy\":\"\",\"typePic\":\"\",\"typeName\":\"33\",\"typeId\":15,\"params\":{},\"blogNum\":0},{\"createBy\":\"admin\",\"createTime\":1654848530000,\"updateBy\":\"admin\",\"typePic\":\"\",\"typeName\":\"java\",\"typeId\":16,\"updateTime\":1655104477000,\"params\":{},\"blogNum\":0}],\"tagIds\":[20,21,22,23,24,25,26],\"updateTime\":1655434491746,\"params\":{},\"title\":\"测试\",\"type\":\"1\",\"tags\":[{\"createBy\":\"admin\",\"createTime\":1641221405000,\"tagId\":20,\"updateBy\":\"\",\"params\":{},\"tagName\":\"啊实打实\",\"blogNum\":0},{\"createBy\":\"admin\",\"createTime\":1641221423000,\"tagId\":21,\"updateBy\":\"\",\"params\":{},\"tagName\":\"打\",\"blogNum\":0},{\"createBy\":\"admin\",\"createTime\":1641221443000,\"tagId\":22,\"updateBy\":\"\",\"params\":{},\"tagName\":\"问问\",\"blogNum\":0},{\"createBy\":\"admin\",\"createTime\":1641223828000,\"tagId\":23,\"updateBy\":\"\",\"params\":{},\"tagName\":\"阿斯弗\",\"blogNum\":0},{\"createBy\":\"admin\",\"createTime\":1641223832000,\"tagId\":24,\"updateBy\":\"\",\"params\":{},\"tagName\":\"阿松大\",\"blogNum\":0},{\"createBy\":\"admin\",\"createTime\":1641223838000,\"tagId\":25,\"updateBy\":\"\",\"params\":{},\"tagName\":\"愤愤愤\",\"blogNum\":0},{\"createBy\":\"若依\",\"createTime\":1641278906000,\"tagId\":26,\"updateBy\":\"\",\"params\":{},\"tagName\":\"若依\",\"blogNum\":0}],\"blogPic\":\"/profile/upload/2022/06/17/8c97fbb8-e872-4af0-871f-45d665cafcb9.jpg\",\"createBy\":\"admin\",\"top\":\"0\",\"createTime\":1655082830000,\"updateBy\":\"admin\",\"typeIds\":[10,11,13,14,15,16],\"blogDesc\":\"萨达VS奥迪发奥迪发奥迪发答复答复答复奥迪奥迪发奥迪发奥迪发答复奥迪发奥迪发奥迪发奥迪发答复答复答复\",\"id\":22,\"views\":71,\"statu', '{\"msg\":\"操作成功\",\"code\":200}', 0, NULL, '2022-06-17 10:54:51');
INSERT INTO `sys_oper_log` VALUES (66, '文章管理', 2, 'com.ruoyi.cms.blog.controller.CmsBlogController.edit()', 'PUT', 1, 'admin', NULL, '/cms/blog', '127.0.0.1', '内网IP', '{\"types\":[{\"createBy\":\"若依\",\"createTime\":1641277883000,\"updateBy\":\"admin\",\"typePic\":\"\",\"typeName\":\"若依\",\"typeId\":14,\"updateTime\":1644483360000,\"params\":{},\"blogNum\":0}],\"tagIds\":[26],\"updateTime\":1655434512037,\"params\":{},\"title\":\"是VSD v阿萨DVD v大是大非v阿斯蒂芬v地方\",\"type\":\"1\",\"content\":\"<p>1234555的风格</p>\",\"tags\":[{\"createBy\":\"若依\",\"createTime\":1641278906000,\"tagId\":26,\"updateBy\":\"\",\"params\":{},\"tagName\":\"若依\",\"blogNum\":0}],\"blogPic\":\"/profile/upload/2022/06/17/fbcfd2e2-058d-4cbe-8b2c-d444cd47ade7.jpg\",\"createBy\":\"admin\",\"top\":\"0\",\"createTime\":1641980454000,\"updateBy\":\"admin\",\"typeIds\":[14],\"id\":19,\"views\":191,\"status\":\"1\"}', '{\"msg\":\"操作成功\",\"code\":200}', 0, NULL, '2022-06-17 10:55:12');
INSERT INTO `sys_oper_log` VALUES (67, '文章管理', 2, 'com.ruoyi.cms.blog.controller.CmsBlogController.edit()', 'PUT', 1, 'admin', NULL, '/cms/blog', '127.0.0.1', '内网IP', '{\"types\":[{\"createBy\":\"admin\",\"createTime\":1641223880000,\"updateBy\":\"\",\"typePic\":\"\",\"typeName\":\"人然\",\"typeId\":11,\"params\":{},\"blogNum\":0}],\"tagIds\":[21,25],\"updateTime\":1655434523174,\"params\":{},\"title\":\"阿斯顿v奥迪的vvv从vvc从v从 啊高富帅是否公司费格式发给非钢是法国四个非钢\",\"type\":\"1\",\"content\":\"<h2>此事阿萨的</h2><h3>啊手动阀</h3><p><em>啊</em><em style=\\\"color: rgb(230, 0, 0);\\\">发生</em><em>的</em></p><p><s>奥迪发</s></p><p><span style=\\\"background-color: rgb(255, 255, 0);\\\">是否</span></p><p><br></p><p><br></p><p><br></p><p><br></p><p><br></p><h2 class=\\\"ql-align-center\\\"><strong>奥迪</strong></h2><p><u>啊手动阀</u></p><p><br></p><p><br></p><p><br></p><p><br></p><p><br></p><blockquote>var a = 1;</blockquote><blockquote>for (let i = 0; i &lt;10; i++){</blockquote><blockquote>}</blockquote><pre class=\\\"ql-syntax\\\" spellcheck=\\\"false\\\">var a = 1;\\nfor (let i = 0; i &lt;10; i++){\\n}\\n</pre><p>123</p><p><br></p><p><a href=\\\"http://www.baidu.com\\\" rel=\\\"noopener noreferrer\\\" target=\\\"_blank\\\">百度</a></p>\",\"tags\":[{\"createBy\":\"admin\",\"createTime\":1641221423000,\"tagId\":21,\"updateBy\":\"\",\"params\":{},\"tagName\":\"打\",\"blogNum\":0},{\"createBy\":\"admin\",\"createTime\":1641223838000,\"tagId\":25,\"updateBy\":\"\",\"params\":{},\"tagName\":\"愤愤愤\",\"blogNum\":0}],\"blogPic\":\"/profile/upload/2022/06/17/651f8890-a4a8-4f86-a9ea-eddeba5cf1da.jpg\",\"createBy\":\"admin\",\"top\":\"0\",\"createTime\":1641347093000,\"updateBy\":\"admin\",\"typeIds\":[11],\"id\":16,\"views\":137,\"status\":\"1\"}', '{\"msg\":\"操作成功\",\"code\":200}', 0, NULL, '2022-06-17 10:55:23');
INSERT INTO `sys_oper_log` VALUES (68, '个人信息', 2, 'com.ruoyi.web.controller.system.SysProfileController.updateProfile()', 'PUT', 1, 'admin', NULL, '/system/user/profile', '127.0.0.1', '内网IP', '{\"admin\":true,\"params\":{},\"userName\":\"admin\",\"userId\":1}', '{\"msg\":\"操作成功\",\"code\":200}', 0, NULL, '2022-06-17 14:17:10');
INSERT INTO `sys_oper_log` VALUES (69, '文章管理', 2, 'com.ruoyi.cms.blog.controller.CmsBlogController.edit()', 'PUT', 1, 'admin', NULL, '/cms/blog', '127.0.0.1', '内网IP', '{\"types\":[{\"createBy\":\"admin\",\"createTime\":1641223870000,\"updateBy\":\"\",\"typePic\":\"\",\"typeName\":\"阿萨的\",\"typeId\":10,\"params\":{},\"blogNum\":0},{\"createBy\":\"admin\",\"createTime\":1641223880000,\"updateBy\":\"\",\"typePic\":\"\",\"typeName\":\"人然\",\"typeId\":11,\"params\":{},\"blogNum\":0},{\"createBy\":\"admin\",\"createTime\":1641223889000,\"updateBy\":\"\",\"typePic\":\"\",\"typeName\":\"啊啊\",\"typeId\":13,\"params\":{},\"blogNum\":0},{\"createBy\":\"若依\",\"createTime\":1641277883000,\"updateBy\":\"admin\",\"typePic\":\"\",\"typeName\":\"若依\",\"typeId\":14,\"updateTime\":1644483360000,\"params\":{},\"blogNum\":0},{\"createBy\":\"admin\",\"createTime\":1641216944000,\"updateBy\":\"\",\"typePic\":\"\",\"typeName\":\"33\",\"typeId\":15,\"params\":{},\"blogNum\":0},{\"createBy\":\"admin\",\"createTime\":1654848530000,\"updateBy\":\"admin\",\"typePic\":\"\",\"typeName\":\"java\",\"typeId\":16,\"updateTime\":1655104477000,\"params\":{},\"blogNum\":0}],\"tagIds\":[20,21,22,23,24,25,26],\"updateTime\":1655772579575,\"params\":{},\"title\":\"测试\",\"type\":\"1\",\"tags\":[{\"createBy\":\"admin\",\"createTime\":1641221405000,\"tagId\":20,\"updateBy\":\"\",\"params\":{},\"tagName\":\"啊实打实\",\"blogNum\":0},{\"createBy\":\"admin\",\"createTime\":1641221423000,\"tagId\":21,\"updateBy\":\"\",\"params\":{},\"tagName\":\"打\",\"blogNum\":0},{\"createBy\":\"admin\",\"createTime\":1641221443000,\"tagId\":22,\"updateBy\":\"\",\"params\":{},\"tagName\":\"问问\",\"blogNum\":0},{\"createBy\":\"admin\",\"createTime\":1641223828000,\"tagId\":23,\"updateBy\":\"\",\"params\":{},\"tagName\":\"阿斯弗\",\"blogNum\":0},{\"createBy\":\"admin\",\"createTime\":1641223832000,\"tagId\":24,\"updateBy\":\"\",\"params\":{},\"tagName\":\"阿松大\",\"blogNum\":0},{\"createBy\":\"admin\",\"createTime\":1641223838000,\"tagId\":25,\"updateBy\":\"\",\"params\":{},\"tagName\":\"愤愤愤\",\"blogNum\":0},{\"createBy\":\"若依\",\"createTime\":1641278906000,\"tagId\":26,\"updateBy\":\"\",\"params\":{},\"tagName\":\"若依\",\"blogNum\":0}],\"blogPic\":\"\",\"createBy\":\"admin\",\"top\":\"0\",\"createTime\":1655082830000,\"updateBy\":\"admin\",\"typeIds\":[10,11,13,14,15,16],\"blogDesc\":\"萨达VS奥迪发奥迪发奥迪发答复答复答复奥迪奥迪发奥迪发奥迪发答复奥迪发奥迪发奥迪发奥迪发答复答复答复\",\"id\":22,\"views\":73,\"status\":\"1\"}', '{\"msg\":\"操作成功\",\"code\":200}', 0, NULL, '2022-06-21 08:49:39');
INSERT INTO `sys_oper_log` VALUES (70, '文章管理', 2, 'com.ruoyi.cms.blog.controller.CmsBlogController.edit()', 'PUT', 1, 'admin', NULL, '/cms/blog', '127.0.0.1', '内网IP', '{\"types\":[{\"createBy\":\"若依\",\"createTime\":1641277883000,\"updateBy\":\"admin\",\"typePic\":\"\",\"typeName\":\"若依\",\"typeId\":14,\"updateTime\":1644483360000,\"params\":{},\"blogNum\":0}],\"tagIds\":[26],\"updateTime\":1655772584960,\"params\":{},\"title\":\"是VSD v阿萨DVD v大是大非v阿斯蒂芬v地方\",\"type\":\"1\",\"content\":\"<p>1234555的风格</p>\",\"tags\":[{\"createBy\":\"若依\",\"createTime\":1641278906000,\"tagId\":26,\"updateBy\":\"\",\"params\":{},\"tagName\":\"若依\",\"blogNum\":0}],\"blogPic\":\"\",\"createBy\":\"admin\",\"top\":\"0\",\"createTime\":1641980454000,\"updateBy\":\"admin\",\"typeIds\":[14],\"id\":19,\"views\":200,\"status\":\"1\"}', '{\"msg\":\"操作成功\",\"code\":200}', 0, NULL, '2022-06-21 08:49:44');
INSERT INTO `sys_oper_log` VALUES (71, '文章管理', 2, 'com.ruoyi.cms.blog.controller.CmsBlogController.edit()', 'PUT', 1, 'admin', NULL, '/cms/blog', '127.0.0.1', '内网IP', '{\"types\":[{\"createBy\":\"admin\",\"createTime\":1641223880000,\"updateBy\":\"\",\"typePic\":\"\",\"typeName\":\"人然\",\"typeId\":11,\"params\":{},\"blogNum\":0}],\"tagIds\":[21,25],\"updateTime\":1655772590844,\"params\":{},\"title\":\"阿斯顿v奥迪的vvv从vvc从v从 啊高富帅是否公司费格式发给非钢是法国四个非钢\",\"type\":\"1\",\"content\":\"<h2>此事阿萨的</h2><h3>啊手动阀</h3><p><em>啊</em><em style=\\\"color: rgb(230, 0, 0);\\\">发生</em><em>的</em></p><p><s>奥迪发</s></p><p><span style=\\\"background-color: rgb(255, 255, 0);\\\">是否</span></p><p><br></p><p><br></p><p><br></p><p><br></p><p><br></p><p><br></p><h2 class=\\\"ql-align-center\\\"><strong>奥迪</strong></h2><p><u>啊手动阀</u></p><p><br></p><p><br></p><p><br></p><p><br></p><p><br></p><p><br></p><blockquote>var a = 1;</blockquote><blockquote>for (let i = 0; i &lt;10; i++){</blockquote><blockquote>}</blockquote><pre class=\\\"ql-syntax\\\" spellcheck=\\\"false\\\">var a = 1;\\nfor (let i = 0; i &lt;10; i++){\\n}\\n</pre><p>123</p><p><br></p><p><a href=\\\"http://www.baidu.com\\\" rel=\\\"noopener noreferrer\\\" target=\\\"_blank\\\">百度</a></p>\",\"tags\":[{\"createBy\":\"admin\",\"createTime\":1641221423000,\"tagId\":21,\"updateBy\":\"\",\"params\":{},\"tagName\":\"打\",\"blogNum\":0},{\"createBy\":\"admin\",\"createTime\":1641223838000,\"tagId\":25,\"updateBy\":\"\",\"params\":{},\"tagName\":\"愤愤愤\",\"blogNum\":0}],\"blogPic\":\"\",\"createBy\":\"admin\",\"top\":\"0\",\"createTime\":1641347093000,\"updateBy\":\"admin\",\"typeIds\":[11],\"id\":16,\"views\":140,\"status\":\"1\"}', '{\"msg\":\"操作成功\",\"code\":200}', 0, NULL, '2022-06-21 08:49:50');
INSERT INTO `sys_oper_log` VALUES (72, '文章管理', 2, 'com.ruoyi.cms.blog.controller.CmsBlogController.edit()', 'PUT', 1, 'admin', NULL, '/cms/blog', '127.0.0.1', '内网IP', '{\"types\":[],\"tagIds\":[],\"updateTime\":1655772652949,\"params\":{},\"title\":\"你好!!!!\",\"type\":\"2\",\"content\":\"<p>和那路上看到你第三方</p><p>大师傅</p><p>啊手动阀</p><p>啊手动阀</p><p>撒旦</p><p><img src=\\\"/dev-api/profile/upload/2022/06/21/5251ff35-7d85-4b0a-afee-27d1444d933c.jpg\\\"></p>\",\"tags\":[],\"blogPic\":\"\",\"createBy\":\"admin\",\"top\":\"0\",\"createTime\":1641974788000,\"updateBy\":\"admin\",\"typeIds\":[],\"id\":17,\"views\":0,\"status\":\"1\"}', '{\"msg\":\"操作成功\",\"code\":200}', 0, NULL, '2022-06-21 08:50:52');
INSERT INTO `sys_oper_log` VALUES (73, '文章管理', 2, 'com.ruoyi.cms.blog.controller.CmsBlogController.edit()', 'PUT', 1, 'admin', NULL, '/cms/blog', '127.0.0.1', '内网IP', '{\"types\":[],\"tagIds\":[],\"updateTime\":1655772768346,\"params\":{},\"title\":\"你好!!!!\",\"type\":\"2\",\"content\":\"<p>和那路上看到你第三方</p><p>大师傅</p><p>啊手动阀</p><p>啊手动阀</p><p>撒旦</p>\",\"tags\":[],\"blogPic\":\"\",\"createBy\":\"admin\",\"top\":\"0\",\"createTime\":1641974788000,\"updateBy\":\"admin\",\"typeIds\":[],\"id\":17,\"views\":0,\"status\":\"1\"}', '{\"msg\":\"操作成功\",\"code\":200}', 0, NULL, '2022-06-21 08:52:48');
INSERT INTO `sys_oper_log` VALUES (74, '文件管理', 3, 'com.ruoyi.cms.fileInfo.controller.SysFileInfoController.remove()', 'DELETE', 1, 'admin', NULL, '/fileInfo/33', '127.0.0.1', '内网IP', '{fileIds=33}', '{\"msg\":\"操作成功\",\"code\":200}', 0, NULL, '2022-06-21 08:52:52');
INSERT INTO `sys_oper_log` VALUES (75, '文章管理', 2, 'com.ruoyi.cms.blog.controller.CmsBlogController.edit()', 'PUT', 1, 'admin', NULL, '/cms/blog', '127.0.0.1', '内网IP', '{\"types\":[],\"tagIds\":[],\"updateTime\":1655772816630,\"params\":{},\"title\":\"你好!!!!\",\"type\":\"2\",\"content\":\"<p>和那路上看到你第三方</p><p>大师傅</p><p>啊手动阀</p><p>啊手动阀</p><p>撒旦</p><p><img src=\\\"/dev-api/profile/upload/2022/06/21/8795b399-ad96-46ec-b0f9-1d9490324b0c.jpg\\\"></p>\",\"tags\":[],\"blogPic\":\"\",\"createBy\":\"admin\",\"top\":\"0\",\"createTime\":1641974788000,\"updateBy\":\"admin\",\"typeIds\":[],\"id\":17,\"views\":0,\"status\":\"1\"}', '{\"msg\":\"操作成功\",\"code\":200}', 0, NULL, '2022-06-21 08:53:36');
INSERT INTO `sys_oper_log` VALUES (76, '文章管理', 2, 'com.ruoyi.cms.blog.controller.CmsBlogController.edit()', 'PUT', 1, 'admin', NULL, '/cms/blog', '127.0.0.1', '内网IP', '{\"types\":[{\"createBy\":\"admin\",\"createTime\":1641223870000,\"updateBy\":\"\",\"typePic\":\"\",\"typeName\":\"阿萨的\",\"typeId\":10,\"params\":{},\"blogNum\":0},{\"createBy\":\"admin\",\"createTime\":1641223880000,\"updateBy\":\"\",\"typePic\":\"\",\"typeName\":\"人然\",\"typeId\":11,\"params\":{},\"blogNum\":0},{\"createBy\":\"admin\",\"createTime\":1641223889000,\"updateBy\":\"\",\"typePic\":\"\",\"typeName\":\"啊啊\",\"typeId\":13,\"params\":{},\"blogNum\":0},{\"createBy\":\"若依\",\"createTime\":1641277883000,\"updateBy\":\"admin\",\"typePic\":\"\",\"typeName\":\"若依\",\"typeId\":14,\"updateTime\":1644483360000,\"params\":{},\"blogNum\":0},{\"createBy\":\"admin\",\"createTime\":1641216944000,\"updateBy\":\"\",\"typePic\":\"\",\"typeName\":\"33\",\"typeId\":15,\"params\":{},\"blogNum\":0},{\"createBy\":\"admin\",\"createTime\":1654848530000,\"updateBy\":\"admin\",\"typePic\":\"\",\"typeName\":\"java\",\"typeId\":16,\"updateTime\":1655104477000,\"params\":{},\"blogNum\":0}],\"tagIds\":[20,21,22,23,24,25,26],\"updateTime\":1655776982525,\"params\":{},\"title\":\"测试\",\"type\":\"1\",\"tags\":[{\"createBy\":\"admin\",\"createTime\":1641221405000,\"tagId\":20,\"updateBy\":\"\",\"params\":{},\"tagName\":\"啊实打实\",\"blogNum\":0},{\"createBy\":\"admin\",\"createTime\":1641221423000,\"tagId\":21,\"updateBy\":\"\",\"params\":{},\"tagName\":\"打\",\"blogNum\":0},{\"createBy\":\"admin\",\"createTime\":1641221443000,\"tagId\":22,\"updateBy\":\"\",\"params\":{},\"tagName\":\"问问\",\"blogNum\":0},{\"createBy\":\"admin\",\"createTime\":1641223828000,\"tagId\":23,\"updateBy\":\"\",\"params\":{},\"tagName\":\"阿斯弗\",\"blogNum\":0},{\"createBy\":\"admin\",\"createTime\":1641223832000,\"tagId\":24,\"updateBy\":\"\",\"params\":{},\"tagName\":\"阿松大\",\"blogNum\":0},{\"createBy\":\"admin\",\"createTime\":1641223838000,\"tagId\":25,\"updateBy\":\"\",\"params\":{},\"tagName\":\"愤愤愤\",\"blogNum\":0},{\"createBy\":\"若依\",\"createTime\":1641278906000,\"tagId\":26,\"updateBy\":\"\",\"params\":{},\"tagName\":\"若依\",\"blogNum\":0}],\"blogPic\":\"/profile/upload/2022/06/21/fd8d3842-1916-4b70-ae12-cc5ae7d01df0.jpg\",\"createBy\":\"admin\",\"top\":\"0\",\"createTime\":1655082830000,\"updateBy\":\"admin\",\"typeIds\":[10,11,13,14,15,16],\"blogDesc\":\"萨达VS奥迪发奥迪发奥迪发答复答复答复奥迪奥迪发奥迪发奥迪发答复奥迪发奥迪发奥迪发奥迪发答复答复答复\",\"id\":22,\"views\":73,\"statu', '{\"msg\":\"操作成功\",\"code\":200}', 0, NULL, '2022-06-21 10:03:02');
INSERT INTO `sys_oper_log` VALUES (77, '文章管理', 2, 'com.ruoyi.cms.blog.controller.CmsBlogController.edit()', 'PUT', 1, 'admin', NULL, '/cms/blog', '127.0.0.1', '内网IP', '{\"types\":[{\"createBy\":\"admin\",\"createTime\":1641223870000,\"updateBy\":\"\",\"typePic\":\"\",\"typeName\":\"阿萨的\",\"typeId\":10,\"params\":{},\"blogNum\":0},{\"createBy\":\"admin\",\"createTime\":1641223880000,\"updateBy\":\"\",\"typePic\":\"\",\"typeName\":\"人然\",\"typeId\":11,\"params\":{},\"blogNum\":0},{\"createBy\":\"admin\",\"createTime\":1641223889000,\"updateBy\":\"\",\"typePic\":\"\",\"typeName\":\"啊啊\",\"typeId\":13,\"params\":{},\"blogNum\":0},{\"createBy\":\"若依\",\"createTime\":1641277883000,\"updateBy\":\"admin\",\"typePic\":\"\",\"typeName\":\"若依\",\"typeId\":14,\"updateTime\":1644483360000,\"params\":{},\"blogNum\":0},{\"createBy\":\"admin\",\"createTime\":1641216944000,\"updateBy\":\"\",\"typePic\":\"\",\"typeName\":\"33\",\"typeId\":15,\"params\":{},\"blogNum\":0},{\"createBy\":\"admin\",\"createTime\":1654848530000,\"updateBy\":\"admin\",\"typePic\":\"\",\"typeName\":\"java\",\"typeId\":16,\"updateTime\":1655104477000,\"params\":{},\"blogNum\":0}],\"tagIds\":[20,21,22,23,24,25,26],\"updateTime\":1655777232276,\"params\":{},\"title\":\"测试\",\"type\":\"1\",\"tags\":[{\"createBy\":\"admin\",\"createTime\":1641221405000,\"tagId\":20,\"updateBy\":\"\",\"params\":{},\"tagName\":\"啊实打实\",\"blogNum\":0},{\"createBy\":\"admin\",\"createTime\":1641221423000,\"tagId\":21,\"updateBy\":\"\",\"params\":{},\"tagName\":\"打\",\"blogNum\":0},{\"createBy\":\"admin\",\"createTime\":1641221443000,\"tagId\":22,\"updateBy\":\"\",\"params\":{},\"tagName\":\"问问\",\"blogNum\":0},{\"createBy\":\"admin\",\"createTime\":1641223828000,\"tagId\":23,\"updateBy\":\"\",\"params\":{},\"tagName\":\"阿斯弗\",\"blogNum\":0},{\"createBy\":\"admin\",\"createTime\":1641223832000,\"tagId\":24,\"updateBy\":\"\",\"params\":{},\"tagName\":\"阿松大\",\"blogNum\":0},{\"createBy\":\"admin\",\"createTime\":1641223838000,\"tagId\":25,\"updateBy\":\"\",\"params\":{},\"tagName\":\"愤愤愤\",\"blogNum\":0},{\"createBy\":\"若依\",\"createTime\":1641278906000,\"tagId\":26,\"updateBy\":\"\",\"params\":{},\"tagName\":\"若依\",\"blogNum\":0}],\"blogPic\":\"\",\"createBy\":\"admin\",\"top\":\"0\",\"createTime\":1655082830000,\"updateBy\":\"admin\",\"typeIds\":[10,11,13,14,15,16],\"blogDesc\":\"萨达VS奥迪发奥迪发奥迪发答复答复答复奥迪奥迪发奥迪发奥迪发答复奥迪发奥迪发奥迪发奥迪发答复答复答复\",\"id\":22,\"views\":73,\"status\":\"1\"}', '{\"msg\":\"操作成功\",\"code\":200}', 0, NULL, '2022-06-21 10:07:12');
INSERT INTO `sys_oper_log` VALUES (78, '文章管理', 2, 'com.ruoyi.cms.blog.controller.CmsBlogController.edit()', 'PUT', 1, 'admin', NULL, '/cms/blog', '127.0.0.1', '内网IP', '{\"types\":[],\"tagIds\":[],\"updateTime\":1655778749393,\"params\":{},\"title\":\"你好!!!!\",\"type\":\"2\",\"content\":\"<p>和那路上看到你第三方</p><p>大师傅</p><p>啊手动阀</p><p>啊手动阀</p><p>撒旦</p>\",\"tags\":[],\"blogPic\":\"\",\"createBy\":\"admin\",\"top\":\"0\",\"createTime\":1641974788000,\"updateBy\":\"admin\",\"typeIds\":[],\"id\":17,\"views\":0,\"status\":\"1\"}', '{\"msg\":\"操作成功\",\"code\":200}', 0, NULL, '2022-06-21 10:32:29');
INSERT INTO `sys_oper_log` VALUES (79, '文件管理', 3, 'com.ruoyi.cms.fileInfo.controller.SysFileInfoController.remove()', 'DELETE', 1, 'admin', NULL, '/fileInfo/34', '127.0.0.1', '内网IP', '{fileIds=34}', '{\"msg\":\"操作成功\",\"code\":200}', 0, NULL, '2022-06-21 10:32:33');
INSERT INTO `sys_oper_log` VALUES (80, '个人信息', 2, 'com.ruoyi.web.controller.system.SysProfileController.updateProfile()', 'PUT', 1, 'admin', NULL, '/system/user/profile', '127.0.0.1', '内网IP', '{\"admin\":true,\"params\":{},\"userName\":\"admin\",\"userId\":1}', '{\"msg\":\"操作成功\",\"code\":200}', 0, NULL, '2022-06-21 10:34:33');
INSERT INTO `sys_oper_log` VALUES (81, '个人信息', 2, 'com.ruoyi.web.controller.system.SysProfileController.updateProfile()', 'PUT', 1, 'admin', NULL, '/system/user/profile', '127.0.0.1', '内网IP', '{\"admin\":true,\"params\":{},\"userName\":\"admin\",\"userId\":1}', '{\"msg\":\"操作成功\",\"code\":200}', 0, NULL, '2022-06-21 11:24:57');
INSERT INTO `sys_oper_log` VALUES (82, '个人信息', 2, 'com.ruoyi.web.controller.system.SysProfileController.updateProfile()', 'PUT', 1, 'admin', NULL, '/system/user/profile', '127.0.0.1', '内网IP', '{\"admin\":true,\"params\":{},\"userName\":\"admin\",\"userId\":1}', '{\"msg\":\"操作成功\",\"code\":200}', 0, NULL, '2022-06-21 11:28:11');
INSERT INTO `sys_oper_log` VALUES (83, '用户头像', 2, 'com.ruoyi.web.controller.system.SysProfileController.avatar()', 'POST', 1, 'admin', NULL, '/system/user/profile/avatar', '127.0.0.1', '内网IP', '', '{\"msg\":\"操作成功\",\"imgUrl\":\"/profile/avatar/2022/06/21/3ab3c21f-3675-4f70-a533-7feffcdf9a02.jpeg\",\"code\":200}', 0, NULL, '2022-06-21 11:32:55');
INSERT INTO `sys_oper_log` VALUES (84, '个人信息', 2, 'com.ruoyi.web.controller.system.SysProfileController.updateProfile()', 'PUT', 1, 'admin', NULL, '/system/user/profile', '127.0.0.1', '内网IP', '{\"admin\":true,\"params\":{},\"userName\":\"admin\",\"userId\":1}', '{\"msg\":\"操作成功\",\"code\":200}', 0, NULL, '2022-06-21 11:34:49');
INSERT INTO `sys_oper_log` VALUES (85, '个人信息', 2, 'com.ruoyi.web.controller.system.SysProfileController.updateProfile()', 'PUT', 1, 'admin', NULL, '/system/user/profile', '127.0.0.1', '内网IP', '{\"admin\":true,\"avatar\":\"/profile/avatar/2022/06/21/3ab3c21f-3675-4f70-a533-7feffcdf9a02.jpeg\",\"params\":{},\"userName\":\"admin\",\"userId\":1}', '{\"msg\":\"操作成功\",\"code\":200}', 0, NULL, '2022-06-21 11:35:01');
INSERT INTO `sys_oper_log` VALUES (86, '个人信息', 2, 'com.ruoyi.web.controller.system.SysProfileController.updateProfile()', 'PUT', 1, 'admin', NULL, '/system/user/profile', '127.0.0.1', '内网IP', '{\"admin\":true,\"params\":{},\"userName\":\"admin\",\"userId\":1}', '{\"msg\":\"操作成功\",\"code\":200}', 0, NULL, '2022-06-21 11:36:30');
INSERT INTO `sys_oper_log` VALUES (87, '个人信息', 2, 'com.ruoyi.web.controller.system.SysProfileController.updateProfile()', 'PUT', 1, 'admin', NULL, '/system/user/profile', '127.0.0.1', '内网IP', '{\"admin\":true,\"avatar\":\"/static/img/profile.473f5971.jpg\",\"params\":{},\"userName\":\"admin\",\"userId\":1}', '{\"msg\":\"操作成功\",\"code\":200}', 0, NULL, '2022-06-21 11:36:47');
INSERT INTO `sys_oper_log` VALUES (88, '个人信息', 2, 'com.ruoyi.web.controller.system.SysProfileController.updateProfile()', 'PUT', 1, 'admin', NULL, '/system/user/profile', '127.0.0.1', '内网IP', '{\"admin\":true,\"params\":{},\"userName\":\"admin\",\"userId\":1}', '{\"msg\":\"操作成功\",\"code\":200}', 0, NULL, '2022-06-21 11:48:01');
INSERT INTO `sys_oper_log` VALUES (89, '个人信息', 2, 'com.ruoyi.web.controller.system.SysProfileController.updateProfile()', 'PUT', 1, 'admin', NULL, '/system/user/profile', '127.0.0.1', '内网IP', '{\"admin\":true,\"params\":{},\"userName\":\"admin\",\"userId\":1}', '{\"msg\":\"操作成功\",\"code\":200}', 0, NULL, '2022-06-21 14:10:46');
INSERT INTO `sys_oper_log` VALUES (90, '个人信息', 2, 'com.ruoyi.web.controller.system.SysProfileController.updateProfile()', 'PUT', 1, 'admin', NULL, '/system/user/profile', '127.0.0.1', '内网IP', '{\"admin\":true,\"params\":{},\"userName\":\"admin\",\"userId\":1}', '{\"msg\":\"操作成功\",\"code\":200}', 0, NULL, '2022-06-21 14:22:37');
INSERT INTO `sys_oper_log` VALUES (91, '个人信息', 2, 'com.ruoyi.web.controller.system.SysProfileController.updateProfile()', 'PUT', 1, 'admin', NULL, '/system/user/profile', '127.0.0.1', '内网IP', '{\"admin\":true,\"params\":{},\"userName\":\"admin\",\"userId\":1}', '{\"msg\":\"操作成功\",\"code\":200}', 0, NULL, '2022-06-21 14:24:21');
INSERT INTO `sys_oper_log` VALUES (92, '个人信息', 2, 'com.ruoyi.web.controller.system.SysProfileController.updateProfile()', 'PUT', 1, 'admin', NULL, '/system/user/profile', '127.0.0.1', '内网IP', '{\"admin\":true,\"params\":{},\"userName\":\"admin\",\"userId\":1}', '{\"msg\":\"操作成功\",\"code\":200}', 0, NULL, '2022-06-22 08:17:33');
INSERT INTO `sys_oper_log` VALUES (93, '个人信息', 2, 'com.ruoyi.web.controller.system.SysProfileController.updateProfile()', 'PUT', 1, 'admin', NULL, '/system/user/profile', '127.0.0.1', '内网IP', '{\"admin\":true,\"params\":{},\"userName\":\"admin\",\"userId\":1}', '{\"msg\":\"操作成功\",\"code\":200}', 0, NULL, '2022-06-22 08:52:04');
INSERT INTO `sys_oper_log` VALUES (94, '个人信息', 2, 'com.ruoyi.web.controller.system.SysProfileController.updateProfile()', 'PUT', 1, 'admin', NULL, '/system/user/profile', '127.0.0.1', '内网IP', '{\"admin\":true,\"params\":{},\"userName\":\"admin\",\"userId\":1}', '{\"msg\":\"操作成功\",\"code\":200}', 0, NULL, '2022-06-22 09:52:33');
INSERT INTO `sys_oper_log` VALUES (95, '个人信息', 2, 'com.ruoyi.web.controller.system.SysProfileController.updateProfile()', 'PUT', 1, 'admin', NULL, '/system/user/profile', '127.0.0.1', '内网IP', '{\"admin\":true,\"params\":{},\"userName\":\"admin\",\"userId\":1}', '{\"msg\":\"操作成功\",\"code\":200}', 0, NULL, '2022-06-22 11:28:02');
INSERT INTO `sys_oper_log` VALUES (96, '个人信息', 2, 'com.ruoyi.web.controller.system.SysProfileController.updateProfile()', 'PUT', 1, 'admin', NULL, '/system/user/profile', '127.0.0.1', '内网IP', '{\"admin\":true,\"params\":{},\"userName\":\"admin\",\"userId\":1}', '{\"msg\":\"操作成功\",\"code\":200}', 0, NULL, '2022-06-22 14:09:55');
INSERT INTO `sys_oper_log` VALUES (97, '个人信息', 2, 'com.ruoyi.web.controller.system.SysProfileController.updateProfile()', 'PUT', 1, 'admin', NULL, '/system/user/profile', '127.0.0.1', '内网IP', '{\"admin\":true,\"params\":{},\"userName\":\"admin\",\"userId\":1}', '{\"msg\":\"操作成功\",\"code\":200}', 0, NULL, '2022-06-22 14:47:07');
INSERT INTO `sys_oper_log` VALUES (98, '个人信息', 2, 'com.ruoyi.web.controller.system.SysProfileController.updateProfile()', 'PUT', 1, 'admin', NULL, '/system/user/profile', '127.0.0.1', '内网IP', '{\"phonenumber\":\"15888888889\",\"admin\":true,\"email\":\"ry@163.com\",\"sex\":\"1\",\"params\":{},\"userName\":\"admin\",\"userId\":1}', '{\"msg\":\"操作成功\",\"code\":200}', 0, NULL, '2022-06-22 14:51:09');
INSERT INTO `sys_oper_log` VALUES (99, '个人信息', 2, 'com.ruoyi.web.controller.system.SysProfileController.updateProfile()', 'PUT', 1, 'admin', NULL, '/system/user/profile', '127.0.0.1', '内网IP', '{\"phonenumber\":\"15888888887\",\"admin\":true,\"email\":\"ry@163.com\",\"sex\":\"1\",\"params\":{},\"userName\":\"admin\",\"userId\":1}', '{\"msg\":\"操作成功\",\"code\":200}', 0, NULL, '2022-06-22 14:54:03');
INSERT INTO `sys_oper_log` VALUES (100, '个人信息', 2, 'com.ruoyi.web.controller.system.SysProfileController.updateProfile()', 'PUT', 1, 'admin', NULL, '/system/user/profile', '127.0.0.1', '内网IP', '{\"roles\":[{\"flag\":false,\"roleId\":1,\"admin\":true,\"dataScope\":\"1\",\"params\":{},\"roleSort\":\"1\",\"deptCheckStrictly\":false,\"menuCheckStrictly\":false,\"roleKey\":\"admin\",\"roleName\":\"超级管理员\",\"status\":\"0\"}],\"phonenumber\":\"15888888888\",\"admin\":true,\"loginDate\":1655878196000,\"remark\":\"管理员\",\"delFlag\":\"0\",\"loginIp\":\"127.0.0.1\",\"email\":\"ry@163.com\",\"nickName\":\"admin\",\"sex\":\"1\",\"deptId\":103,\"avatar\":\"\",\"dept\":{\"deptName\":\"研发部门\",\"leader\":\"若依\",\"deptId\":103,\"orderNum\":\"1\",\"params\":{},\"parentId\":101,\"children\":[],\"status\":\"0\"},\"params\":{},\"userName\":\"admin\",\"userId\":1,\"createBy\":\"admin\",\"createTime\":1639116734000,\"status\":\"0\"}', '{\"msg\":\"操作成功\",\"code\":200}', 0, NULL, '2022-06-22 14:54:50');
INSERT INTO `sys_oper_log` VALUES (101, '个人信息', 2, 'com.ruoyi.web.controller.system.SysProfileController.updateProfile()', 'PUT', 1, 'admin', NULL, '/system/user/profile', '127.0.0.1', '内网IP', '{\"phonenumber\":\"15888888888\",\"admin\":true,\"email\":\"ry@163.com\",\"sex\":\"2\",\"params\":{},\"userName\":\"admin\",\"userId\":1}', '{\"msg\":\"操作成功\",\"code\":200}', 0, NULL, '2022-06-22 14:55:33');
INSERT INTO `sys_oper_log` VALUES (102, '个人信息', 2, 'com.ruoyi.web.controller.system.SysProfileController.updateProfile()', 'PUT', 1, 'admin', NULL, '/system/user/profile', '127.0.0.1', '内网IP', '{\"roles\":[{\"flag\":false,\"roleId\":1,\"admin\":true,\"dataScope\":\"1\",\"params\":{},\"roleSort\":\"1\",\"deptCheckStrictly\":false,\"menuCheckStrictly\":false,\"roleKey\":\"admin\",\"roleName\":\"超级管理员\",\"status\":\"0\"}],\"phonenumber\":\"15888888888\",\"admin\":true,\"loginDate\":1655878196000,\"remark\":\"管理员\",\"delFlag\":\"0\",\"loginIp\":\"127.0.0.1\",\"email\":\"ry@163.com\",\"nickName\":\"admin\",\"sex\":\"0\",\"deptId\":103,\"avatar\":\"\",\"dept\":{\"deptName\":\"研发部门\",\"leader\":\"若依\",\"deptId\":103,\"orderNum\":\"1\",\"params\":{},\"parentId\":101,\"children\":[],\"status\":\"0\"},\"params\":{},\"userName\":\"admin\",\"userId\":1,\"createBy\":\"admin\",\"createTime\":1639116734000,\"status\":\"0\"}', '{\"msg\":\"操作成功\",\"code\":200}', 0, NULL, '2022-06-22 14:55:39');
INSERT INTO `sys_oper_log` VALUES (103, '个人信息', 2, 'com.ruoyi.web.controller.system.SysProfileController.updateProfile()', 'PUT', 1, 'admin', NULL, '/system/user/profile', '127.0.0.1', '内网IP', '{\"phonenumber\":\"15888888888\",\"admin\":true,\"email\":\"ry@163.com\",\"sex\":\"1\",\"params\":{},\"userName\":\"admin\",\"userId\":1}', '{\"msg\":\"操作成功\",\"code\":200}', 0, NULL, '2022-06-22 14:56:20');
INSERT INTO `sys_oper_log` VALUES (104, '个人信息', 2, 'com.ruoyi.web.controller.system.SysProfileController.updateProfile()', 'PUT', 1, 'admin', NULL, '/system/user/profile', '127.0.0.1', '内网IP', '{\"roles\":[{\"flag\":false,\"roleId\":1,\"admin\":true,\"dataScope\":\"1\",\"params\":{},\"roleSort\":\"1\",\"deptCheckStrictly\":false,\"menuCheckStrictly\":false,\"roleKey\":\"admin\",\"roleName\":\"超级管理员\",\"status\":\"0\"}],\"phonenumber\":\"15888888888\",\"admin\":true,\"loginDate\":1655878196000,\"remark\":\"管理员\",\"delFlag\":\"0\",\"loginIp\":\"127.0.0.1\",\"email\":\"ry@163.com\",\"nickName\":\"admin\",\"sex\":\"1\",\"deptId\":103,\"avatar\":\"\",\"dept\":{\"deptName\":\"研发部门\",\"leader\":\"若依\",\"deptId\":103,\"orderNum\":\"1\",\"params\":{},\"parentId\":101,\"children\":[],\"status\":\"0\"},\"params\":{},\"userName\":\"admin\",\"userId\":1,\"createBy\":\"admin\",\"createTime\":1639116734000,\"status\":\"0\"}', '{\"msg\":\"操作成功\",\"code\":200}', 0, NULL, '2022-06-22 14:56:40');
INSERT INTO `sys_oper_log` VALUES (105, '个人信息', 2, 'com.ruoyi.web.controller.system.SysProfileController.updateProfile()', 'PUT', 1, 'admin', NULL, '/system/user/profile', '127.0.0.1', '内网IP', '{\"roles\":[{\"flag\":false,\"roleId\":1,\"admin\":true,\"dataScope\":\"1\",\"params\":{},\"roleSort\":\"1\",\"deptCheckStrictly\":false,\"menuCheckStrictly\":false,\"roleKey\":\"admin\",\"roleName\":\"超级管理员\",\"status\":\"0\"}],\"phonenumber\":\"15888888888\",\"admin\":true,\"loginDate\":1655878196000,\"remark\":\"管理员\",\"delFlag\":\"0\",\"loginIp\":\"127.0.0.1\",\"email\":\"ry@163.com\",\"nickName\":\"admin\",\"sex\":\"1\",\"deptId\":103,\"avatar\":\"\",\"dept\":{\"deptName\":\"研发部门\",\"leader\":\"若依\",\"deptId\":103,\"orderNum\":\"1\",\"params\":{},\"parentId\":101,\"children\":[],\"status\":\"0\"},\"params\":{},\"userName\":\"admin\",\"userId\":1,\"createBy\":\"admin\",\"createTime\":1639116734000,\"status\":\"0\"}', '{\"msg\":\"操作成功\",\"code\":200}', 0, NULL, '2022-06-22 14:57:50');
INSERT INTO `sys_oper_log` VALUES (106, '个人信息', 2, 'com.ruoyi.web.controller.system.SysProfileController.updateProfile()', 'PUT', 1, 'admin', NULL, '/system/user/profile', '127.0.0.1', '内网IP', '{\"roles\":[{\"flag\":false,\"roleId\":1,\"admin\":true,\"dataScope\":\"1\",\"params\":{},\"roleSort\":\"1\",\"deptCheckStrictly\":false,\"menuCheckStrictly\":false,\"roleKey\":\"admin\",\"roleName\":\"超级管理员\",\"status\":\"0\"}],\"phonenumber\":\"15888888888\",\"admin\":true,\"loginDate\":1655878196000,\"remark\":\"管理员\",\"delFlag\":\"0\",\"loginIp\":\"127.0.0.1\",\"email\":\"ry@163.com\",\"nickName\":\"admin\",\"sex\":\"1\",\"deptId\":103,\"avatar\":\"\",\"dept\":{\"deptName\":\"研发部门\",\"leader\":\"若依\",\"deptId\":103,\"orderNum\":\"1\",\"params\":{},\"parentId\":101,\"children\":[],\"status\":\"0\"},\"params\":{},\"userName\":\"admin\",\"userId\":1,\"createBy\":\"admin\",\"createTime\":1639116734000,\"status\":\"0\"}', '{\"msg\":\"操作成功\",\"code\":200}', 0, NULL, '2022-06-22 14:57:58');
INSERT INTO `sys_oper_log` VALUES (107, '个人信息', 2, 'com.ruoyi.web.controller.system.SysProfileController.updateProfile()', 'PUT', 1, 'admin', NULL, '/system/user/profile', '127.0.0.1', '内网IP', '{\"roles\":[{\"flag\":false,\"roleId\":1,\"admin\":true,\"dataScope\":\"1\",\"params\":{},\"roleSort\":\"1\",\"deptCheckStrictly\":false,\"menuCheckStrictly\":false,\"roleKey\":\"admin\",\"roleName\":\"超级管理员\",\"status\":\"0\"}],\"phonenumber\":\"15888888888\",\"admin\":true,\"loginDate\":1655878196000,\"remark\":\"管理员\",\"delFlag\":\"0\",\"loginIp\":\"127.0.0.1\",\"email\":\"ry@163.com\",\"nickName\":\"admin\",\"sex\":\"0\",\"deptId\":103,\"avatar\":\"\",\"dept\":{\"deptName\":\"研发部门\",\"leader\":\"若依\",\"deptId\":103,\"orderNum\":\"1\",\"params\":{},\"parentId\":101,\"children\":[],\"status\":\"0\"},\"params\":{},\"userName\":\"admin\",\"userId\":1,\"createBy\":\"admin\",\"createTime\":1639116734000,\"status\":\"0\"}', '{\"msg\":\"操作成功\",\"code\":200}', 0, NULL, '2022-06-22 14:59:37');
INSERT INTO `sys_oper_log` VALUES (108, '个人信息', 2, 'com.ruoyi.web.controller.system.SysProfileController.updateProfile()', 'PUT', 1, 'admin', NULL, '/system/user/profile', '127.0.0.1', '内网IP', '{\"admin\":true,\"params\":{},\"userName\":\"admin\",\"userId\":1}', '{\"msg\":\"操作成功\",\"code\":200}', 0, NULL, '2022-06-22 17:29:36');
INSERT INTO `sys_oper_log` VALUES (109, '个人信息', 2, 'com.ruoyi.web.controller.system.SysProfileController.updateProfile()', 'PUT', 1, 'admin', NULL, '/system/user/profile', '127.0.0.1', '内网IP', '{\"admin\":true,\"params\":{},\"userName\":\"admin\",\"userId\":1}', '{\"msg\":\"操作成功\",\"code\":200}', 0, NULL, '2022-06-22 17:30:15');
INSERT INTO `sys_oper_log` VALUES (110, '个人信息', 2, 'com.ruoyi.web.controller.system.SysProfileController.updateProfile()', 'PUT', 1, 'admin', NULL, '/system/user/profile', '127.0.0.1', '内网IP', '{\"admin\":true,\"params\":{},\"userName\":\"admin\",\"userId\":1}', '{\"msg\":\"操作成功\",\"code\":200}', 0, NULL, '2022-06-22 17:36:48');
INSERT INTO `sys_oper_log` VALUES (111, '个人信息', 2, 'com.ruoyi.web.controller.system.SysProfileController.updateProfile()', 'PUT', 1, 'admin', NULL, '/system/user/profile', '127.0.0.1', '内网IP', '{\"admin\":true,\"params\":{},\"userName\":\"admin\",\"userId\":1}', '{\"msg\":\"操作成功\",\"code\":200}', 0, NULL, '2022-06-22 17:57:17');
INSERT INTO `sys_oper_log` VALUES (112, '个人信息', 2, 'com.ruoyi.web.controller.system.SysProfileController.updateProfile()', 'PUT', 1, 'admin', NULL, '/system/user/profile', '127.0.0.1', '内网IP', '{\"admin\":true,\"params\":{},\"userName\":\"admin\",\"userId\":1}', '{\"msg\":\"操作成功\",\"code\":200}', 0, NULL, '2022-06-22 18:13:40');
INSERT INTO `sys_oper_log` VALUES (113, '个人信息', 2, 'com.ruoyi.web.controller.system.SysProfileController.updateProfile()', 'PUT', 1, 'admin', NULL, '/system/user/profile', '127.0.0.1', '内网IP', '{\"admin\":true,\"params\":{},\"userName\":\"admin\",\"userId\":1}', '{\"msg\":\"操作成功\",\"code\":200}', 0, NULL, '2022-06-23 14:42:54');
INSERT INTO `sys_oper_log` VALUES (114, '文章管理', 2, 'com.ruoyi.cms.blog.controller.CmsBlogController.edit()', 'PUT', 1, 'admin', NULL, '/cms/blog', '127.0.0.1', '内网IP', '{\"types\":[],\"tagIds\":[],\"updateTime\":1655968301964,\"params\":{},\"title\":\"你好!!!!\",\"type\":\"2\",\"content\":\"<p>和那路上看到你第三方</p><p>大师傅</p><p>啊手动阀</p><p>啊手动阀</p><p>撒旦</p><p><img src=\\\"/dev-api/profile/upload/2022/06/23/4d7c82f1-00fc-474c-950d-d9a2fcd9191a.jpg\\\"></p>\",\"tags\":[],\"blogPic\":\"\",\"createBy\":\"admin\",\"top\":\"0\",\"createTime\":1641974788000,\"updateBy\":\"admin\",\"typeIds\":[],\"id\":17,\"views\":0,\"status\":\"1\"}', '{\"msg\":\"操作成功\",\"code\":200}', 0, NULL, '2022-06-23 15:11:41');
INSERT INTO `sys_oper_log` VALUES (115, '文章管理', 2, 'com.ruoyi.cms.blog.controller.CmsBlogController.edit()', 'PUT', 1, 'admin', NULL, '/cms/blog', '127.0.0.1', '内网IP', '{\"types\":[],\"tagIds\":[],\"updateTime\":1655968333743,\"params\":{},\"title\":\"你好!!!!\",\"type\":\"2\",\"content\":\"<p>和那路上看到你第三方</p><p>大师傅</p><p>啊手动阀</p><p>啊手动阀</p><p>撒旦</p>\",\"tags\":[],\"blogPic\":\"\",\"createBy\":\"admin\",\"top\":\"0\",\"createTime\":1641974788000,\"updateBy\":\"admin\",\"typeIds\":[],\"id\":17,\"views\":0,\"status\":\"1\"}', '{\"msg\":\"操作成功\",\"code\":200}', 0, NULL, '2022-06-23 15:12:13');
INSERT INTO `sys_oper_log` VALUES (116, '文件管理', 3, 'com.ruoyi.cms.fileInfo.controller.SysFileInfoController.remove()', 'DELETE', 1, 'admin', NULL, '/fileInfo/36', '127.0.0.1', '内网IP', '{fileIds=36}', '{\"msg\":\"操作成功\",\"code\":200}', 0, NULL, '2022-06-23 15:12:19');
INSERT INTO `sys_oper_log` VALUES (117, '文章管理', 2, 'com.ruoyi.cms.blog.controller.CmsBlogController.edit()', 'PUT', 1, 'admin', NULL, '/cms/blog', '127.0.0.1', '内网IP', '{\"types\":[],\"tagIds\":[],\"updateTime\":1655968459850,\"params\":{},\"title\":\"你好!!!!\",\"type\":\"2\",\"content\":\"<p>和那路上看到你第三方</p><p>大师傅</p><p>啊手动阀</p><p>啊手动阀</p><p>撒旦</p><p><img src=\\\"/dev-api/profile/upload/2022/06/23/edc44ffe-8cd9-4ca3-ab20-cbd563ed86f1.jpg\\\"></p>\",\"tags\":[],\"blogPic\":\"\",\"createBy\":\"admin\",\"top\":\"0\",\"createTime\":1641974788000,\"updateBy\":\"admin\",\"typeIds\":[],\"id\":17,\"views\":0,\"status\":\"1\"}', '{\"msg\":\"操作成功\",\"code\":200}', 0, NULL, '2022-06-23 15:14:19');
INSERT INTO `sys_oper_log` VALUES (118, '文件管理', 3, 'com.ruoyi.cms.fileInfo.controller.SysFileInfoController.remove()', 'DELETE', 1, 'admin', NULL, '/fileInfo/37', '127.0.0.1', '内网IP', '{fileIds=37}', '{\"msg\":\"操作成功\",\"code\":200}', 0, NULL, '2022-06-23 15:14:29');
INSERT INTO `sys_oper_log` VALUES (119, '文章管理', 2, 'com.ruoyi.cms.blog.controller.CmsBlogController.edit()', 'PUT', 1, 'admin', NULL, '/cms/blog', '127.0.0.1', '内网IP', '{\"types\":[],\"tagIds\":[],\"updateTime\":1655968476356,\"params\":{},\"title\":\"你好!!!!\",\"type\":\"2\",\"content\":\"<p>和那路上看到你第三方</p><p>大师傅</p><p>啊手动阀</p><p>啊手动阀</p><p>撒旦</p>\",\"tags\":[],\"blogPic\":\"\",\"createBy\":\"admin\",\"top\":\"0\",\"createTime\":1641974788000,\"updateBy\":\"admin\",\"typeIds\":[],\"id\":17,\"views\":0,\"status\":\"1\"}', '{\"msg\":\"操作成功\",\"code\":200}', 0, NULL, '2022-06-23 15:14:36');
INSERT INTO `sys_oper_log` VALUES (120, '文章管理', 2, 'com.ruoyi.cms.blog.controller.CmsBlogController.edit()', 'PUT', 1, 'admin', NULL, '/cms/blog', '127.0.0.1', '内网IP', '{\"types\":[],\"tagIds\":[],\"updateTime\":1655969883360,\"params\":{},\"title\":\"你好!!!!\",\"type\":\"2\",\"content\":\"<p>和那路上看到你第三方</p><p>大师傅</p><p>啊手动阀</p><p>啊手动阀</p><p>撒旦</p><p><img src=\\\"data:image/jpeg;base64,/9j/4AAQSkZJRgABAQEAeAB4AAD/4QAiRXhpZgAATU0AKgAAAAgAAQESAAMAAAABAAEAAAAAAAD/2wBDAAIBAQIBAQICAgICAgICAwUDAwMDAwYEBAMFBwYHBwcGBwcICQsJCAgKCAcHCg0KCgsMDAwMBwkODw0MDgsMDAz/2wBDAQICAgMDAwYDAwYMCAcIDAwMDAwMDAwMDAwMDAwMDAwMDAwMDAwMDAwMDAwMDAwMDAwMDAwMDAwMDAwMDAwMDAz/wAARCABtAFoDASIAAhEBAxEB/8QAHwAAAQUBAQEBAQEAAAAAAAAAAAECAwQFBgcICQoL/8QAtRAAAgEDAwIEAwUFBAQAAAF9AQIDAAQRBRIhMUEGE1FhByJxFDKBkaEII0KxwRVS0fAkM2JyggkKFhcYGRolJicoKSo0NTY3ODk6Q0RFRkdISUpTVFVWV1hZWmNkZWZnaGlqc3R1dnd4eXqDhIWGh4iJipKTlJWWl5iZmqKjpKWmp6ipqrKztLW2t7i5usLDxMXGx8jJytLT1NXW19jZ2uHi4+Tl5ufo6erx8vP09fb3+Pn6/8QAHwEAAwEBAQEBAQEBAQAAAAAAAAECAwQFBgcICQoL/8QAtREAAgECBAQDBAcFBAQAAQJ3AAECAxEEBSExBhJBUQdhcRMiMoEIFEKRobHBCSMzUvAVYnLRChYkNOEl8RcYGRomJygpKjU2Nzg5OkNERUZHSElKU1RVVldYWVpjZGVmZ2hpanN0dXZ3eHl6goOEhYaHiImKkpOUlZaXmJmaoqOkpaanqKmqsrO0tba3uLm6wsPExcbHyMnK0tPU1dbX2Nna4uPk5ebn6Onq8vP09fb3+Pn6/9oADAMBAAIRAxEAPwD9uf2uvjIf2df2UPif8QVhuLlvAvhLVfEIht3SOaX7JZy3G1GkV0Vj5eAWVlBIypGQf5qv2qf+DrD9pzxv8R7eb4X+Mb74f+GrXTre2exvdI0TVrq4uRzLcyzNY7fmZgAqKqgKOM5J/pA/by8c23ww/Yb+M3ia80eDxBZ+HfAut6nPpc0hjj1KOHT55Gt2YAlVkClCQCQGzg1/EV4l1OK912+1BbVbOO8uZJYbZGLLBGWJWNSeSqjCg+gFe9k2Go1OadVXt933GdS+yPuqL/g5x/bqnKKnxraRpmAQJ4N0DJJ/hH+g17X8Mv8AgtT+394xihe8+OLWvnfME/4QvQGbHof9B4r5j/Yn/Y4+0aRaeJNYt1kvtQO+2RkJECHpjtvPUfWvu74Q/AKG1WPzdox2YAN+OO9eZnefYTDXhThG/oj7TIeG/rCVWv8ACXbD/gqf+21d2y7vjdeCTABYeDtBIJP/AG5V5H8YPiP+2T8UPHl94jv/ANo/4uWt5qBiMkOk+ILrRLFAsSIvl2lk0VvFlVBPlxruYszZZmY/Y/gj4S2dpGNscbKAOdma6DUPhHb3MzSC3jYMvXGO1fAy44qwl7kV9yPt48J5W7Re5+Z3jT4i/te6BAZE/aW+OTAZOE8eatnH/f8Arwz4mft1ftefD64P2j9or9oDyVUtvHxA1YZH/gRX6xePPg9bsrBY0LDhoj9018wftLfsp6fqukS5tl3Mcnb0AxX0WUcX+2aVWK+487NOCcPyOWH3Pgf/AIes/tR5X/jJL4+/j8QdW/8Akivr3/gjz/wXR179mj9rzQPFXx68f/E7x5pM27QG1LWtcm1kaJp97JCbtyLkzTLEr2trcMtqBJK1mifMDtPxV+0Z+zbdfDeSS/s4pG09XO+Mf8s/9qoP2SvjP4L+DXjHU9S8beA', '{\"msg\":\"操作成功\",\"code\":200}', 0, NULL, '2022-06-23 15:38:03');
INSERT INTO `sys_oper_log` VALUES (121, '文章管理', 2, 'com.ruoyi.cms.blog.controller.CmsBlogController.edit()', 'PUT', 1, 'admin', NULL, '/cms/blog', '127.0.0.1', '内网IP', '{\"types\":[],\"tagIds\":[],\"updateTime\":1655970148039,\"params\":{},\"title\":\"你好!!!!\",\"type\":\"2\",\"content\":\"<p>和那路上看到你第三方</p><p>大师傅</p><p>啊手动阀</p><p>啊手动阀</p><p>撒旦</p>\",\"tags\":[],\"blogPic\":\"\",\"createBy\":\"admin\",\"top\":\"0\",\"createTime\":1641974788000,\"updateBy\":\"admin\",\"typeIds\":[],\"id\":17,\"views\":0,\"status\":\"1\"}', '{\"msg\":\"操作成功\",\"code\":200}', 0, NULL, '2022-06-23 15:42:28');
INSERT INTO `sys_oper_log` VALUES (122, '文章管理', 2, 'com.ruoyi.cms.blog.controller.CmsBlogController.edit()', 'PUT', 1, 'admin', NULL, '/cms/blog', '127.0.0.1', '内网IP', '{\"types\":[],\"tagIds\":[],\"updateTime\":1655972185276,\"params\":{},\"title\":\"你好!!!!\",\"type\":\"2\",\"content\":\"<p>和那路上看到你第三方</p><p>大师傅</p><p>啊手动阀</p><p>啊手动阀</p><p class=\\\"ql-align-center\\\"><img src=\\\"data:image/jpeg;base64,/9j/4AAQSkZJRgABAQEAeAB4AAD/4QAiRXhpZgAATU0AKgAAAAgAAQESAAMAAAABAAEAAAAAAAD/2wBDAAIBAQIBAQICAgICAgICAwUDAwMDAwYEBAMFBwYHBwcGBwcICQsJCAgKCAcHCg0KCgsMDAwMBwkODw0MDgsMDAz/2wBDAQICAgMDAwYDAwYMCAcIDAwMDAwMDAwMDAwMDAwMDAwMDAwMDAwMDAwMDAwMDAwMDAwMDAwMDAwMDAwMDAwMDAz/wAARCABtAFoDASIAAhEBAxEB/8QAHwAAAQUBAQEBAQEAAAAAAAAAAAECAwQFBgcICQoL/8QAtRAAAgEDAwIEAwUFBAQAAAF9AQIDAAQRBRIhMUEGE1FhByJxFDKBkaEII0KxwRVS0fAkM2JyggkKFhcYGRolJicoKSo0NTY3ODk6Q0RFRkdISUpTVFVWV1hZWmNkZWZnaGlqc3R1dnd4eXqDhIWGh4iJipKTlJWWl5iZmqKjpKWmp6ipqrKztLW2t7i5usLDxMXGx8jJytLT1NXW19jZ2uHi4+Tl5ufo6erx8vP09fb3+Pn6/8QAHwEAAwEBAQEBAQEBAQAAAAAAAAECAwQFBgcICQoL/8QAtREAAgECBAQDBAcFBAQAAQJ3AAECAxEEBSExBhJBUQdhcRMiMoEIFEKRobHBCSMzUvAVYnLRChYkNOEl8RcYGRomJygpKjU2Nzg5OkNERUZHSElKU1RVVldYWVpjZGVmZ2hpanN0dXZ3eHl6goOEhYaHiImKkpOUlZaXmJmaoqOkpaanqKmqsrO0tba3uLm6wsPExcbHyMnK0tPU1dbX2Nna4uPk5ebn6Onq8vP09fb3+Pn6/9oADAMBAAIRAxEAPwD9uf2uvjIf2df2UPif8QVhuLlvAvhLVfEIht3SOaX7JZy3G1GkV0Vj5eAWVlBIypGQf5qv2qf+DrD9pzxv8R7eb4X+Mb74f+GrXTre2exvdI0TVrq4uRzLcyzNY7fmZgAqKqgKOM5J/pA/by8c23ww/Yb+M3ia80eDxBZ+HfAut6nPpc0hjj1KOHT55Gt2YAlVkClCQCQGzg1/EV4l1OK912+1BbVbOO8uZJYbZGLLBGWJWNSeSqjCg+gFe9k2Go1OadVXt933GdS+yPuqL/g5x/bqnKKnxraRpmAQJ4N0DJJ/hH+g17X8Mv8AgtT+394xihe8+OLWvnfME/4QvQGbHof9B4r5j/Yn/Y4+0aRaeJNYt1kvtQO+2RkJECHpjtvPUfWvu74Q/AKG1WPzdox2YAN+OO9eZnefYTDXhThG/oj7TIeG/rCVWv8ACXbD/gqf+21d2y7vjdeCTABYeDtBIJP/AG5V5H8YPiP+2T8UPHl94jv/ANo/4uWt5qBiMkOk+ILrRLFAsSIvl2lk0VvFlVBPlxruYszZZmY/Y/gj4S2dpGNscbKAOdma6DUPhHb3MzSC3jYMvXGO1fAy44qwl7kV9yPt48J5W7Re5+Z3jT4i/te6BAZE/aW+OTAZOE8eatnH/f8Arwz4mft1ftefD64P2j9or9oDyVUtvHxA1YZH/gRX6xePPg9bsrBY0LDhoj9018wftLfsp6fqukS5tl3Mcnb0AxX0WUcX+2aVWK+487NOCcPyOWH3Pgf/AIes/tR5X/jJL4+/j8QdW/8Akivr3/gjz/wXR179mj9rzQPFXx68f/E7x5pM27QG1LWtcm1kaJp97JCbtyLkzTLEr2trcMtqBJK1mifMDtPxV+0Z+zbdfDeSS/s4pG09XO+Mf8s/9qoP2S', '{\"msg\":\"操作成功\",\"code\":200}', 0, NULL, '2022-06-23 16:16:25');
INSERT INTO `sys_oper_log` VALUES (123, '文章管理', 2, 'com.ruoyi.cms.blog.controller.CmsBlogController.edit()', 'PUT', 1, 'admin', NULL, '/cms/blog', '127.0.0.1', '内网IP', '{\"types\":[],\"tagIds\":[],\"updateTime\":1655972213893,\"params\":{},\"title\":\"你好!!!!\",\"type\":\"2\",\"content\":\"<p>和那路上看到你第三方</p><p>大师傅</p><p>啊手动阀</p><p>啊手动阀</p><p>撒旦</p>\",\"tags\":[],\"blogPic\":\"\",\"createBy\":\"admin\",\"top\":\"0\",\"createTime\":1641974788000,\"updateBy\":\"admin\",\"typeIds\":[],\"id\":17,\"views\":0,\"status\":\"1\"}', '{\"msg\":\"操作成功\",\"code\":200}', 0, NULL, '2022-06-23 16:16:53');
INSERT INTO `sys_oper_log` VALUES (124, '用户管理', 2, 'com.ruoyi.web.controller.system.SysUserController.edit()', 'PUT', 1, 'admin', NULL, '/system/user', '127.0.0.1', '内网IP', '{\"roles\":[{\"flag\":false,\"roleId\":2,\"admin\":false,\"dataScope\":\"2\",\"params\":{},\"roleSort\":\"2\",\"deptCheckStrictly\":false,\"menuCheckStrictly\":false,\"roleKey\":\"common\",\"roleName\":\"普通角色\",\"status\":\"0\"}],\"phonenumber\":\"15666666666\",\"admin\":false,\"loginDate\":1650619700000,\"remark\":\"测试员\",\"delFlag\":\"0\",\"password\":\"\",\"updateBy\":\"admin\",\"postIds\":[2],\"loginIp\":\"127.0.0.1\",\"email\":\"ry@qq.com\",\"nickName\":\"若依\",\"sex\":\"1\",\"deptId\":105,\"avatar\":\"\",\"dept\":{\"deptName\":\"测试部门\",\"leader\":\"若依\",\"deptId\":105,\"orderNum\":\"3\",\"params\":{},\"parentId\":101,\"children\":[],\"status\":\"0\"},\"params\":{},\"userName\":\"若依\",\"userId\":2,\"createBy\":\"admin\",\"roleIds\":[2],\"createTime\":1639116734000,\"status\":\"0\"}', '{\"msg\":\"操作成功\",\"code\":200}', 0, NULL, '2022-07-28 09:57:07');
INSERT INTO `sys_oper_log` VALUES (125, '文章管理', 2, 'com.ruoyi.cms.blog.controller.CmsBlogController.edit()', 'PUT', 1, 'admin', NULL, '/cms/blog', '127.0.0.1', '内网IP', '{\"types\":[{\"createBy\":\"admin\",\"createTime\":1641223870000,\"updateBy\":\"\",\"typePic\":\"\",\"typeName\":\"阿萨的\",\"typeId\":10,\"params\":{},\"blogNum\":0},{\"createBy\":\"admin\",\"createTime\":1641223889000,\"updateBy\":\"\",\"typePic\":\"\",\"typeName\":\"啊啊\",\"typeId\":13,\"params\":{},\"blogNum\":0}],\"tagIds\":[20,24,25],\"updateTime\":1663923853095,\"params\":{},\"title\":\"阿萨\",\"type\":\"1\",\"content\":\"<h1 class=\\\"ql-align-center\\\">测试</h1><p>1.发生的地方阿萨的</p><p>2.啊手动阀</p><p>阿萨事实上</p>\",\"tags\":[{\"createBy\":\"admin\",\"createTime\":1641221405000,\"tagId\":20,\"updateBy\":\"\",\"params\":{},\"tagName\":\"啊实打实\",\"blogNum\":0},{\"createBy\":\"admin\",\"createTime\":1641223832000,\"tagId\":24,\"updateBy\":\"\",\"params\":{},\"tagName\":\"阿松大\",\"blogNum\":0},{\"createBy\":\"admin\",\"createTime\":1641223838000,\"tagId\":25,\"updateBy\":\"\",\"params\":{},\"tagName\":\"愤愤愤\",\"blogNum\":0}],\"blogPic\":\"/profile/upload/2022/09/23/e15e8c97-4029-4346-9f45-b3d6064b86ad.jpg\",\"createBy\":\"admin\",\"top\":\"1\",\"createTime\":1641097526000,\"updateBy\":\"admin\",\"typeIds\":[10,13],\"blogDesc\":\"置顶文章\",\"id\":7,\"views\":44,\"status\":\"1\"}', '{\"msg\":\"操作成功\",\"code\":200}', 0, NULL, '2022-09-23 17:04:13');
INSERT INTO `sys_oper_log` VALUES (126, '文章管理', 2, 'com.ruoyi.cms.blog.controller.CmsBlogController.edit()', 'PUT', 1, 'admin', NULL, '/cms/blog', '127.0.0.1', '内网IP', '{\"types\":[{\"createBy\":\"admin\",\"createTime\":1641223870000,\"updateBy\":\"\",\"typePic\":\"\",\"typeName\":\"阿萨的\",\"typeId\":10,\"params\":{},\"blogNum\":0},{\"createBy\":\"admin\",\"createTime\":1641223889000,\"updateBy\":\"\",\"typePic\":\"\",\"typeName\":\"啊啊\",\"typeId\":13,\"params\":{},\"blogNum\":0}],\"tagIds\":[20,24,25],\"updateTime\":1663924471230,\"params\":{},\"title\":\"阿萨\",\"type\":\"1\",\"content\":\"<h1 class=\\\"ql-align-center\\\">测试</h1><p>1.发生的地方阿萨的</p><p>2.啊手动阀</p><p>阿萨事实上</p>\",\"tags\":[{\"createBy\":\"admin\",\"createTime\":1641221405000,\"tagId\":20,\"updateBy\":\"\",\"params\":{},\"tagName\":\"啊实打实\",\"blogNum\":0},{\"createBy\":\"admin\",\"createTime\":1641223832000,\"tagId\":24,\"updateBy\":\"\",\"params\":{},\"tagName\":\"阿松大\",\"blogNum\":0},{\"createBy\":\"admin\",\"createTime\":1641223838000,\"tagId\":25,\"updateBy\":\"\",\"params\":{},\"tagName\":\"愤愤愤\",\"blogNum\":0}],\"blogPic\":\"\",\"createBy\":\"admin\",\"top\":\"1\",\"createTime\":1641097526000,\"updateBy\":\"admin\",\"typeIds\":[10,13],\"blogDesc\":\"置顶文章\",\"id\":7,\"views\":45,\"status\":\"1\"}', '{\"msg\":\"操作成功\",\"code\":200}', 0, NULL, '2022-09-23 17:14:31');
INSERT INTO `sys_oper_log` VALUES (127, '文章管理', 2, 'com.ruoyi.cms.blog.controller.CmsBlogController.edit()', 'PUT', 1, 'admin', NULL, '/cms/blog', '127.0.0.1', '内网IP', '{\"types\":[{\"createBy\":\"admin\",\"createTime\":1641223870000,\"updateBy\":\"\",\"typePic\":\"\",\"typeName\":\"阿萨的\",\"typeId\":10,\"params\":{},\"blogNum\":0},{\"createBy\":\"admin\",\"createTime\":1641223889000,\"updateBy\":\"\",\"typePic\":\"\",\"typeName\":\"啊啊\",\"typeId\":13,\"params\":{},\"blogNum\":0}],\"tagIds\":[20,24,25],\"updateTime\":1663925380132,\"params\":{},\"title\":\"阿萨\",\"type\":\"1\",\"content\":\"<h1 class=\\\"ql-align-center\\\">测试</h1><p>1.发生的地方阿萨的</p><p>2.啊手动阀</p><p>阿萨事实上</p>\",\"tags\":[{\"createBy\":\"admin\",\"createTime\":1641221405000,\"tagId\":20,\"updateBy\":\"\",\"params\":{},\"tagName\":\"啊实打实\",\"blogNum\":0},{\"createBy\":\"admin\",\"createTime\":1641223832000,\"tagId\":24,\"updateBy\":\"\",\"params\":{},\"tagName\":\"阿松大\",\"blogNum\":0},{\"createBy\":\"admin\",\"createTime\":1641223838000,\"tagId\":25,\"updateBy\":\"\",\"params\":{},\"tagName\":\"愤愤愤\",\"blogNum\":0}],\"blogPic\":\"/profile/upload/2022/09/23/145645ec-e0a4-4d6f-84e1-069c6ba79350.jpg\",\"createBy\":\"admin\",\"top\":\"1\",\"createTime\":1641097526000,\"updateBy\":\"admin\",\"typeIds\":[10,13],\"blogDesc\":\"置顶文章\",\"id\":7,\"views\":45,\"status\":\"1\"}', '{\"msg\":\"操作成功\",\"code\":200}', 0, NULL, '2022-09-23 17:29:40');
INSERT INTO `sys_oper_log` VALUES (128, '文章管理', 2, 'com.ruoyi.cms.blog.controller.CmsBlogController.edit()', 'PUT', 1, 'admin', NULL, '/cms/blog', '127.0.0.1', '内网IP', '{\"types\":[{\"createBy\":\"admin\",\"createTime\":1641223870000,\"updateBy\":\"\",\"typePic\":\"\",\"typeName\":\"阿萨的\",\"typeId\":10,\"params\":{},\"blogNum\":0},{\"createBy\":\"admin\",\"createTime\":1641223889000,\"updateBy\":\"\",\"typePic\":\"\",\"typeName\":\"啊啊\",\"typeId\":13,\"params\":{},\"blogNum\":0}],\"tagIds\":[20,24,25],\"updateTime\":1664152911772,\"params\":{},\"title\":\"阿萨\",\"type\":\"1\",\"content\":\"<h1 class=\\\"ql-align-center\\\">测试</h1><p>1.发生的地方阿萨的</p><p>2.啊手动阀</p><p>阿萨事实上</p>\",\"tags\":[{\"createBy\":\"admin\",\"createTime\":1641221405000,\"tagId\":20,\"updateBy\":\"\",\"params\":{},\"tagName\":\"啊实打实\",\"blogNum\":0},{\"createBy\":\"admin\",\"createTime\":1641223832000,\"tagId\":24,\"updateBy\":\"\",\"params\":{},\"tagName\":\"阿松大\",\"blogNum\":0},{\"createBy\":\"admin\",\"createTime\":1641223838000,\"tagId\":25,\"updateBy\":\"\",\"params\":{},\"tagName\":\"愤愤愤\",\"blogNum\":0}],\"blogPic\":\"\",\"createBy\":\"admin\",\"top\":\"1\",\"createTime\":1641097526000,\"updateBy\":\"admin\",\"typeIds\":[10,13],\"blogDesc\":\"置顶文章\",\"id\":7,\"views\":45,\"status\":\"1\"}', '{\"msg\":\"操作成功\",\"code\":200}', 0, NULL, '2022-09-26 08:41:51');
INSERT INTO `sys_oper_log` VALUES (129, '文件管理', 3, 'com.ruoyi.cms.fileInfo.controller.SysFileInfoController.remove()', 'DELETE', 1, 'admin', NULL, '/fileInfo/6', '127.0.0.1', '内网IP', '{fileIds=6}', '{\"msg\":\"操作成功\",\"code\":200}', 0, NULL, '2022-09-26 14:08:57');
INSERT INTO `sys_oper_log` VALUES (130, '文件管理', 3, 'com.ruoyi.cms.fileInfo.controller.SysFileInfoController.remove()', 'DELETE', 1, 'admin', NULL, '/fileInfo/8', '127.0.0.1', '内网IP', '{fileIds=8}', '{\"msg\":\"操作成功\",\"code\":200}', 0, NULL, '2022-09-26 14:49:41');
INSERT INTO `sys_oper_log` VALUES (131, '文件管理', 3, 'com.ruoyi.cms.fileInfo.controller.SysFileInfoController.remove()', 'DELETE', 1, 'admin', NULL, '/fileInfo/9', '127.0.0.1', '内网IP', '{fileIds=9}', '{\"msg\":\"操作成功\",\"code\":200}', 0, NULL, '2022-09-26 14:55:38');
INSERT INTO `sys_oper_log` VALUES (132, '文件管理', 3, 'com.ruoyi.cms.fileInfo.controller.SysFileInfoController.remove()', 'DELETE', 1, 'admin', NULL, '/fileInfo/10', '127.0.0.1', '内网IP', '{fileIds=10}', '{\"msg\":\"操作成功\",\"code\":200}', 0, NULL, '2022-09-26 14:56:22');
INSERT INTO `sys_oper_log` VALUES (133, '文件管理', 3, 'com.ruoyi.cms.fileInfo.controller.SysFileInfoController.remove()', 'DELETE', 1, 'admin', NULL, '/fileInfo/11', '127.0.0.1', '内网IP', '{fileIds=11}', '{\"msg\":\"操作成功\",\"code\":200}', 0, NULL, '2022-09-26 14:57:14');
INSERT INTO `sys_oper_log` VALUES (134, '文件管理', 3, 'com.ruoyi.cms.fileInfo.controller.SysFileInfoController.remove()', 'DELETE', 1, 'admin', NULL, '/fileInfo/12', '127.0.0.1', '内网IP', '{fileIds=12}', '{\"msg\":\"操作成功\",\"code\":200}', 0, NULL, '2022-09-26 16:53:44');
INSERT INTO `sys_oper_log` VALUES (135, '文件管理', 3, 'com.ruoyi.cms.fileInfo.controller.SysFileInfoController.remove()', 'DELETE', 1, 'admin', NULL, '/fileInfo/13', '127.0.0.1', '内网IP', '{fileIds=13}', '{\"msg\":\"操作成功\",\"code\":200}', 0, NULL, '2022-09-26 17:20:16');
INSERT INTO `sys_oper_log` VALUES (136, '文件管理', 3, 'com.ruoyi.cms.fileInfo.controller.SysFileInfoController.remove()', 'DELETE', 1, 'admin', NULL, '/fileInfo/14', '127.0.0.1', '内网IP', '{fileIds=14}', '{\"msg\":\"操作成功\",\"code\":200}', 0, NULL, '2022-09-26 17:23:24');
INSERT INTO `sys_oper_log` VALUES (137, '文件管理', 3, 'com.ruoyi.cms.fileInfo.controller.SysFileInfoController.remove()', 'DELETE', 1, 'admin', NULL, '/fileInfo/15', '127.0.0.1', '内网IP', '{fileIds=15}', '{\"msg\":\"操作成功\",\"code\":200}', 0, NULL, '2022-09-26 17:34:09');
INSERT INTO `sys_oper_log` VALUES (138, '文件管理', 3, 'com.ruoyi.cms.fileInfo.controller.SysFileInfoController.remove()', 'DELETE', 1, 'admin', NULL, '/fileInfo/16', '127.0.0.1', '内网IP', '{fileIds=16}', '{\"msg\":\"操作成功\",\"code\":200}', 0, NULL, '2022-09-26 17:46:18');
INSERT INTO `sys_oper_log` VALUES (139, '文章管理', 2, 'com.ruoyi.cms.blog.controller.CmsBlogController.edit()', 'PUT', 1, 'admin', NULL, '/cms/blog', '127.0.0.1', '内网IP', '{\"types\":[{\"createBy\":\"admin\",\"createTime\":1641223870000,\"updateBy\":\"\",\"typePic\":\"\",\"typeName\":\"阿萨的\",\"typeId\":10,\"params\":{},\"blogNum\":0},{\"createBy\":\"admin\",\"createTime\":1641223889000,\"updateBy\":\"\",\"typePic\":\"\",\"typeName\":\"啊啊\",\"typeId\":13,\"params\":{},\"blogNum\":0}],\"tagIds\":[20,24,25],\"updateTime\":1664186580258,\"params\":{},\"title\":\"阿萨\",\"type\":\"1\",\"content\":\"<h1 class=\\\"ql-align-center\\\">测试</h1><p>1.发生的地方阿萨的</p><p>2.啊手动阀</p><p>阿萨事实上</p>\",\"tags\":[{\"createBy\":\"admin\",\"createTime\":1641221405000,\"tagId\":20,\"updateBy\":\"\",\"params\":{},\"tagName\":\"啊实打实\",\"blogNum\":0},{\"createBy\":\"admin\",\"createTime\":1641223832000,\"tagId\":24,\"updateBy\":\"\",\"params\":{},\"tagName\":\"阿松大\",\"blogNum\":0},{\"createBy\":\"admin\",\"createTime\":1641223838000,\"tagId\":25,\"updateBy\":\"\",\"params\":{},\"tagName\":\"愤愤愤\",\"blogNum\":0}],\"blogPic\":\"\",\"createBy\":\"admin\",\"top\":\"1\",\"createTime\":1641097526000,\"updateBy\":\"admin\",\"typeIds\":[10,13],\"blogDesc\":\"置顶文章\",\"id\":7,\"views\":45,\"status\":\"1\"}', '{\"msg\":\"操作成功\",\"code\":200}', 0, NULL, '2022-09-26 18:03:00');
INSERT INTO `sys_oper_log` VALUES (140, '文章管理', 2, 'com.ruoyi.cms.blog.controller.CmsBlogController.edit()', 'PUT', 1, 'admin', NULL, '/cms/blog', '127.0.0.1', '内网IP', '{\"blogFiles\":\"[{\\\"id\\\":\\\"9d022e7e-e71b-4a85-aff1-b4b37fb5d372\\\",\\\"fileId\\\":\\\"/profile/upload/2022/09/26/4c2bac99-ef29-4ead-9f59-45a4481f3c22.docx\\\",\\\"remark\\\":\\\"萨达哈哈\\\"}]\",\"types\":[{\"createBy\":\"admin\",\"createTime\":1641223870000,\"updateBy\":\"\",\"typePic\":\"\",\"typeName\":\"阿萨的\",\"typeId\":10,\"params\":{},\"blogNum\":0},{\"createBy\":\"admin\",\"createTime\":1641223889000,\"updateBy\":\"\",\"typePic\":\"\",\"typeName\":\"啊啊\",\"typeId\":13,\"params\":{},\"blogNum\":0}],\"tagIds\":[20,24,25],\"updateTime\":1664186822468,\"params\":{},\"title\":\"阿萨\",\"type\":\"1\",\"content\":\"<h1 class=\\\"ql-align-center\\\">测试</h1><p>1.发生的地方阿萨的</p><p>2.啊手动阀</p><p>阿萨事实上</p>\",\"tags\":[{\"createBy\":\"admin\",\"createTime\":1641221405000,\"tagId\":20,\"updateBy\":\"\",\"params\":{},\"tagName\":\"啊实打实\",\"blogNum\":0},{\"createBy\":\"admin\",\"createTime\":1641223832000,\"tagId\":24,\"updateBy\":\"\",\"params\":{},\"tagName\":\"阿松大\",\"blogNum\":0},{\"createBy\":\"admin\",\"createTime\":1641223838000,\"tagId\":25,\"updateBy\":\"\",\"params\":{},\"tagName\":\"愤愤愤\",\"blogNum\":0}],\"blogPic\":\"\",\"createBy\":\"admin\",\"top\":\"1\",\"createTime\":1641097526000,\"updateBy\":\"admin\",\"typeIds\":[10,13],\"blogDesc\":\"置顶文章\",\"id\":7,\"views\":45,\"status\":\"1\"}', '{\"msg\":\"操作成功\",\"code\":200}', 0, NULL, '2022-09-26 18:07:02');
INSERT INTO `sys_oper_log` VALUES (141, '文件管理', 3, 'com.ruoyi.cms.fileInfo.controller.SysFileInfoController.remove()', 'DELETE', 1, 'admin', NULL, '/fileInfo/18', '127.0.0.1', '内网IP', '{fileIds=18}', '{\"msg\":\"操作成功\",\"code\":200}', 0, NULL, '2022-09-26 18:07:22');
INSERT INTO `sys_oper_log` VALUES (142, '文件管理', 3, 'com.ruoyi.cms.fileInfo.controller.SysFileInfoController.remove()', 'DELETE', 1, 'admin', NULL, '/fileInfo/17', '127.0.0.1', '内网IP', '{fileIds=17}', '{\"msg\":\"操作成功\",\"code\":200}', 0, NULL, '2022-09-26 18:07:24');
INSERT INTO `sys_oper_log` VALUES (143, '文章管理', 2, 'com.ruoyi.cms.blog.controller.CmsBlogController.edit()', 'PUT', 1, 'admin', NULL, '/cms/blog', '127.0.0.1', '内网IP', '{\"blogFiles\":\"[]\",\"types\":[{\"createBy\":\"admin\",\"createTime\":1641223870000,\"updateBy\":\"\",\"typePic\":\"\",\"typeName\":\"阿萨的\",\"typeId\":10,\"params\":{},\"blogNum\":0},{\"createBy\":\"admin\",\"createTime\":1641223889000,\"updateBy\":\"\",\"typePic\":\"\",\"typeName\":\"啊啊\",\"typeId\":13,\"params\":{},\"blogNum\":0}],\"tagIds\":[20,24,25],\"updateTime\":1664186856411,\"params\":{},\"title\":\"阿萨\",\"type\":\"1\",\"content\":\"<h1 class=\\\"ql-align-center\\\">测试</h1><p>1.发生的地方阿萨的</p><p>2.啊手动阀</p><p>阿萨事实上</p>\",\"tags\":[{\"createBy\":\"admin\",\"createTime\":1641221405000,\"tagId\":20,\"updateBy\":\"\",\"params\":{},\"tagName\":\"啊实打实\",\"blogNum\":0},{\"createBy\":\"admin\",\"createTime\":1641223832000,\"tagId\":24,\"updateBy\":\"\",\"params\":{},\"tagName\":\"阿松大\",\"blogNum\":0},{\"createBy\":\"admin\",\"createTime\":1641223838000,\"tagId\":25,\"updateBy\":\"\",\"params\":{},\"tagName\":\"愤愤愤\",\"blogNum\":0}],\"blogPic\":\"\",\"createBy\":\"admin\",\"top\":\"1\",\"createTime\":1641097526000,\"updateBy\":\"admin\",\"typeIds\":[10,13],\"blogDesc\":\"置顶文章\",\"id\":7,\"views\":45,\"status\":\"1\"}', '{\"msg\":\"操作成功\",\"code\":200}', 0, NULL, '2022-09-26 18:07:36');
INSERT INTO `sys_oper_log` VALUES (144, '文件管理', 3, 'com.ruoyi.cms.fileInfo.controller.SysFileInfoController.remove()', 'DELETE', 1, 'admin', NULL, '/fileInfo/19', '127.0.0.1', '内网IP', '{fileIds=19}', '{\"msg\":\"操作成功\",\"code\":200}', 0, NULL, '2022-09-27 08:31:17');
INSERT INTO `sys_oper_log` VALUES (145, '文件管理', 3, 'com.ruoyi.cms.fileInfo.controller.SysFileInfoController.remove()', 'DELETE', 1, 'admin', NULL, '/fileInfo/20', '127.0.0.1', '内网IP', '{fileIds=20}', '{\"msg\":\"操作成功\",\"code\":200}', 0, NULL, '2022-09-27 08:33:10');
INSERT INTO `sys_oper_log` VALUES (146, '文件管理', 3, 'com.ruoyi.cms.fileInfo.controller.SysFileInfoController.remove()', 'DELETE', 1, 'admin', NULL, '/fileInfo/21', '127.0.0.1', '内网IP', '{fileIds=21}', '{\"msg\":\"操作成功\",\"code\":200}', 0, NULL, '2022-09-27 08:44:18');
INSERT INTO `sys_oper_log` VALUES (147, '文件管理', 3, 'com.ruoyi.cms.fileInfo.controller.SysFileInfoController.remove()', 'DELETE', 1, 'admin', NULL, '/fileInfo/24', '127.0.0.1', '内网IP', '{fileIds=24}', '{\"msg\":\"操作成功\",\"code\":200}', 0, NULL, '2022-09-27 09:38:09');
INSERT INTO `sys_oper_log` VALUES (148, '文件管理', 3, 'com.ruoyi.cms.fileInfo.controller.SysFileInfoController.remove()', 'DELETE', 1, 'admin', NULL, '/fileInfo/23', '127.0.0.1', '内网IP', '{fileIds=23}', '{\"msg\":\"操作成功\",\"code\":200}', 0, NULL, '2022-09-27 09:38:12');
INSERT INTO `sys_oper_log` VALUES (149, '文件管理', 3, 'com.ruoyi.cms.fileInfo.controller.SysFileInfoController.remove()', 'DELETE', 1, 'admin', NULL, '/fileInfo/22', '127.0.0.1', '内网IP', '{fileIds=22}', '{\"msg\":\"操作成功\",\"code\":200}', 0, NULL, '2022-09-27 09:38:13');
INSERT INTO `sys_oper_log` VALUES (150, '文件管理', 3, 'com.ruoyi.cms.fileInfo.controller.SysFileInfoController.remove()', 'DELETE', 1, 'admin', NULL, '/fileInfo/25', '127.0.0.1', '内网IP', '{fileIds=25}', '{\"msg\":\"操作成功\",\"code\":200}', 0, NULL, '2022-09-27 09:39:51');
INSERT INTO `sys_oper_log` VALUES (151, '文件管理', 3, 'com.ruoyi.cms.fileInfo.controller.SysFileInfoController.remove()', 'DELETE', 1, 'admin', NULL, '/fileInfo/27', '127.0.0.1', '内网IP', '{fileIds=27}', '{\"msg\":\"操作成功\",\"code\":200}', 0, NULL, '2022-09-27 09:41:06');
INSERT INTO `sys_oper_log` VALUES (152, '文件管理', 3, 'com.ruoyi.cms.fileInfo.controller.SysFileInfoController.remove()', 'DELETE', 1, 'admin', NULL, '/fileInfo/26', '127.0.0.1', '内网IP', '{fileIds=26}', '{\"msg\":\"操作成功\",\"code\":200}', 0, NULL, '2022-09-27 09:41:08');
INSERT INTO `sys_oper_log` VALUES (153, '文章管理', 2, 'com.ruoyi.cms.blog.controller.CmsBlogController.edit()', 'PUT', 1, 'admin', NULL, '/cms/blog', '127.0.0.1', '内网IP', '{\"blogFiles\":\"[{\\\"id\\\":\\\"0ff944fe-7b0c-47bf-8600-99368ef31bef\\\",\\\"fileId\\\":\\\"\\\",\\\"fileOriginName\\\":\\\"\\\",\\\"fileSuffix\\\":\\\"\\\",\\\"fileSize\\\":\\\"\\\",\\\"remark\\\":\\\"\\\"}]\",\"types\":[{\"createBy\":\"admin\",\"createTime\":1641223870000,\"updateBy\":\"\",\"typePic\":\"\",\"typeName\":\"阿萨的\",\"typeId\":10,\"params\":{},\"blogNum\":0},{\"createBy\":\"admin\",\"createTime\":1641223889000,\"updateBy\":\"\",\"typePic\":\"\",\"typeName\":\"啊啊\",\"typeId\":13,\"params\":{},\"blogNum\":0}],\"tagIds\":[20,24,25],\"updateTime\":1664243596257,\"params\":{},\"title\":\"阿萨\",\"type\":\"1\",\"content\":\"<h1 class=\\\"ql-align-center\\\">测试</h1><p>1.发生的地方阿萨的</p><p>2.啊手动阀</p><p>阿萨事实上</p>\",\"tags\":[{\"createBy\":\"admin\",\"createTime\":1641221405000,\"tagId\":20,\"updateBy\":\"\",\"params\":{},\"tagName\":\"啊实打实\",\"blogNum\":0},{\"createBy\":\"admin\",\"createTime\":1641223832000,\"tagId\":24,\"updateBy\":\"\",\"params\":{},\"tagName\":\"阿松大\",\"blogNum\":0},{\"createBy\":\"admin\",\"createTime\":1641223838000,\"tagId\":25,\"updateBy\":\"\",\"params\":{},\"tagName\":\"愤愤愤\",\"blogNum\":0}],\"blogPic\":\"\",\"createBy\":\"admin\",\"top\":\"1\",\"createTime\":1641097526000,\"updateBy\":\"admin\",\"typeIds\":[10,13],\"blogDesc\":\"置顶文章\",\"id\":7,\"views\":45,\"status\":\"1\"}', '{\"msg\":\"操作成功\",\"code\":200}', 0, NULL, '2022-09-27 09:53:16');
INSERT INTO `sys_oper_log` VALUES (154, '文章管理', 2, 'com.ruoyi.cms.blog.controller.CmsBlogController.edit()', 'PUT', 1, 'admin', NULL, '/cms/blog', '127.0.0.1', '内网IP', '{\"blogFiles\":\"[]\",\"types\":[{\"createBy\":\"admin\",\"createTime\":1641223870000,\"updateBy\":\"\",\"typePic\":\"\",\"typeName\":\"阿萨的\",\"typeId\":10,\"params\":{},\"blogNum\":0},{\"createBy\":\"admin\",\"createTime\":1641223889000,\"updateBy\":\"\",\"typePic\":\"\",\"typeName\":\"啊啊\",\"typeId\":13,\"params\":{},\"blogNum\":0}],\"tagIds\":[20,24,25],\"updateTime\":1664243603587,\"params\":{},\"title\":\"阿萨\",\"type\":\"1\",\"content\":\"<h1 class=\\\"ql-align-center\\\">测试</h1><p>1.发生的地方阿萨的</p><p>2.啊手动阀</p><p>阿萨事实上</p>\",\"tags\":[{\"createBy\":\"admin\",\"createTime\":1641221405000,\"tagId\":20,\"updateBy\":\"\",\"params\":{},\"tagName\":\"啊实打实\",\"blogNum\":0},{\"createBy\":\"admin\",\"createTime\":1641223832000,\"tagId\":24,\"updateBy\":\"\",\"params\":{},\"tagName\":\"阿松大\",\"blogNum\":0},{\"createBy\":\"admin\",\"createTime\":1641223838000,\"tagId\":25,\"updateBy\":\"\",\"params\":{},\"tagName\":\"愤愤愤\",\"blogNum\":0}],\"blogPic\":\"\",\"createBy\":\"admin\",\"top\":\"1\",\"createTime\":1641097526000,\"updateBy\":\"admin\",\"typeIds\":[10,13],\"blogDesc\":\"置顶文章\",\"id\":7,\"views\":45,\"status\":\"1\"}', '{\"msg\":\"操作成功\",\"code\":200}', 0, NULL, '2022-09-27 09:53:23');
INSERT INTO `sys_oper_log` VALUES (155, '文章管理', 2, 'com.ruoyi.cms.blog.controller.CmsBlogController.edit()', 'PUT', 1, 'admin', NULL, '/cms/blog', '127.0.0.1', '内网IP', '{\"blogFiles\":\"[{\\\"id\\\":\\\"1ea8b15c-685f-4ca0-93f3-9612864d8628\\\",\\\"fileId\\\":\\\"/profile/upload/2022/09/27/fe314261-dde9-43bd-83de-a1f149bc23a5.docx\\\",\\\"fileOriginName\\\":\\\"新建 Microsoft Word 文档.docx\\\",\\\"fileSuffix\\\":\\\"docx\\\",\\\"fileSize\\\":\\\"0kB\\\",\\\"remark\\\":\\\"阿萨\\\"}]\",\"types\":[{\"createBy\":\"admin\",\"createTime\":1641223870000,\"updateBy\":\"\",\"typePic\":\"\",\"typeName\":\"阿萨的\",\"typeId\":10,\"params\":{},\"blogNum\":0},{\"createBy\":\"admin\",\"createTime\":1641223889000,\"updateBy\":\"\",\"typePic\":\"\",\"typeName\":\"啊啊\",\"typeId\":13,\"params\":{},\"blogNum\":0}],\"tagIds\":[20,24,25],\"updateTime\":1664243764496,\"params\":{},\"title\":\"阿萨\",\"type\":\"1\",\"content\":\"<h1 class=\\\"ql-align-center\\\">测试</h1><p>1.发生的地方阿萨的</p><p>2.啊手动阀</p><p>阿萨事实上</p>\",\"tags\":[{\"createBy\":\"admin\",\"createTime\":1641221405000,\"tagId\":20,\"updateBy\":\"\",\"params\":{},\"tagName\":\"啊实打实\",\"blogNum\":0},{\"createBy\":\"admin\",\"createTime\":1641223832000,\"tagId\":24,\"updateBy\":\"\",\"params\":{},\"tagName\":\"阿松大\",\"blogNum\":0},{\"createBy\":\"admin\",\"createTime\":1641223838000,\"tagId\":25,\"updateBy\":\"\",\"params\":{},\"tagName\":\"愤愤愤\",\"blogNum\":0}],\"blogPic\":\"\",\"createBy\":\"admin\",\"top\":\"1\",\"createTime\":1641097526000,\"updateBy\":\"admin\",\"typeIds\":[10,13],\"blogDesc\":\"置顶文章\",\"id\":7,\"views\":45,\"status\":\"1\"}', '{\"msg\":\"操作成功\",\"code\":200}', 0, NULL, '2022-09-27 09:56:04');
INSERT INTO `sys_oper_log` VALUES (156, '文章管理', 2, 'com.ruoyi.cms.blog.controller.CmsBlogController.edit()', 'PUT', 1, 'admin', NULL, '/cms/blog', '127.0.0.1', '内网IP', '{\"blogFiles\":\"[{\\\"id\\\":\\\"1ea8b15c-685f-4ca0-93f3-9612864d8628\\\",\\\"fileId\\\":\\\"/profile/upload/2022/09/27/fe314261-dde9-43bd-83de-a1f149bc23a5.docx\\\",\\\"fileOriginName\\\":\\\"新建 Microsoft Word 文档.docx\\\",\\\"fileSuffix\\\":\\\"docx\\\",\\\"fileSize\\\":\\\"0kB\\\",\\\"remark\\\":\\\"阿萨\\\"}]\",\"types\":[{\"createBy\":\"admin\",\"createTime\":1641223870000,\"updateBy\":\"\",\"typePic\":\"\",\"typeName\":\"阿萨的\",\"typeId\":10,\"params\":{},\"blogNum\":0},{\"createBy\":\"admin\",\"createTime\":1641223889000,\"updateBy\":\"\",\"typePic\":\"\",\"typeName\":\"啊啊\",\"typeId\":13,\"params\":{},\"blogNum\":0}],\"tagIds\":[20,24,25],\"updateTime\":1664243857015,\"params\":{},\"title\":\"阿萨\",\"type\":\"1\",\"content\":\"<h1 class=\\\"ql-align-center\\\">测试</h1><p>1.发生的地方阿萨的</p><p>2.啊手动阀</p><p>阿萨事实上</p>\",\"tags\":[{\"createBy\":\"admin\",\"createTime\":1641221405000,\"tagId\":20,\"updateBy\":\"\",\"params\":{},\"tagName\":\"啊实打实\",\"blogNum\":0},{\"createBy\":\"admin\",\"createTime\":1641223832000,\"tagId\":24,\"updateBy\":\"\",\"params\":{},\"tagName\":\"阿松大\",\"blogNum\":0},{\"createBy\":\"admin\",\"createTime\":1641223838000,\"tagId\":25,\"updateBy\":\"\",\"params\":{},\"tagName\":\"愤愤愤\",\"blogNum\":0}],\"blogPic\":\"\",\"createBy\":\"admin\",\"top\":\"1\",\"createTime\":1641097526000,\"updateBy\":\"admin\",\"typeIds\":[10,13],\"blogDesc\":\"置顶文章\",\"id\":7,\"views\":45,\"status\":\"1\"}', '{\"msg\":\"操作成功\",\"code\":200}', 0, NULL, '2022-09-27 09:57:37');
INSERT INTO `sys_oper_log` VALUES (157, '文章管理', 2, 'com.ruoyi.cms.blog.controller.CmsBlogController.edit()', 'PUT', 1, 'admin', NULL, '/cms/blog', '127.0.0.1', '内网IP', '{\"blogFiles\":\"[{\\\"id\\\":\\\"1ea8b15c-685f-4ca0-93f3-9612864d8628\\\",\\\"fileId\\\":\\\"/profile/upload/2022/09/27/fe314261-dde9-43bd-83de-a1f149bc23a5.docx\\\",\\\"fileOriginName\\\":\\\"新建 Microsoft Word 文档.docx\\\",\\\"fileSuffix\\\":\\\"docx\\\",\\\"fileSize\\\":\\\"0kB\\\",\\\"remark\\\":\\\"阿萨\\\"}]\",\"types\":[{\"createBy\":\"admin\",\"createTime\":1641223870000,\"updateBy\":\"\",\"typePic\":\"\",\"typeName\":\"阿萨的\",\"typeId\":10,\"params\":{},\"blogNum\":0},{\"createBy\":\"admin\",\"createTime\":1641223889000,\"updateBy\":\"\",\"typePic\":\"\",\"typeName\":\"啊啊\",\"typeId\":13,\"params\":{},\"blogNum\":0}],\"tagIds\":[20,24,25],\"updateTime\":1664243869980,\"params\":{},\"title\":\"阿萨\",\"type\":\"1\",\"content\":\"<h1 class=\\\"ql-align-center\\\">测试</h1><p>1.发生的地方阿萨的</p><p>2.啊手动阀</p><p>阿萨事实上</p>\",\"tags\":[{\"createBy\":\"admin\",\"createTime\":1641221405000,\"tagId\":20,\"updateBy\":\"\",\"params\":{},\"tagName\":\"啊实打实\",\"blogNum\":0},{\"createBy\":\"admin\",\"createTime\":1641223832000,\"tagId\":24,\"updateBy\":\"\",\"params\":{},\"tagName\":\"阿松大\",\"blogNum\":0},{\"createBy\":\"admin\",\"createTime\":1641223838000,\"tagId\":25,\"updateBy\":\"\",\"params\":{},\"tagName\":\"愤愤愤\",\"blogNum\":0}],\"blogPic\":\"\",\"createBy\":\"admin\",\"top\":\"1\",\"createTime\":1641097526000,\"updateBy\":\"admin\",\"typeIds\":[10,13],\"blogDesc\":\"置顶文章\",\"id\":7,\"views\":45,\"status\":\"1\"}', '{\"msg\":\"操作成功\",\"code\":200}', 0, NULL, '2022-09-27 09:57:50');
INSERT INTO `sys_oper_log` VALUES (158, '文章管理', 2, 'com.ruoyi.cms.blog.controller.CmsBlogController.edit()', 'PUT', 1, 'admin', NULL, '/cms/blog', '127.0.0.1', '内网IP', '{\"blogFiles\":\"[{\\\"id\\\":\\\"1ea8b15c-685f-4ca0-93f3-9612864d8628\\\",\\\"fileId\\\":\\\"/profile/upload/2022/09/27/fe314261-dde9-43bd-83de-a1f149bc23a5.docx\\\",\\\"fileOriginName\\\":\\\"新建 Microsoft Word 文档.docx\\\",\\\"fileSuffix\\\":\\\"docx\\\",\\\"fileSize\\\":\\\"0kB\\\",\\\"remark\\\":\\\"阿萨\\\"}]\",\"types\":[{\"createBy\":\"admin\",\"createTime\":1641223870000,\"updateBy\":\"\",\"typePic\":\"\",\"typeName\":\"阿萨的\",\"typeId\":10,\"params\":{},\"blogNum\":0},{\"createBy\":\"admin\",\"createTime\":1641223889000,\"updateBy\":\"\",\"typePic\":\"\",\"typeName\":\"啊啊\",\"typeId\":13,\"params\":{},\"blogNum\":0}],\"tagIds\":[20,24,25],\"updateTime\":1664244221447,\"params\":{},\"title\":\"阿萨\",\"type\":\"1\",\"content\":\"<h1 class=\\\"ql-align-center\\\">测试</h1><p>1.发生的地方阿萨的</p><p>2.啊手动阀</p><p>阿萨事实上</p>\",\"tags\":[{\"createBy\":\"admin\",\"createTime\":1641221405000,\"tagId\":20,\"updateBy\":\"\",\"params\":{},\"tagName\":\"啊实打实\",\"blogNum\":0},{\"createBy\":\"admin\",\"createTime\":1641223832000,\"tagId\":24,\"updateBy\":\"\",\"params\":{},\"tagName\":\"阿松大\",\"blogNum\":0},{\"createBy\":\"admin\",\"createTime\":1641223838000,\"tagId\":25,\"updateBy\":\"\",\"params\":{},\"tagName\":\"愤愤愤\",\"blogNum\":0}],\"blogPic\":\"\",\"createBy\":\"admin\",\"top\":\"1\",\"createTime\":1641097526000,\"updateBy\":\"admin\",\"typeIds\":[10,13],\"blogDesc\":\"置顶文章\",\"id\":7,\"views\":45,\"status\":\"1\"}', '{\"msg\":\"操作成功\",\"code\":200}', 0, NULL, '2022-09-27 10:03:41');
INSERT INTO `sys_oper_log` VALUES (159, '文章管理', 2, 'com.ruoyi.cms.blog.controller.CmsBlogController.edit()', 'PUT', 1, 'admin', NULL, '/cms/blog', '127.0.0.1', '内网IP', '{\"blogFiles\":\"[]\",\"types\":[{\"createBy\":\"admin\",\"createTime\":1641223870000,\"updateBy\":\"\",\"typePic\":\"\",\"typeName\":\"阿萨的\",\"typeId\":10,\"params\":{},\"blogNum\":0},{\"createBy\":\"admin\",\"createTime\":1641223889000,\"updateBy\":\"\",\"typePic\":\"\",\"typeName\":\"啊啊\",\"typeId\":13,\"params\":{},\"blogNum\":0}],\"tagIds\":[20,24,25],\"updateTime\":1664244336965,\"params\":{},\"title\":\"阿萨\",\"type\":\"1\",\"content\":\"<h1 class=\\\"ql-align-center\\\">测试</h1><p>1.发生的地方阿萨的</p><p>2.啊手动阀</p><p>阿萨事实上</p>\",\"tags\":[{\"createBy\":\"admin\",\"createTime\":1641221405000,\"tagId\":20,\"updateBy\":\"\",\"params\":{},\"tagName\":\"啊实打实\",\"blogNum\":0},{\"createBy\":\"admin\",\"createTime\":1641223832000,\"tagId\":24,\"updateBy\":\"\",\"params\":{},\"tagName\":\"阿松大\",\"blogNum\":0},{\"createBy\":\"admin\",\"createTime\":1641223838000,\"tagId\":25,\"updateBy\":\"\",\"params\":{},\"tagName\":\"愤愤愤\",\"blogNum\":0}],\"blogPic\":\"\",\"createBy\":\"admin\",\"top\":\"1\",\"createTime\":1641097526000,\"updateBy\":\"admin\",\"typeIds\":[10,13],\"blogDesc\":\"置顶文章\",\"id\":7,\"views\":45,\"status\":\"1\"}', '{\"msg\":\"操作成功\",\"code\":200}', 0, NULL, '2022-09-27 10:05:37');
INSERT INTO `sys_oper_log` VALUES (160, '文章管理', 2, 'com.ruoyi.cms.blog.controller.CmsBlogController.edit()', 'PUT', 1, 'admin', NULL, '/cms/blog', '127.0.0.1', '内网IP', '{\"blogFiles\":\"[]\",\"types\":[{\"createBy\":\"admin\",\"createTime\":1641223870000,\"updateBy\":\"\",\"typePic\":\"\",\"typeName\":\"阿萨的\",\"typeId\":10,\"params\":{},\"blogNum\":0},{\"createBy\":\"admin\",\"createTime\":1641223889000,\"updateBy\":\"\",\"typePic\":\"\",\"typeName\":\"啊啊\",\"typeId\":13,\"params\":{},\"blogNum\":0}],\"tagIds\":[20,24,25],\"updateTime\":1664244345275,\"params\":{},\"title\":\"阿萨\",\"type\":\"1\",\"content\":\"<h1 class=\\\"ql-align-center\\\">测试</h1><p>1.发生的地方阿萨的</p><p>2.啊手动阀</p><p>阿萨事实上</p>\",\"tags\":[{\"createBy\":\"admin\",\"createTime\":1641221405000,\"tagId\":20,\"updateBy\":\"\",\"params\":{},\"tagName\":\"啊实打实\",\"blogNum\":0},{\"createBy\":\"admin\",\"createTime\":1641223832000,\"tagId\":24,\"updateBy\":\"\",\"params\":{},\"tagName\":\"阿松大\",\"blogNum\":0},{\"createBy\":\"admin\",\"createTime\":1641223838000,\"tagId\":25,\"updateBy\":\"\",\"params\":{},\"tagName\":\"愤愤愤\",\"blogNum\":0}],\"blogPic\":\"\",\"createBy\":\"admin\",\"top\":\"1\",\"createTime\":1641097526000,\"updateBy\":\"admin\",\"typeIds\":[10,13],\"blogDesc\":\"置顶文章\",\"id\":7,\"views\":45,\"status\":\"1\"}', '{\"msg\":\"操作成功\",\"code\":200}', 0, NULL, '2022-09-27 10:05:45');
INSERT INTO `sys_oper_log` VALUES (161, '文件管理', 3, 'com.ruoyi.cms.fileInfo.controller.SysFileInfoController.remove()', 'DELETE', 1, 'admin', NULL, '/fileInfo/28', '127.0.0.1', '内网IP', '{fileIds=28}', '{\"msg\":\"操作成功\",\"code\":200}', 0, NULL, '2022-09-27 10:06:03');
INSERT INTO `sys_oper_log` VALUES (162, '文章管理', 2, 'com.ruoyi.cms.blog.controller.CmsBlogController.edit()', 'PUT', 1, 'admin', NULL, '/cms/blog', '127.0.0.1', '内网IP', '{\"blogFiles\":\"[{\\\"id\\\":\\\"51bea44c-17a6-4120-8472-e9b481c044f1\\\",\\\"fileId\\\":\\\"/profile/upload/2022/09/27/cffa8b9b-fbbc-41ce-9581-eab3c1549cdb.xlsx\\\",\\\"fileOriginName\\\":\\\"新建 Microsoft Excel 工作表.xlsx\\\",\\\"fileSuffix\\\":\\\"xlsx\\\",\\\"fileSize\\\":\\\"8.51 kB\\\",\\\"remark\\\":\\\"去\\\"}]\",\"types\":[{\"createBy\":\"admin\",\"createTime\":1641223870000,\"updateBy\":\"\",\"typePic\":\"\",\"typeName\":\"阿萨的\",\"typeId\":10,\"params\":{},\"blogNum\":0},{\"createBy\":\"admin\",\"createTime\":1641223889000,\"updateBy\":\"\",\"typePic\":\"\",\"typeName\":\"啊啊\",\"typeId\":13,\"params\":{},\"blogNum\":0}],\"tagIds\":[20,24,25],\"updateTime\":1664244378308,\"params\":{},\"title\":\"阿萨\",\"type\":\"1\",\"content\":\"<h1 class=\\\"ql-align-center\\\">测试</h1><p>1.发生的地方阿萨的</p><p>2.啊手动阀</p><p>阿萨事实上</p>\",\"tags\":[{\"createBy\":\"admin\",\"createTime\":1641221405000,\"tagId\":20,\"updateBy\":\"\",\"params\":{},\"tagName\":\"啊实打实\",\"blogNum\":0},{\"createBy\":\"admin\",\"createTime\":1641223832000,\"tagId\":24,\"updateBy\":\"\",\"params\":{},\"tagName\":\"阿松大\",\"blogNum\":0},{\"createBy\":\"admin\",\"createTime\":1641223838000,\"tagId\":25,\"updateBy\":\"\",\"params\":{},\"tagName\":\"愤愤愤\",\"blogNum\":0}],\"blogPic\":\"\",\"createBy\":\"admin\",\"top\":\"1\",\"createTime\":1641097526000,\"updateBy\":\"admin\",\"typeIds\":[10,13],\"blogDesc\":\"置顶文章\",\"id\":7,\"views\":45,\"status\":\"1\"}', '{\"msg\":\"操作成功\",\"code\":200}', 0, NULL, '2022-09-27 10:06:18');
INSERT INTO `sys_oper_log` VALUES (163, '文章管理', 2, 'com.ruoyi.cms.blog.controller.CmsBlogController.edit()', 'PUT', 1, 'admin', NULL, '/cms/blog', '127.0.0.1', '内网IP', '{\"blogFiles\":\"[]\",\"types\":[{\"createBy\":\"admin\",\"createTime\":1641223870000,\"updateBy\":\"\",\"typePic\":\"\",\"typeName\":\"阿萨的\",\"typeId\":10,\"params\":{},\"blogNum\":0},{\"createBy\":\"admin\",\"createTime\":1641223889000,\"updateBy\":\"\",\"typePic\":\"\",\"typeName\":\"啊啊\",\"typeId\":13,\"params\":{},\"blogNum\":0}],\"tagIds\":[20,24,25],\"updateTime\":1664245057591,\"params\":{},\"title\":\"阿萨\",\"type\":\"1\",\"content\":\"<h1 class=\\\"ql-align-center\\\">测试</h1><p>1.发生的地方阿萨的</p><p>2.啊手动阀</p><p>阿萨事实上</p>\",\"tags\":[{\"createBy\":\"admin\",\"createTime\":1641221405000,\"tagId\":20,\"updateBy\":\"\",\"params\":{},\"tagName\":\"啊实打实\",\"blogNum\":0},{\"createBy\":\"admin\",\"createTime\":1641223832000,\"tagId\":24,\"updateBy\":\"\",\"params\":{},\"tagName\":\"阿松大\",\"blogNum\":0},{\"createBy\":\"admin\",\"createTime\":1641223838000,\"tagId\":25,\"updateBy\":\"\",\"params\":{},\"tagName\":\"愤愤愤\",\"blogNum\":0}],\"blogPic\":\"\",\"createBy\":\"admin\",\"top\":\"1\",\"createTime\":1641097526000,\"updateBy\":\"admin\",\"typeIds\":[10,13],\"blogDesc\":\"置顶文章\",\"id\":7,\"views\":45,\"status\":\"1\"}', '{\"msg\":\"操作成功\",\"code\":200}', 0, NULL, '2022-09-27 10:17:37');
INSERT INTO `sys_oper_log` VALUES (164, '文件管理', 3, 'com.ruoyi.cms.fileInfo.controller.SysFileInfoController.remove()', 'DELETE', 1, 'admin', NULL, '/fileInfo/29', '127.0.0.1', '内网IP', '{fileIds=29}', '{\"msg\":\"操作成功\",\"code\":200}', 0, NULL, '2022-09-27 10:17:42');
INSERT INTO `sys_oper_log` VALUES (165, '文件管理', 3, 'com.ruoyi.cms.fileInfo.controller.SysFileInfoController.remove()', 'DELETE', 1, 'admin', NULL, '/fileInfo/30', '127.0.0.1', '内网IP', '{fileIds=30}', '{\"msg\":\"操作成功\",\"code\":200}', 0, NULL, '2022-09-27 10:18:50');
INSERT INTO `sys_oper_log` VALUES (166, '文章管理', 2, 'com.ruoyi.cms.blog.controller.CmsBlogController.edit()', 'PUT', 1, 'admin', NULL, '/cms/blog', '127.0.0.1', '内网IP', '{\"blogFiles\":\"[{\\\"id\\\":\\\"9993df63-41c6-4532-acf9-204870ea4fa2\\\",\\\"fileId\\\":\\\"/profile/upload/2022/09/27/50a8815a-ba58-43e4-be19-7e83b808e591.xlsx\\\",\\\"fileOriginName\\\":\\\"新建 Microsoft Excel 工作表.xlsx\\\",\\\"fileSuffix\\\":\\\"xlsx\\\",\\\"fileSize\\\":\\\"8.51 kB\\\",\\\"filePath\\\":\\\"/profile/upload/2022/09/27/50a8815a-ba58-43e4-be19-7e83b808e591.xlsx\\\",\\\"remark\\\":\\\"1\\\"}]\",\"types\":[{\"createBy\":\"admin\",\"createTime\":1641223870000,\"updateBy\":\"\",\"typePic\":\"\",\"typeName\":\"阿萨的\",\"typeId\":10,\"params\":{},\"blogNum\":0},{\"createBy\":\"admin\",\"createTime\":1641223889000,\"updateBy\":\"\",\"typePic\":\"\",\"typeName\":\"啊啊\",\"typeId\":13,\"params\":{},\"blogNum\":0}],\"tagIds\":[20,24,25],\"updateTime\":1664245158024,\"params\":{},\"title\":\"阿萨\",\"type\":\"1\",\"content\":\"<h1 class=\\\"ql-align-center\\\">测试</h1><p>1.发生的地方阿萨的</p><p>2.啊手动阀</p><p>阿萨事实上</p>\",\"tags\":[{\"createBy\":\"admin\",\"createTime\":1641221405000,\"tagId\":20,\"updateBy\":\"\",\"params\":{},\"tagName\":\"啊实打实\",\"blogNum\":0},{\"createBy\":\"admin\",\"createTime\":1641223832000,\"tagId\":24,\"updateBy\":\"\",\"params\":{},\"tagName\":\"阿松大\",\"blogNum\":0},{\"createBy\":\"admin\",\"createTime\":1641223838000,\"tagId\":25,\"updateBy\":\"\",\"params\":{},\"tagName\":\"愤愤愤\",\"blogNum\":0}],\"blogPic\":\"\",\"createBy\":\"admin\",\"top\":\"1\",\"createTime\":1641097526000,\"updateBy\":\"admin\",\"typeIds\":[10,13],\"blogDesc\":\"置顶文章\",\"id\":7,\"views\":45,\"status\":\"1\"}', '{\"msg\":\"操作成功\",\"code\":200}', 0, NULL, '2022-09-27 10:19:18');
INSERT INTO `sys_oper_log` VALUES (167, '文件管理', 3, 'com.ruoyi.cms.fileInfo.controller.SysFileInfoController.remove()', 'DELETE', 1, 'admin', NULL, '/fileInfo/32', '127.0.0.1', '内网IP', '{fileIds=32}', '{\"msg\":\"操作成功\",\"code\":200}', 0, NULL, '2022-09-27 10:20:31');
INSERT INTO `sys_oper_log` VALUES (168, '文件管理', 3, 'com.ruoyi.cms.fileInfo.controller.SysFileInfoController.remove()', 'DELETE', 1, 'admin', NULL, '/fileInfo/31', '127.0.0.1', '内网IP', '{fileIds=31}', '{\"msg\":\"操作成功\",\"code\":200}', 0, NULL, '2022-09-27 10:20:33');
INSERT INTO `sys_oper_log` VALUES (169, '文章管理', 2, 'com.ruoyi.cms.blog.controller.CmsBlogController.edit()', 'PUT', 1, 'admin', NULL, '/cms/blog', '127.0.0.1', '内网IP', '{\"blogFiles\":\"[]\",\"types\":[{\"createBy\":\"admin\",\"createTime\":1641223870000,\"updateBy\":\"\",\"typePic\":\"\",\"typeName\":\"阿萨的\",\"typeId\":10,\"params\":{},\"blogNum\":0},{\"createBy\":\"admin\",\"createTime\":1641223889000,\"updateBy\":\"\",\"typePic\":\"\",\"typeName\":\"啊啊\",\"typeId\":13,\"params\":{},\"blogNum\":0}],\"tagIds\":[20,24,25],\"updateTime\":1664246027571,\"params\":{},\"title\":\"阿萨\",\"type\":\"1\",\"content\":\"<h1 class=\\\"ql-align-center\\\">测试</h1><p>1.发生的地方阿萨的</p><p>2.啊手动阀</p><p>阿萨事实上</p>\",\"tags\":[{\"createBy\":\"admin\",\"createTime\":1641221405000,\"tagId\":20,\"updateBy\":\"\",\"params\":{},\"tagName\":\"啊实打实\",\"blogNum\":0},{\"createBy\":\"admin\",\"createTime\":1641223832000,\"tagId\":24,\"updateBy\":\"\",\"params\":{},\"tagName\":\"阿松大\",\"blogNum\":0},{\"createBy\":\"admin\",\"createTime\":1641223838000,\"tagId\":25,\"updateBy\":\"\",\"params\":{},\"tagName\":\"愤愤愤\",\"blogNum\":0}],\"blogPic\":\"\",\"createBy\":\"admin\",\"top\":\"1\",\"createTime\":1641097526000,\"updateBy\":\"admin\",\"typeIds\":[10,13],\"blogDesc\":\"置顶文章\",\"id\":7,\"views\":49,\"status\":\"1\"}', '{\"msg\":\"操作成功\",\"code\":200}', 0, NULL, '2022-09-27 10:33:47');
INSERT INTO `sys_oper_log` VALUES (170, '文章管理', 2, 'com.ruoyi.cms.blog.controller.CmsBlogController.edit()', 'PUT', 1, 'admin', NULL, '/cms/blog', '127.0.0.1', '内网IP', '{\"blogFiles\":\"[{\\\"id\\\":\\\"b058b435-9196-4e30-8347-738b3cdc2539\\\",\\\"fileId\\\":\\\"/profile/upload/2022/09/27/46b96ff0-cbfb-4783-8d0f-38913de75c6c.xlsx\\\",\\\"fileOriginName\\\":\\\"新建 Microsoft Excel 工作表.xlsx\\\",\\\"fileSuffix\\\":\\\"xlsx\\\",\\\"fileSize\\\":\\\"8.51 kB\\\",\\\"filePath\\\":\\\"/profile/upload/2022/09/27/46b96ff0-cbfb-4783-8d0f-38913de75c6c.xlsx\\\",\\\"remark\\\":\\\"是\\\"}]\",\"types\":[{\"createBy\":\"admin\",\"createTime\":1641223870000,\"updateBy\":\"\",\"typePic\":\"\",\"typeName\":\"阿萨的\",\"typeId\":10,\"params\":{},\"blogNum\":0},{\"createBy\":\"admin\",\"createTime\":1641223889000,\"updateBy\":\"\",\"typePic\":\"\",\"typeName\":\"啊啊\",\"typeId\":13,\"params\":{},\"blogNum\":0}],\"tagIds\":[20,24,25],\"updateTime\":1664246041688,\"params\":{},\"title\":\"阿萨\",\"type\":\"1\",\"content\":\"<h1 class=\\\"ql-align-center\\\">测试</h1><p>1.发生的地方阿萨的</p><p>2.啊手动阀</p><p>阿萨事实上</p>\",\"tags\":[{\"createBy\":\"admin\",\"createTime\":1641221405000,\"tagId\":20,\"updateBy\":\"\",\"params\":{},\"tagName\":\"啊实打实\",\"blogNum\":0},{\"createBy\":\"admin\",\"createTime\":1641223832000,\"tagId\":24,\"updateBy\":\"\",\"params\":{},\"tagName\":\"阿松大\",\"blogNum\":0},{\"createBy\":\"admin\",\"createTime\":1641223838000,\"tagId\":25,\"updateBy\":\"\",\"params\":{},\"tagName\":\"愤愤愤\",\"blogNum\":0}],\"blogPic\":\"\",\"createBy\":\"admin\",\"top\":\"1\",\"createTime\":1641097526000,\"updateBy\":\"admin\",\"typeIds\":[10,13],\"blogDesc\":\"置顶文章\",\"id\":7,\"views\":49,\"status\":\"1\"}', '{\"msg\":\"操作成功\",\"code\":200}', 0, NULL, '2022-09-27 10:34:01');
INSERT INTO `sys_oper_log` VALUES (171, '文章管理', 2, 'com.ruoyi.cms.blog.controller.CmsBlogController.edit()', 'PUT', 1, 'admin', NULL, '/cms/blog', '127.0.0.1', '内网IP', '{\"blogFiles\":\"[]\",\"types\":[{\"createBy\":\"admin\",\"createTime\":1641223870000,\"updateBy\":\"\",\"typePic\":\"\",\"typeName\":\"阿萨的\",\"typeId\":10,\"params\":{},\"blogNum\":0},{\"createBy\":\"admin\",\"createTime\":1641223889000,\"updateBy\":\"\",\"typePic\":\"\",\"typeName\":\"啊啊\",\"typeId\":13,\"params\":{},\"blogNum\":0}],\"tagIds\":[20,24,25],\"updateTime\":1664246859741,\"params\":{},\"title\":\"阿萨\",\"type\":\"1\",\"content\":\"<h1 class=\\\"ql-align-center\\\">测试</h1><p>1.发生的地方阿萨的</p><p>2.啊手动阀</p><p>阿萨事实上</p>\",\"tags\":[{\"createBy\":\"admin\",\"createTime\":1641221405000,\"tagId\":20,\"updateBy\":\"\",\"params\":{},\"tagName\":\"啊实打实\",\"blogNum\":0},{\"createBy\":\"admin\",\"createTime\":1641223832000,\"tagId\":24,\"updateBy\":\"\",\"params\":{},\"tagName\":\"阿松大\",\"blogNum\":0},{\"createBy\":\"admin\",\"createTime\":1641223838000,\"tagId\":25,\"updateBy\":\"\",\"params\":{},\"tagName\":\"愤愤愤\",\"blogNum\":0}],\"blogPic\":\"\",\"createBy\":\"admin\",\"top\":\"1\",\"createTime\":1641097526000,\"updateBy\":\"admin\",\"typeIds\":[10,13],\"blogDesc\":\"置顶文章\",\"id\":7,\"views\":58,\"status\":\"1\"}', '{\"msg\":\"操作成功\",\"code\":200}', 0, NULL, '2022-09-27 10:47:39');
INSERT INTO `sys_oper_log` VALUES (172, '文件管理', 3, 'com.ruoyi.cms.fileInfo.controller.SysFileInfoController.remove()', 'DELETE', 1, 'admin', NULL, '/fileInfo/33', '127.0.0.1', '内网IP', '{fileIds=33}', '{\"msg\":\"操作成功\",\"code\":200}', 0, NULL, '2022-09-27 10:47:43');
INSERT INTO `sys_oper_log` VALUES (173, '文件管理', 3, 'com.ruoyi.cms.fileInfo.controller.SysFileInfoController.remove()', 'DELETE', 1, 'admin', NULL, '/fileInfo/34', '127.0.0.1', '内网IP', '{fileIds=34}', '{\"msg\":\"操作成功\",\"code\":200}', 0, NULL, '2022-09-27 10:48:49');
INSERT INTO `sys_oper_log` VALUES (174, '文件管理', 3, 'com.ruoyi.cms.fileInfo.controller.SysFileInfoController.remove()', 'DELETE', 1, 'admin', NULL, '/fileInfo/35', '127.0.0.1', '内网IP', '{fileIds=35}', '{\"msg\":\"操作成功\",\"code\":200}', 0, NULL, '2022-09-27 10:51:05');
INSERT INTO `sys_oper_log` VALUES (175, '文件管理', 3, 'com.ruoyi.cms.fileInfo.controller.SysFileInfoController.remove()', 'DELETE', 1, 'admin', NULL, '/fileInfo/37', '127.0.0.1', '内网IP', '{fileIds=37}', '{\"msg\":\"操作成功\",\"code\":200}', 0, NULL, '2022-09-27 10:52:29');
INSERT INTO `sys_oper_log` VALUES (176, '文件管理', 3, 'com.ruoyi.cms.fileInfo.controller.SysFileInfoController.remove()', 'DELETE', 1, 'admin', NULL, '/fileInfo/36', '127.0.0.1', '内网IP', '{fileIds=36}', '{\"msg\":\"操作成功\",\"code\":200}', 0, NULL, '2022-09-27 10:52:31');
INSERT INTO `sys_oper_log` VALUES (177, '文章管理', 2, 'com.ruoyi.cms.blog.controller.CmsBlogController.edit()', 'PUT', 1, 'admin', NULL, '/cms/blog', '127.0.0.1', '内网IP', '{\"blogFiles\":\"[{\\\"id\\\":\\\"eb6fb0a8-9827-4b98-b93c-be467872f489\\\",\\\"fileId\\\":\\\"/profile/upload/2022/09/27/c639cf14-aeb0-46ec-aafb-2101e59f094d.docx\\\",\\\"fileOriginName\\\":\\\"新建 Microsoft Word 文档.docx\\\",\\\"fileSuffix\\\":\\\"docx\\\",\\\"fileSize\\\":\\\"0kB\\\",\\\"filePath\\\":\\\"/profile/upload/2022/09/27/c639cf14-aeb0-46ec-aafb-2101e59f094d.docx\\\",\\\"remark\\\":\\\"阿萨\\\"}]\",\"types\":[{\"createBy\":\"admin\",\"createTime\":1641223870000,\"updateBy\":\"\",\"typePic\":\"\",\"typeName\":\"阿萨的\",\"typeId\":10,\"params\":{},\"blogNum\":0},{\"createBy\":\"admin\",\"createTime\":1641223889000,\"updateBy\":\"\",\"typePic\":\"\",\"typeName\":\"啊啊\",\"typeId\":13,\"params\":{},\"blogNum\":0}],\"tagIds\":[20,24,25],\"updateTime\":1664247196349,\"params\":{},\"title\":\"阿萨\",\"type\":\"1\",\"content\":\"<h1 class=\\\"ql-align-center\\\">测试</h1><p>1.发生的地方阿萨的</p><p>2.啊手动阀</p><p>阿萨事实上</p>\",\"tags\":[{\"createBy\":\"admin\",\"createTime\":1641221405000,\"tagId\":20,\"updateBy\":\"\",\"params\":{},\"tagName\":\"啊实打实\",\"blogNum\":0},{\"createBy\":\"admin\",\"createTime\":1641223832000,\"tagId\":24,\"updateBy\":\"\",\"params\":{},\"tagName\":\"阿松大\",\"blogNum\":0},{\"createBy\":\"admin\",\"createTime\":1641223838000,\"tagId\":25,\"updateBy\":\"\",\"params\":{},\"tagName\":\"愤愤愤\",\"blogNum\":0}],\"blogPic\":\"\",\"createBy\":\"admin\",\"top\":\"1\",\"createTime\":1641097526000,\"updateBy\":\"admin\",\"typeIds\":[10,13],\"blogDesc\":\"置顶文章\",\"id\":7,\"views\":59,\"status\":\"1\"}', '{\"msg\":\"操作成功\",\"code\":200}', 0, NULL, '2022-09-27 10:53:16');
INSERT INTO `sys_oper_log` VALUES (178, '文件管理', 3, 'com.ruoyi.cms.fileInfo.controller.SysFileInfoController.remove()', 'DELETE', 1, 'admin', NULL, '/fileInfo/38', '127.0.0.1', '内网IP', '{fileIds=38}', '{\"msg\":\"操作成功\",\"code\":200}', 0, NULL, '2022-09-27 10:55:00');
INSERT INTO `sys_oper_log` VALUES (179, '文章管理', 2, 'com.ruoyi.cms.blog.controller.CmsBlogController.edit()', 'PUT', 1, 'admin', NULL, '/cms/blog', '127.0.0.1', '内网IP', '{\"blogFiles\":\"[]\",\"types\":[{\"createBy\":\"admin\",\"createTime\":1641223870000,\"updateBy\":\"\",\"typePic\":\"\",\"typeName\":\"阿萨的\",\"typeId\":10,\"params\":{},\"blogNum\":0},{\"createBy\":\"admin\",\"createTime\":1641223889000,\"updateBy\":\"\",\"typePic\":\"\",\"typeName\":\"啊啊\",\"typeId\":13,\"params\":{},\"blogNum\":0}],\"tagIds\":[20,24,25],\"updateTime\":1664247308906,\"params\":{},\"title\":\"阿萨\",\"type\":\"1\",\"content\":\"<h1 class=\\\"ql-align-center\\\">测试</h1><p>1.发生的地方阿萨的</p><p>2.啊手动阀</p><p>阿萨事实上</p>\",\"tags\":[{\"createBy\":\"admin\",\"createTime\":1641221405000,\"tagId\":20,\"updateBy\":\"\",\"params\":{},\"tagName\":\"啊实打实\",\"blogNum\":0},{\"createBy\":\"admin\",\"createTime\":1641223832000,\"tagId\":24,\"updateBy\":\"\",\"params\":{},\"tagName\":\"阿松大\",\"blogNum\":0},{\"createBy\":\"admin\",\"createTime\":1641223838000,\"tagId\":25,\"updateBy\":\"\",\"params\":{},\"tagName\":\"愤愤愤\",\"blogNum\":0}],\"blogPic\":\"\",\"createBy\":\"admin\",\"top\":\"1\",\"createTime\":1641097526000,\"updateBy\":\"admin\",\"typeIds\":[10,13],\"blogDesc\":\"置顶文章\",\"id\":7,\"views\":60,\"status\":\"1\"}', '{\"msg\":\"操作成功\",\"code\":200}', 0, NULL, '2022-09-27 10:55:08');
INSERT INTO `sys_oper_log` VALUES (180, '用户头像', 2, 'com.ruoyi.web.controller.system.SysProfileController.avatar()', 'POST', 1, 'admin', NULL, '/system/user/profile/avatar', '127.0.0.1', '内网IP', '', '{\"msg\":\"操作成功\",\"imgUrl\":\"/profile/avatar/2023/10/13/fb86a5ea-157f-494a-bc07-0f8e6e5e45dc.jpeg\",\"code\":200}', 0, NULL, '2023-10-13 08:31:43');
INSERT INTO `sys_oper_log` VALUES (181, '个人信息', 2, 'com.ruoyi.web.controller.system.SysProfileController.updateProfile()', 'PUT', 1, 'admin', NULL, '/system/user/profile', '127.0.0.1', '内网IP', '{\"roles\":[{\"flag\":false,\"roleId\":1,\"admin\":true,\"dataScope\":\"1\",\"params\":{},\"roleSort\":\"1\",\"deptCheckStrictly\":false,\"menuCheckStrictly\":false,\"roleKey\":\"admin\",\"roleName\":\"超级管理员\",\"status\":\"0\"}],\"phonenumber\":\"15888888888\",\"admin\":true,\"loginDate\":1664238474000,\"remark\":\"管理员\",\"delFlag\":\"0\",\"loginIp\":\"127.0.0.1\",\"email\":\"ry@163.com\",\"nickName\":\"admin\",\"sex\":\"0\",\"deptId\":103,\"avatar\":\"\",\"dept\":{\"deptName\":\"研发部门\",\"leader\":\"若依\",\"deptId\":103,\"orderNum\":\"1\",\"params\":{},\"parentId\":101,\"children\":[],\"status\":\"0\"},\"params\":{},\"userName\":\"admin\",\"userId\":1,\"createBy\":\"admin\",\"createTime\":1639116734000,\"status\":\"0\"}', '{\"msg\":\"操作成功\",\"code\":200}', 0, NULL, '2023-10-13 08:31:48');
INSERT INTO `sys_oper_log` VALUES (182, '用户头像', 2, 'com.ruoyi.web.controller.system.SysProfileController.avatar()', 'POST', 1, 'admin', NULL, '/system/user/profile/avatar', '127.0.0.1', '内网IP', '', '{\"msg\":\"操作成功\",\"imgUrl\":\"/profile/avatar/2023/10/13/f5d5e34e-07ec-4582-b337-754d2eb7c5c8.jpeg\",\"code\":200}', 0, NULL, '2023-10-13 08:32:01');
INSERT INTO `sys_oper_log` VALUES (183, '标签管理', 2, 'com.ruoyi.cms.tag.controller.CmsTagController.edit()', 'PUT', 1, 'admin', NULL, '/cms/tag', '127.0.0.1', '内网IP', '{\"createBy\":\"若依\",\"createTime\":1641278906000,\"tagId\":26,\"updateBy\":\"admin\",\"updateTime\":1697177913070,\"params\":{},\"tagName\":\"小吃\",\"blogNum\":0}', '{\"msg\":\"操作成功\",\"code\":200}', 0, NULL, '2023-10-13 14:18:33');
INSERT INTO `sys_oper_log` VALUES (184, '标签管理', 2, 'com.ruoyi.cms.tag.controller.CmsTagController.edit()', 'PUT', 1, 'admin', NULL, '/cms/tag', '127.0.0.1', '内网IP', '{\"createBy\":\"admin\",\"createTime\":1641223838000,\"tagId\":25,\"updateBy\":\"admin\",\"updateTime\":1697177921908,\"params\":{},\"tagName\":\"海鲜大餐\",\"blogNum\":0}', '{\"msg\":\"操作成功\",\"code\":200}', 0, NULL, '2023-10-13 14:18:41');
INSERT INTO `sys_oper_log` VALUES (185, '标签管理', 2, 'com.ruoyi.cms.tag.controller.CmsTagController.edit()', 'PUT', 1, 'admin', NULL, '/cms/tag', '127.0.0.1', '内网IP', '{\"createBy\":\"admin\",\"createTime\":1641223832000,\"tagId\":24,\"updateBy\":\"admin\",\"updateTime\":1697177948028,\"params\":{},\"tagName\":\"最美景点\",\"blogNum\":0}', '{\"msg\":\"操作成功\",\"code\":200}', 0, NULL, '2023-10-13 14:19:08');
INSERT INTO `sys_oper_log` VALUES (186, '标签管理', 2, 'com.ruoyi.cms.tag.controller.CmsTagController.edit()', 'PUT', 1, 'admin', NULL, '/cms/tag', '127.0.0.1', '内网IP', '{\"createBy\":\"admin\",\"createTime\":1641223828000,\"tagId\":23,\"updateBy\":\"admin\",\"updateTime\":1697177971469,\"params\":{},\"tagName\":\"必打卡点\",\"blogNum\":0}', '{\"msg\":\"操作成功\",\"code\":200}', 0, NULL, '2023-10-13 14:19:31');
INSERT INTO `sys_oper_log` VALUES (187, '标签管理', 2, 'com.ruoyi.cms.tag.controller.CmsTagController.edit()', 'PUT', 1, 'admin', NULL, '/cms/tag', '127.0.0.1', '内网IP', '{\"createBy\":\"admin\",\"createTime\":1641221443000,\"tagId\":22,\"updateBy\":\"admin\",\"updateTime\":1697178039333,\"params\":{},\"tagName\":\"室内设计\",\"blogNum\":0}', '{\"msg\":\"操作成功\",\"code\":200}', 0, NULL, '2023-10-13 14:20:39');
INSERT INTO `sys_oper_log` VALUES (188, '标签管理', 2, 'com.ruoyi.cms.tag.controller.CmsTagController.edit()', 'PUT', 1, 'admin', NULL, '/cms/tag', '127.0.0.1', '内网IP', '{\"createBy\":\"admin\",\"createTime\":1641221423000,\"tagId\":21,\"updateBy\":\"admin\",\"updateTime\":1697178050668,\"params\":{},\"tagName\":\"爱护宠物\",\"blogNum\":0}', '{\"msg\":\"操作成功\",\"code\":200}', 0, NULL, '2023-10-13 14:20:50');
INSERT INTO `sys_oper_log` VALUES (189, '标签管理', 2, 'com.ruoyi.cms.tag.controller.CmsTagController.edit()', 'PUT', 1, 'admin', NULL, '/cms/tag', '127.0.0.1', '内网IP', '{\"createBy\":\"admin\",\"createTime\":1641221405000,\"tagId\":20,\"updateBy\":\"admin\",\"updateTime\":1697178080491,\"params\":{},\"tagName\":\"自拍街拍\",\"blogNum\":0}', '{\"msg\":\"操作成功\",\"code\":200}', 0, NULL, '2023-10-13 14:21:20');
INSERT INTO `sys_oper_log` VALUES (190, '分类管理', 2, 'com.ruoyi.cms.type.controller.CmsTypeController.edit()', 'PUT', 1, 'admin', NULL, '/cms/type', '127.0.0.1', '内网IP', '{\"typeName\":\"旅游\",\"updateTime\":1697178105026,\"params\":{},\"createBy\":\"admin\",\"typePicType\":\"0\",\"createTime\":1654848530000,\"updateBy\":\"admin\",\"typePic\":\"\",\"typeId\":16,\"blogNum\":0,\"typePicLink\":\"\"}', '{\"msg\":\"操作成功\",\"code\":200}', 0, NULL, '2023-10-13 14:21:45');
INSERT INTO `sys_oper_log` VALUES (191, '分类管理', 2, 'com.ruoyi.cms.type.controller.CmsTypeController.edit()', 'PUT', 1, 'admin', NULL, '/cms/type', '127.0.0.1', '内网IP', '{\"typeName\":\"美食\",\"updateTime\":1697178110037,\"params\":{},\"createBy\":\"若依\",\"typePicType\":\"0\",\"createTime\":1641277883000,\"updateBy\":\"admin\",\"typePic\":\"\",\"typeId\":14,\"blogNum\":0,\"typePicLink\":\"\"}', '{\"msg\":\"操作成功\",\"code\":200}', 0, NULL, '2023-10-13 14:21:50');
INSERT INTO `sys_oper_log` VALUES (192, '分类管理', 2, 'com.ruoyi.cms.type.controller.CmsTypeController.edit()', 'PUT', 1, 'admin', NULL, '/cms/type', '127.0.0.1', '内网IP', '{\"typeName\":\"拍照\",\"updateTime\":1697178125152,\"params\":{},\"createBy\":\"admin\",\"typePicType\":\"0\",\"createTime\":1641223889000,\"updateBy\":\"admin\",\"typePic\":\"\",\"typeId\":13,\"blogNum\":0,\"typePicLink\":\"\"}', '{\"msg\":\"操作成功\",\"code\":200}', 0, NULL, '2023-10-13 14:22:05');
INSERT INTO `sys_oper_log` VALUES (193, '分类管理', 2, 'com.ruoyi.cms.type.controller.CmsTypeController.edit()', 'PUT', 1, 'admin', NULL, '/cms/type', '127.0.0.1', '内网IP', '{\"typeName\":\"学习\",\"updateTime\":1697178136560,\"params\":{},\"createBy\":\"admin\",\"typePicType\":\"0\",\"createTime\":1641223880000,\"updateBy\":\"admin\",\"typePic\":\"\",\"typeId\":11,\"blogNum\":0,\"typePicLink\":\"\"}', '{\"msg\":\"操作成功\",\"code\":200}', 0, NULL, '2023-10-13 14:22:16');
INSERT INTO `sys_oper_log` VALUES (194, '分类管理', 2, 'com.ruoyi.cms.type.controller.CmsTypeController.edit()', 'PUT', 1, 'admin', NULL, '/cms/type', '127.0.0.1', '内网IP', '{\"typeName\":\"工作\",\"updateTime\":1697178143841,\"params\":{},\"createBy\":\"admin\",\"typePicType\":\"0\",\"createTime\":1641223870000,\"updateBy\":\"admin\",\"typePic\":\"\",\"typeId\":10,\"blogNum\":0,\"typePicLink\":\"\"}', '{\"msg\":\"操作成功\",\"code\":200}', 0, NULL, '2023-10-13 14:22:23');
INSERT INTO `sys_oper_log` VALUES (195, '分类管理', 2, 'com.ruoyi.cms.type.controller.CmsTypeController.edit()', 'PUT', 1, 'admin', NULL, '/cms/type', '127.0.0.1', '内网IP', '{\"typeName\":\"技术\",\"updateTime\":1697178150598,\"params\":{},\"createBy\":\"admin\",\"typePicType\":\"0\",\"createTime\":1641223870000,\"updateBy\":\"admin\",\"typePic\":\"\",\"typeId\":10,\"blogNum\":0,\"typePicLink\":\"\"}', '{\"msg\":\"操作成功\",\"code\":200}', 0, NULL, '2023-10-13 14:22:30');
INSERT INTO `sys_oper_log` VALUES (196, '分类管理', 2, 'com.ruoyi.cms.type.controller.CmsTypeController.edit()', 'PUT', 1, 'admin', NULL, '/cms/type', '127.0.0.1', '内网IP', '{\"typeName\":\"歌曲舞蹈\",\"updateTime\":1697178175720,\"params\":{},\"createBy\":\"admin\",\"typePicType\":\"0\",\"createTime\":1641216944000,\"updateBy\":\"admin\",\"typePic\":\"\",\"typeId\":15,\"blogNum\":0,\"typePicLink\":\"\"}', '{\"msg\":\"操作成功\",\"code\":200}', 0, NULL, '2023-10-13 14:22:55');
INSERT INTO `sys_oper_log` VALUES (197, '文章管理', 2, 'com.ruoyi.cms.blog.controller.CmsBlogController.edit()', 'PUT', 1, 'admin', NULL, '/cms/blog', '127.0.0.1', '内网IP', '{\"tagIds\":[20,24,25],\"title\":\"阿萨\",\"type\":\"1\",\"content\":\"<h1 class=\\\"ql-align-center\\\">测试</h1><p>1.发生的地方阿萨的</p><p>2.啊手动阀</p><p>阿萨事实上</p>\",\"top\":\"1\",\"updateBy\":\"admin\",\"blogDesc\":\"置顶文章\",\"id\":7,\"contentType\":\"1\",\"views\":82,\"blogFiles\":\"[]\",\"blogPicLink\":\"\",\"types\":[{\"typeName\":\"技术\",\"updateTime\":1697178151000,\"params\":{},\"createBy\":\"admin\",\"typePicType\":\"0\",\"createTime\":1641223870000,\"updateBy\":\"admin\",\"typePic\":\"\",\"typeId\":10,\"blogNum\":0,\"typePicLink\":\"\"},{\"typeName\":\"拍照\",\"updateTime\":1697178125000,\"params\":{},\"createBy\":\"admin\",\"typePicType\":\"0\",\"createTime\":1641223889000,\"updateBy\":\"admin\",\"typePic\":\"\",\"typeId\":13,\"blogNum\":0,\"typePicLink\":\"\"}],\"blogPicType\":\"0\",\"updateTime\":1697178230380,\"params\":{},\"tags\":[{\"createBy\":\"admin\",\"createTime\":1641221405000,\"tagId\":20,\"updateBy\":\"admin\",\"updateTime\":1697178080000,\"params\":{},\"tagName\":\"自拍街拍\",\"blogNum\":0},{\"createBy\":\"admin\",\"createTime\":1641223832000,\"tagId\":24,\"updateBy\":\"admin\",\"updateTime\":1697177948000,\"params\":{},\"tagName\":\"最美景点\",\"blogNum\":0},{\"createBy\":\"admin\",\"createTime\":1641223838000,\"tagId\":25,\"updateBy\":\"admin\",\"updateTime\":1697177922000,\"params\":{},\"tagName\":\"海鲜大餐\",\"blogNum\":0}],\"blogPic\":\"\",\"createBy\":\"admin\",\"createTime\":1641097526000,\"typeIds\":[13],\"status\":\"1\"}', '{\"msg\":\"操作成功\",\"code\":200}', 0, NULL, '2023-10-13 14:23:50');
INSERT INTO `sys_oper_log` VALUES (198, '文章管理', 2, 'com.ruoyi.cms.blog.controller.CmsBlogController.edit()', 'PUT', 1, 'admin', NULL, '/cms/blog', '127.0.0.1', '内网IP', '{\"tagIds\":[20,21,22,23,24,25,26],\"title\":\"测试\",\"type\":\"1\",\"content\":\"<div data-inline-code-theme=\\\"red\\\" data-code-block-theme=\\\"tomorrow-night\\\"><div style=\\\"text-align:center;\\\" data-lines=\\\"3\\\" data-sign=\\\"d47c152f6d327c2e3a949c53bbc28008\\\" class=\\\"cherry-text-align cherry-text-align__center cherry-highlight-line\\\"><div class=\\\"cherry-panel--title\\\"></div><div class=\\\"cherry-panel--body\\\"><p><img alt=\\\"#141px #141px\\\" height=\\\"141px\\\" width=\\\"141px\\\" src=\\\"https://oscimg.oschina.net/oscnet/up-43e3941654fa3054c9684bf53d1b1d356a1.png\\\"></p></div></div><div data-lines=\\\"1\\\" data-type=\\\"div\\\" data-sign=\\\"1588c7b0360411b1de3ae10f4af6aa4a1\\\"><h1 style=\\\"margin: 30px 0 30px; font-weight: bold;\\\" align=\\\"center\\\">RuoYi v1.1.0</h1></div><div data-lines=\\\"2\\\" data-type=\\\"div\\\" data-sign=\\\"ecf0647da4d408316246fce04c598bd62\\\"><h4 align=\\\"center\\\">基于UniApp开发的轻量级移动端框架</h4></div><p data-lines=\\\"3\\\" data-type=\\\"br\\\" data-sign=\\\"br3\\\">&nbsp;</p><h2 data-lines=\\\"1\\\" data-sign=\\\"f9d3ebad82133323867ce4d3d1eefa3d\\\" id=\\\"%E5%B9%B3%E5%8F%B0%E7%AE%80%E4%BB%8B\\\"><a href=\\\"#%E5%B9%B3%E5%8F%B0%E7%AE%80%E4%BB%8B\\\" class=\\\"anchor\\\"></a>平台简介</h2><p data-lines=\\\"2\\\" data-type=\\\"br\\\" data-sign=\\\"br2\\\">&nbsp;</p><p data-lines=\\\"1\\\" data-type=\\\"p\\\" data-sign=\\\"9e31bb15d0a30eaeb402bce1e877fe811\\\">RuoYi App 移动解决方案，采用uniapp框架，一份代码多终端适配，同时支持APP、小程序、H5！实现了与<a href=\\\"https://gitee.com/y_project/RuoYi-Vue\\\">RuoYi-Vue</a>、<a href=\\\"https://gitee.com/y_project/RuoYi-Cloud\\\">RuoYi-Cloud</a>完美对接的移动解决方案！目前已经实现登录、我的、工作台、编辑资料、头像修改、密码修改、常见问题、关于我们等基础功能。</p><p data-lines=\\\"2\\\" data-type=\\\"br\\\" data-sign=\\\"br2\\\">&nbsp;</p><ul class=\\\"cherry-list__square\\\" data-sign=\\\"da719b1dc012190224df9406acc78d7a\\\" data-lines=\\\"9\\\"><li><p>配套后端代码仓库地址<a href=\\\"https://gitee.com/y_project/RuoYi-Vue\\\">RuoYi-Vue</a> 或 <a href=\\\"https://github.com/yangzongzhuan/RuoYi-Cloud\\\">RuoYi-Cloud</a> 版本。<br></p></li><li><p>应用框架基于<a href=\\\"https://uniapp.dcloud.net.cn/\\\">uniapp</a>，支持小程序、H5、Android和IOS。<br></p></li><li><p>前端组件采用<a href=\\\"https:/', '{\"msg\":\"操作成功\",\"code\":200}', 0, NULL, '2023-10-13 14:24:07');
INSERT INTO `sys_oper_log` VALUES (199, '文章管理', 2, 'com.ruoyi.cms.blog.controller.CmsBlogController.edit()', 'PUT', 1, 'admin', NULL, '/cms/blog', '127.0.0.1', '内网IP', '{\"tagIds\":[26],\"title\":\"黄焖鸡米饭\",\"type\":\"1\",\"content\":\"<p>其实黄焖鸡的做法非常的简单，只要掌握好技巧，自己在家做出来的黄焖鸡汤汁浓郁，配菜也非常的入味又好吃。今天就用这三个大鸡腿，在家自制黄焖鸡，配着米饭吃超级过瘾。尤其是汤汁拌米饭非常的过瘾。<strong style=\\\"color: rgb(51, 51, 51);\\\">黄焖鸡家常做法，掌握好诀窍，鲜香可口，拌米饭一块吃美味又下饭</strong></p><p><strong style=\\\"color: rgb(0, 0, 0);\\\">【黄焖鸡】</strong></p><p><strong style=\\\"color: rgb(51, 51, 51);\\\">食材：鸡腿，香菇，土豆，料酒，青红辣椒，葱，姜，蒜，干辣椒，冰糖，黄豆酱，甜面酱</strong></p><p><strong style=\\\"color: rgb(0, 0, 0);\\\">【具体制作步骤】：</strong></p><p>第一：首先将鸡腿清洗干净，然后剁成块，放入盆中，清洗干净，多清洗几遍，然后将鸡块放在清水中浸泡15分钟左右，然后清洗干净控水备用</p><p><br></p><p><span style=\\\"color: rgb(34, 34, 34);\\\">第二：锅中加入适量的清水，将鸡块凉水下锅，放点姜片，放点料酒，大火烧开，撇去表面的浮沫。然后捞出过一遍凉水，这样鸡肉更加瓷实一些，而且可以洗去表面的杂质</span></p><p><br></p><p><span style=\\\"color: rgb(34, 34, 34);\\\">第三：下面我们处理一下配菜切点配菜，将香菇根部去掉，然后切成片，土豆清洗干净削皮切成小块，青红辣椒去头去籽，然后切成菱形块，葱切成片，姜切成丝，蒜切块，再准备两个干辣椒</span></p><p><br></p><p><span style=\\\"color: rgb(34, 34, 34);\\\">第四：锅中倒入油，油热之后放冰糖，转小火慢慢炒化，大泡变小泡呈枣红色的时候，放入鸡块，翻炒均匀，放入葱姜蒜干辣椒，炒好之后放一勺甜面酱，一勺黄豆酱，翻炒均匀</span></p><p><br></p><p><span style=\\\"color: rgb(34, 34, 34);\\\">第五：炒香之后加入热水，没过鸡块，开大火烧开，然后放入香菇炖一会儿，再放点生抽，放点蚝油，大火炖10分钟，然后将鸡块倒入砂锅中，然后放入土豆，盖上盖子中火焖5分钟，最后放入青红辣椒，将辣椒断生即可</span></p><p><br></p><p><strong style=\\\"color: rgb(0, 0, 0);\\\"><span class=\\\"ql-cursor\\\">﻿</span>【黄焖鸡之烹饪小知识】：</strong></p><p>1)鸡块放在清水中浸泡15分钟左右，浸泡出里面的血水和杂质，然后再清洗干净</p><p>2)黄焖鸡用冰糖炒糖色，而不是用老抽上色，这样色泽更加的漂亮，</p><p>这样炖出来的黄焖鸡肉质鲜嫩，尤其是土豆吸收了汤汁，超级过瘾，炖的时间长，香菇也特别的入味，特别是汤汁拌米饭非常的好吃；这么长时间不吃黄焖鸡了，小董一个人吃了两碗米饭，超级过瘾。喜欢吃黄焖鸡的朋友们再也不用在外面买了，自己在家做得干净卫生，而且非常的好吃，喜欢的朋友可以在家试一试。</p>\",\"top\":\"1\",\"updateBy\":\"admin\",\"blogDesc\":\"上次为了解馋在外面买了一份黄焖鸡，结果全家4口人有3口人吃完就拉肚子，去医院拿药，再也不敢在外面吃\",\"id\":19,\"contentType\":\"1\",\"views\":206,\"blogPicLink\":\"\",\"types\":[{\"typeName\":\"美食\",\"updateTime\":1697178110000,\"params\":{},\"createBy\":\"若依\",\"typePicType\":\"0\",\"createTime\":1641277883000,\"updateBy\":\"admin\",\"typePic\":\"\",\"typeId\":14,\"blogNum\":0,\"typePicLink\":\"\"}],\"blogPicType\":\"1\",\"updateTime\":1697178658665,\"params\":{},\"tags\":[{\"createBy\":\"若依\",\"createTime\":1641278906000,\"tagId\":26,\"updateBy\":\"admin\",\"updateTime\":1697177913000,\"params\":{},\"tagName', '{\"msg\":\"操作成功\",\"code\":200}', 0, NULL, '2023-10-13 14:30:58');
INSERT INTO `sys_oper_log` VALUES (200, '文章管理', 2, 'com.ruoyi.cms.blog.controller.CmsBlogController.edit()', 'PUT', 1, 'admin', NULL, '/cms/blog', '127.0.0.1', '内网IP', '{\"tagIds\":[25,26],\"title\":\"好吃的火锅\",\"type\":\"1\",\"content\":\"<div data-inline-code-theme=\\\"red\\\" data-code-block-theme=\\\"tomorrow-night\\\"><p data-lines=\\\"21\\\" data-type=\\\"p\\\" data-sign=\\\"f7fc16d49998d2dd5fd8c8865b6a72ed21\\\" class=\\\"cherry-highlight-line\\\">1.汤底<br>清汤，芫茜皮蛋，沙爹锅，猪骨煲，鲜鱼汤，蕃茄薯仔，药膳鱼头锅，清汤腩煲，冬荫功，香草龙虾汤，健康生果汤，胡椒什菌锅，面豉汤，花雕醉鸡锅，鲜人参杞子鸡锅，四川麻辣锅，川味牛柳汤，香浓港式咖喱锅，咸菜胡椒粉肠肚汤<br>2.牛类<br>本地肥牛，金钱牛展，牛脷，清汤腩，鲜滑牛肉，鲜黑牛柏叶，雪白牛柏叶，牛骨髓，有料牛肉卷，露笋牛肉卷，松板霜降和牛，神户牛肉<br>3.肉类<br>极黑豚猪腩肉，肉眼根，猪下青，猪腩肉片，鲜鸡，醉鸡，鸡软骨，鲜鸡子，鲜鹅肠，羊仔肉，猪腰，猪润，天梯，王喉，猪皮，猪红，滑鸡肉，羊仔肉，猪大肠，驼鸟肉，鲜田鸡，鲜猪粉肠<br>4.刺身<br>苏格兰蛏子皇，龙虾，青边鲍鱼，黑边鲍鱼，牡丹虾<br>5.极品海鲜类<br>东星斑，花尾疐，大花虾，大花蟹，鲍鱼，滋阴水鱼，极级日本原只皇帝蟹<br>6.海鲜类原条生猛海斑，龙虾仔，向螺片，阿拉斯加蟹脚，加拿大筒蚝，流浮山生蚝，纽西兰翡翠螺，纽西兰半壳青口，花蟹，生海虾，养颜花胶，鲜带子，桂花蚌，珊瑚蚌，脆肉鲩鱼，鲩鱼腩，鲩鱼鳔，鱼头，大生鱼片，鳝片，原只日本鲜鱿鱼，花枝片，水尤鱼，乾吊片，鲜尤鱼片<br>7.丸子类<br>芝士鸡肉丸，酱爆鹅肝丸，麻辣鲜牛丸，金华火腿包心丸，手工水晶虾丸，水晶龙虾丸，手打鲜墨鱼丸，粗牛根丸，手打鲜牛丸，手打鲜肉丸，手打鲜鸡丸，手打鲜鲮鱼丸，潮洲鱼旦<br>8.其他<br>金菇，山根，潮洲炸鱼皮，鱼片头，潮洲鱼饺，蟹肉鲜肉饺，菜肉饺，云吞，韭菜饺，鲜虾酿冬菇，鲜炸鱼腐，鲜鱼酿豆卜，鲮鱼滑，墨鱼滑，大闸蟹粉鲜肉饺，日本滑豆腐，日本芝麻豆腐，日本高野豆腐，竹笙，生根，枝竹，鲜腐竹<br>9.鲜菌类<br>什菌，鲜冬菇，金菇菜，百灵菇，鸡脾菇，秀珍菇，黑木耳，鲍鱼菇<br>10.时蔬类<br>菠菜，蕃薯苗，菜心，芥兰，小棠菜，唐生菜，西洋菜，油蜜菜，白菜仔，唐莴，大豆芽，苋菜，潺菜，津白，粟米，冬瓜，蕃茄，莲藕片，萝卜，鲜淮山，鲜露笋，鲜马蹄肉<br>11.粉面类<br>日本稻庭乌冬，日本手打乌冬，日本绿茶面，日本梅花面，昭和播州乔麦面，全蛋生面，虾子面，新竹米粉，濶条粉丝</p></div>\",\"top\":\"0\",\"updateBy\":\"admin\",\"blogDesc\":\" 火锅可以说是现在非常受欢迎的一种美食，具有不可替代的地位。火锅最早是在北方兴起，后面逐渐在各地兴起\",\"id\":22,\"contentType\":\"2\",\"views\":98,\"blogPicLink\":\"\",\"types\":[{\"typeName\":\"技术\",\"updateTime\":1697178151000,\"params\":{},\"createBy\":\"admin\",\"typePicType\":\"0\",\"createTime\":1641223870000,\"updateBy\":\"admin\",\"typePic\":\"\",\"typeId\":10,\"blogNum\":0,\"typePicLink\":\"\"}],\"blogPicType\":\"1\",\"contentMarkdown\":\"1.汤底\\n清汤，芫茜皮蛋，沙爹锅，猪骨煲，鲜鱼汤，蕃茄薯仔，药膳鱼头锅，清汤腩煲，冬荫功，香草龙虾汤，健康生果汤，胡椒什菌锅，面豉汤，花雕醉鸡锅，鲜人参杞子鸡锅，四川麻辣锅，川味牛柳汤，香浓港式咖喱锅，咸菜胡椒粉肠肚汤\\n2.牛类\\n本地肥牛，金钱牛展，牛脷，清汤腩，鲜滑牛肉，鲜黑牛柏叶，雪白牛柏叶，牛骨髓，有料牛肉卷，露笋牛肉卷，松板霜降和牛，神户牛肉\\n3.肉类\\n极黑豚猪腩肉，肉眼根，猪下青，猪腩肉片，鲜鸡，醉鸡，鸡软骨，鲜鸡子，鲜鹅肠，羊仔肉，猪腰，猪润，天梯，王喉，猪皮，猪红，滑鸡肉，羊仔肉，猪大肠，驼鸟肉，鲜田鸡，鲜猪粉肠\\n4.刺身\\n苏格兰蛏子皇，龙虾，青边鲍鱼，黑边鲍鱼，牡丹虾\\n5.极品海鲜类\\n东星斑，花尾疐，大花虾，大花蟹，鲍鱼，滋阴水鱼，极级日本原只皇帝蟹\\n6.海鲜类原条生猛海斑，龙虾仔，向螺片，阿拉斯加蟹脚，加拿大筒蚝，流浮山生蚝，纽西兰翡翠螺，纽西兰半壳青口，花蟹，生海虾，养颜花胶，鲜带子，桂花蚌，珊瑚蚌，脆肉鲩鱼，鲩鱼腩，鲩鱼鳔，鱼头，大生鱼片，', '{\"msg\":\"操作成功\",\"code\":200}', 0, NULL, '2023-10-13 14:41:09');
INSERT INTO `sys_oper_log` VALUES (201, '文章管理', 2, 'com.ruoyi.cms.blog.controller.CmsBlogController.edit()', 'PUT', 1, 'admin', NULL, '/cms/blog', '127.0.0.1', '内网IP', '{\"tagIds\":[24,23],\"title\":\"九寨沟旅游\",\"type\":\"1\",\"content\":\"<p><span style=\\\"color: rgb(34, 34, 34);\\\">寨沟主体呈“Y”字形，由树正沟、日则沟和则查洼沟三条沟组成，总长50余公里，景区内有环保观光车穿梭行驶，招手即停，一般是乘坐环保车一个个景点玩下来。如果细细品味的话，一天的时间是严重不够的。景区推出的淡季二次进沟是不错的选择。</span>想去九寨沟，推荐从成都出发，四日游玩法比较适合时间充足灵活的朋友，费用大概在1500—1700元之间会比较舒适，在于餐和住宿的区别。四日游是游玩九寨沟最佳的游玩方式（给九寨沟景区留够整两天），时间比较充足，游玩起来也比较轻松。行程如下：</p><p>第一天：成都—都江堰熊猫乐园—叠溪海子—松潘古城—九寨沟</p><p>第二天：景区门口—日则沟—则渣洼沟—景区门口</p><p>第三天：景区门口(二次进沟）—树正沟—景区门口</p><p>第四天：九寨沟—川主寺—黄龙—成都</p><p>景区二日游路线</p><p>D1：沟口——镜海——诺日朗中心——日则沟（箭竹海——箭竹海瀑布——熊猫海——五花海——珍珠滩——珍珠滩瀑布）——镜海——诺日朗瀑布——犀牛海——沟口</p><p>D2：沟口——诺日朗中心——长海——五彩池——树正沟（老虎海——树正海群——芦苇海——盆景滩）——扎如寺——沟口</p><p class=\\\"ql-align-center\\\"> </p><p>四川九寨沟景点</p><p>五花海 ：五花海位于九寨沟三条沟的日则沟中段，孔雀河上游，由于海底的钙华沉积、各种色泽艳丽的藻类以及岸边五彩斑斓的林木倒影，使得五花海呈现出鹅黄、藏青、墨绿、宝蓝等各种颜色，故称“五花海”。</p><p><span style=\\\"color: rgb(34, 34, 34);\\\">镜海：镜海，因为湖面一平如镜，故得其名。这里是九寨沟看倒影的好地方。每当晨曦初露或朝霞遍染之时，蓝天白云、远山近树，尽纳海底。早9点前和晚5点后无风的时候，是拍摄镜海倒影的最佳时间。</span></p><p><span style=\\\"color: rgb(34, 34, 34);\\\">珍珠滩：上游珍珠滩瀑布的激流，在凹凸不平的乳黄色钙化滩面上溅起无数水珠，阳光下，点点水珠就像巨型扇贝里的粒粒珍珠，远看河中流动着一河洁白的珍珠。这就是珍珠滩</span></p><p><span style=\\\"color: rgb(34, 34, 34);\\\">仙女池：仙女池位于九寨沟神仙池景区内，又叫大海池。传说这里曾经是仙女沐浴的地方，神仙池也因此而得名。仙女池色泽蔚蓝，与大海的色差不大，而且面积不小。远远望去，犹如一颗精美的波斯蓝宝石，在阳光的照射下是那样的宁静和美丽。</span></p><p><span style=\\\"color: rgb(34, 34, 34);\\\">瑶池：瑶池位于九寨沟神仙池风景区内，有诗诵之为“蓝天白云清风里，山林草海碧水间”。它那巧夺天工的形态，清澈通透的湖水，犹如一颗宝石镶嵌在了天然的绿色地毯上。神仙池景色通常是一池连一瀑，有瀑就有池。而金银滩上的瑶池，则是由数个大小不等的钙化池曲状相连。</span></p><p><span style=\\\"color: rgb(34, 34, 34);\\\">“九寨归来不看水”，是对九寨沟景色真实的诠释。泉、瀑、河、滩108个海子，构成一个个五彩斑斓的瑶池玉盆。长海、剑岩、诺日朗、树正、扎如、黑海六大景观，翠海、叠瀑、彩林、雪峰、藏情、蓝冰，被称为“六绝”。神奇的九寨，被世人誉为“童话世界”，号称“水景之王”。</span></p><p class=\\\"ql-align-center\\\">想获取更多旅游攻略，请点击下方咨询按钮，</p><p class=\\\"ql-align-center\\\">为你定制专属旅程，不用自己做攻略，</p><p class=\\\"ql-align-center\\\">24小时客服随时解决难题，给你一个轻松自由愉快的旅行。</p><p>【春日看点】满沟的桃花盛开和绿树抽新芽的盎然生机。</p><p>春天的九寨沟，冰雪融化、新绿发芽，红的、黄的、粉的、蓝的，美丽的花朵染遍了山野，最受游客关注的当属处处盛开的野桃花。九寨沟南高北低，沟口的海拔仅2000m，中部峰岭均在4000m以上，南缘达4500m以上，主沟长30多公里。因此，春天的时候，山脚一片春花烂漫，山林还处于残冬，长海则尚未解冻。清澈的水流从尚未完全解冻的薄冰下流过，更添一丝的梦幻。</p><p>【秋季看点】彩林、叠瀑、蓝天、倒影</p><p>秋天是九寨沟最为灿烂的季节，山林晕染成色，这里集合了秋天所', '{\"msg\":\"操作成功\",\"code\":200}', 0, NULL, '2023-10-13 14:49:09');
INSERT INTO `sys_oper_log` VALUES (202, '分类管理', 2, 'com.ruoyi.cms.type.controller.CmsTypeController.edit()', 'PUT', 1, 'admin', NULL, '/cms/type', '127.0.0.1', '内网IP', '{\"typeName\":\"电影\",\"updateTime\":1697180082941,\"params\":{},\"createBy\":\"admin\",\"typePicType\":\"0\",\"createTime\":1641223880000,\"updateBy\":\"admin\",\"typePic\":\"\",\"typeId\":11,\"blogNum\":0,\"typePicLink\":\"\"}', '{\"msg\":\"操作成功\",\"code\":200}', 0, NULL, '2023-10-13 14:54:42');
INSERT INTO `sys_oper_log` VALUES (203, '标签管理', 2, 'com.ruoyi.cms.tag.controller.CmsTagController.edit()', 'PUT', 1, 'admin', NULL, '/cms/tag', '127.0.0.1', '内网IP', '{\"createBy\":\"admin\",\"createTime\":1641221443000,\"tagId\":22,\"updateBy\":\"admin\",\"updateTime\":1697180109056,\"params\":{},\"tagName\":\"电影\",\"blogNum\":0}', '{\"msg\":\"操作成功\",\"code\":200}', 0, NULL, '2023-10-13 14:55:09');
INSERT INTO `sys_oper_log` VALUES (204, '文章管理', 2, 'com.ruoyi.cms.blog.controller.CmsBlogController.edit()', 'PUT', 1, 'admin', NULL, '/cms/blog', '127.0.0.1', '内网IP', '{\"tagIds\":[21,22],\"title\":\"哈利波特\",\"type\":\"1\",\"content\":\"<p> \\t《哈利·波特》（<em>Harry Potter</em>）是英国作家<a href=\\\"https://baike.baidu.com/item/J.K.%E7%BD%97%E7%90%B3/2177909?fromModule=lemma_inlink\\\" rel=\\\"noopener noreferrer\\\" target=\\\"_blank\\\" style=\\\"color: rgb(19, 110, 194);\\\">J.K.罗琳</a>（J. K. Rowling）于1997～2007年所著的<a href=\\\"https://baike.baidu.com/item/%E9%AD%94%E5%B9%BB%E6%96%87%E5%AD%A6/10963517?fromModule=lemma_inlink\\\" rel=\\\"noopener noreferrer\\\" target=\\\"_blank\\\" style=\\\"color: rgb(19, 110, 194);\\\">魔幻文学</a>系列小说，共7部。其中前六部以<a href=\\\"https://baike.baidu.com/item/%E9%9C%8D%E6%A0%BC%E6%B2%83%E8%8C%A8%E9%AD%94%E6%B3%95%E5%AD%A6%E6%A0%A1/4296018?fromModule=lemma_inlink\\\" rel=\\\"noopener noreferrer\\\" target=\\\"_blank\\\" style=\\\"color: rgb(19, 110, 194);\\\">霍格沃茨魔法学校</a>（Hogwarts School of Witchcraft and Wizardry）为主要舞台，描写的是主人公——年轻的巫师学生哈利·波特在霍格沃茨前后六年的学习生活和冒险故事；第七本描写的是哈利·波特在第二次魔法界大战中在外寻找<a href=\\\"https://baike.baidu.com/item/%E9%AD%82%E5%99%A8/10026679?fromModule=lemma_inlink\\\" rel=\\\"noopener noreferrer\\\" target=\\\"_blank\\\" style=\\\"color: rgb(19, 110, 194);\\\">魂器</a>并消灭<a href=\\\"https://baike.baidu.com/item/%E4%BC%8F%E5%9C%B0%E9%AD%94/1127381?fromModule=lemma_inlink\\\" rel=\\\"noopener noreferrer\\\" target=\\\"_blank\\\" style=\\\"color: rgb(19, 110, 194);\\\">伏地魔</a>的故事。</p><p>\\t截至2013年5月，“哈利·波特”系列丛书已经被翻译成73种语言，共卖出了超过5亿本。<span style=\\\"color: rgb(51, 102, 204);\\\">&nbsp;[1]</span><span style=\\\"color: rgb(19, 110, 194);\\\">&nbsp;</span>&nbsp;英国版由<a href=\\\"https://baike.baidu.com/item/%E5%B8%83%E9%B2%81%E5%A7%86%E6%96%AF%E4%BC%AF%E9%87%8C%E5%87%BA%E7%89%88%E7%A4%BE/9072188?fromModule=lemma_inlink\\\" rel=\\\"noopener noreferrer\\\" target=\\\"_blank\\\" style=\\\"color: rgb(19, 110, 194);\\\">布鲁姆斯伯里出版社</a>（Bloomsbury）出版发行，美国引进后做过部分修正由美国学乐出版社（Scholastic）发行，简体中文版由中国<a href=\\\"https://baike.baidu.com/item/%E4%BA%BA%E6%B0%91%E6%96%87%E5%AD%A6%E5%87%BA%E7%89%88%E7%A4%BE/2856101?fromModule=lemma_inlink\\\" rel=\\\"noopener noreferrer\\\" target=\\\"_blank\\\" style=\\\"color: rgb(19, 110, 194);\\\">人民文学出版社</a>发行，繁体中文版由皇冠出版社出版。<span', '{\"msg\":\"操作成功\",\"code\":200}', 0, NULL, '2023-10-13 14:56:38');
INSERT INTO `sys_oper_log` VALUES (205, '文章管理', 2, 'com.ruoyi.cms.blog.controller.CmsBlogController.edit()', 'PUT', 1, 'admin', NULL, '/cms/blog', '127.0.0.1', '内网IP', '{\"tagIds\":[22],\"title\":\"哈利波特\",\"type\":\"1\",\"content\":\"<p> \\t《哈利·波特》（<em>Harry Potter</em>）是英国作家<a href=\\\"https://baike.baidu.com/item/J.K.%E7%BD%97%E7%90%B3/2177909?fromModule=lemma_inlink\\\" rel=\\\"noopener noreferrer\\\" target=\\\"_blank\\\" style=\\\"color: rgb(19, 110, 194);\\\">J.K.罗琳</a>（J. K. Rowling）于1997～2007年所著的<a href=\\\"https://baike.baidu.com/item/%E9%AD%94%E5%B9%BB%E6%96%87%E5%AD%A6/10963517?fromModule=lemma_inlink\\\" rel=\\\"noopener noreferrer\\\" target=\\\"_blank\\\" style=\\\"color: rgb(19, 110, 194);\\\">魔幻文学</a>系列小说，共7部。其中前六部以<a href=\\\"https://baike.baidu.com/item/%E9%9C%8D%E6%A0%BC%E6%B2%83%E8%8C%A8%E9%AD%94%E6%B3%95%E5%AD%A6%E6%A0%A1/4296018?fromModule=lemma_inlink\\\" rel=\\\"noopener noreferrer\\\" target=\\\"_blank\\\" style=\\\"color: rgb(19, 110, 194);\\\">霍格沃茨魔法学校</a>（Hogwarts School of Witchcraft and Wizardry）为主要舞台，描写的是主人公——年轻的巫师学生哈利·波特在霍格沃茨前后六年的学习生活和冒险故事；第七本描写的是哈利·波特在第二次魔法界大战中在外寻找<a href=\\\"https://baike.baidu.com/item/%E9%AD%82%E5%99%A8/10026679?fromModule=lemma_inlink\\\" rel=\\\"noopener noreferrer\\\" target=\\\"_blank\\\" style=\\\"color: rgb(19, 110, 194);\\\">魂器</a>并消灭<a href=\\\"https://baike.baidu.com/item/%E4%BC%8F%E5%9C%B0%E9%AD%94/1127381?fromModule=lemma_inlink\\\" rel=\\\"noopener noreferrer\\\" target=\\\"_blank\\\" style=\\\"color: rgb(19, 110, 194);\\\">伏地魔</a>的故事。</p><p>\\t截至2013年5月，“哈利·波特”系列丛书已经被翻译成73种语言，共卖出了超过5亿本。<span style=\\\"color: rgb(51, 102, 204);\\\">&nbsp;[1]</span><span style=\\\"color: rgb(19, 110, 194);\\\">&nbsp;</span>&nbsp;英国版由<a href=\\\"https://baike.baidu.com/item/%E5%B8%83%E9%B2%81%E5%A7%86%E6%96%AF%E4%BC%AF%E9%87%8C%E5%87%BA%E7%89%88%E7%A4%BE/9072188?fromModule=lemma_inlink\\\" rel=\\\"noopener noreferrer\\\" target=\\\"_blank\\\" style=\\\"color: rgb(19, 110, 194);\\\">布鲁姆斯伯里出版社</a>（Bloomsbury）出版发行，美国引进后做过部分修正由美国学乐出版社（Scholastic）发行，简体中文版由中国<a href=\\\"https://baike.baidu.com/item/%E4%BA%BA%E6%B0%91%E6%96%87%E5%AD%A6%E5%87%BA%E7%89%88%E7%A4%BE/2856101?fromModule=lemma_inlink\\\" rel=\\\"noopener noreferrer\\\" target=\\\"_blank\\\" style=\\\"color: rgb(19, 110, 194);\\\">人民文学出版社</a>发行，繁体中文版由皇冠出版社出版。<span st', '{\"msg\":\"操作成功\",\"code\":200}', 0, NULL, '2023-10-13 14:57:03');
INSERT INTO `sys_oper_log` VALUES (206, '文章管理', 2, 'com.ruoyi.cms.blog.controller.CmsBlogController.edit()', 'PUT', 1, 'admin', NULL, '/cms/blog', '127.0.0.1', '内网IP', '{\"tagIds\":[23,24],\"title\":\"三峡大坝\",\"type\":\"1\",\"content\":\"<p><span style=\\\"color: rgb(26, 26, 26);\\\">三峡大坝位于宜昌市三斗坪，距下游葛洲坝水利枢纽工程28&nbsp;米，是当今世界最大的水利枢纽工程，也是全国首批5A&nbsp;级景区之一。在坛子岭可以眺望大坝，俯视长江。泄洪景观区则是波澜壮阔、雷霆万钧。而在185&nbsp;米水位线观景区，大坝上游的高峡平湖与下游滔滔江水所成鲜明的反差。是观看三峡大坝的最佳景点。</span></p><p>★&nbsp;三峡人家</p><p>三峡人家有洪荒时代的地质与神话；有巴人部落的农耕与传奇；有峡江岁月的故事与风情；是闻名世界“地质百科全书”。它融合三峡文化的精髓，让巴风楚韵，峡江今昔，在这里都一览无余的展现出来。</p><p>&nbsp;清江画廊</p><p>清江画廊，一步一景，一里一画。清江是长江在湖北境内的第二大支流，&nbsp;是巴人的发祥地，土家儿女的母亲河。十九万年前，古“长阳人”在这里开启了中国长江的古文明，五千年前，古代巴人从这里开疆拓土建立古代巴国，两千年前，土家族在这里诞生。&nbsp;梦幻土家，巴土天堂。景区所在的长阳土家族自治县历史悠久，文化璀璨，被誉为中国民间艺术之乡。</p><p>&nbsp;屈原故里</p><p>屈原故里景区位于秭归县新县城，毗邻三峡大坝，是观三峡大坝、副坝、览高峡平湖的最佳区位。秭归位于长江北岸的卧牛山麓，四周城墙环绕，形似一个倾斜的葫芦，具有浓厚的古典建筑风格，有“葫芦城”之称。又因城墙均有由石头叠砌而成，又叫“石头城”。以屈原祠、江渎庙为代表的24&nbsp;处峡江地面文物集中搬迁到这里。在这里，你可以把高峡平&nbsp;湖美景尽收眼底，同时还能感受到屈原故里浓浓的历史文化和民俗文化，同时可以看到巴风楚韵的文艺、戏曲、表演，品尝到当地具有特色的美食。</p>\",\"top\":\"0\",\"updateBy\":\"admin\",\"blogDesc\":\"三峡大坝位于宜昌市三斗坪，距下游葛洲坝水利枢纽工程28 米，是当今世界最大的水利枢纽工程.\",\"id\":14,\"contentType\":\"1\",\"views\":9,\"blogPicLink\":\"\",\"types\":[],\"blogPicType\":\"1\",\"updateTime\":1697180665388,\"params\":{},\"tags\":[],\"blogPic\":\"/profile/upload/2023/10/13/5bd70aba-6df9-4187-98fc-389dcb54ad54.png\",\"createBy\":\"若依\",\"createTime\":1641277891000,\"typeIds\":[13,16],\"status\":\"1\"}', '{\"msg\":\"操作成功\",\"code\":200}', 0, NULL, '2023-10-13 15:04:25');
INSERT INTO `sys_oper_log` VALUES (207, '文章管理', 2, 'com.ruoyi.cms.blog.controller.CmsBlogController.edit()', 'PUT', 1, 'admin', NULL, '/cms/blog', '127.0.0.1', '内网IP', '{\"tagIds\":[24,23],\"title\":\"万里长城\",\"type\":\"1\",\"content\":\"<p><a href=\\\"https://vibaike.com/220389/\\\" rel=\\\"noopener noreferrer\\\" target=\\\"_blank\\\" style=\\\"color: var(--theme-hover); background-color: initial;\\\">长城</a>（繁体中文：万里长城；简体中文：万里长城；拼音：Wànlǐ Chángchéng，字面<a href=\\\"https://vibaike.com/4103/\\\" rel=\\\"noopener noreferrer\\\" target=\\\"_blank\\\" style=\\\"color: var(--theme-color); background-color: initial;\\\">意思</a>是万里墙）是一系列防御工事，建于古代中国国家和中国帝国的历史北部边界，以抵御各种威胁 来自<a href=\\\"https://vibaike.com/31715/\\\" rel=\\\"noopener noreferrer\\\" target=\\\"_blank\\\" style=\\\"color: var(--theme-color); background-color: initial;\\\">欧亚</a>草原的游牧民族。 早在公元前 7 世纪就建造了几座城墙，后来中国的xxx位皇帝秦始皇（公元前 220-206 年）加入了部分城墙。 秦墙残存不多。 后来，许多连续的朝代建造并<a href=\\\"https://vibaike.com/195049/\\\" rel=\\\"noopener noreferrer\\\" target=\\\"_blank\\\" style=\\\"color: var(--theme-color); background-color: initial;\\\">维护</a>了多段边界墙。 城墙最著名的部分建于明朝（1368-1644 年）。</p><p>除了防御之外，长城的其他<a href=\\\"https://vibaike.com/3331/\\\" rel=\\\"noopener noreferrer\\\" target=\\\"_blank\\\" style=\\\"color: var(--theme-color); background-color: initial;\\\">目的</a>还包括边境管制、允许对沿<a href=\\\"https://vibaike.com/206006/\\\" rel=\\\"noopener noreferrer\\\" target=\\\"_blank\\\" style=\\\"color: var(--theme-color); background-color: initial;\\\">丝绸之路</a>运输的<a href=\\\"https://vibaike.com/205158/\\\" rel=\\\"noopener noreferrer\\\" target=\\\"_blank\\\" style=\\\"color: var(--theme-color); background-color: initial;\\\">货物</a>征收关税、规范或鼓励<a href=\\\"https://vibaike.com/3314/\\\" rel=\\\"noopener noreferrer\\\" target=\\\"_blank\\\" style=\\\"color: var(--theme-color); background-color: initial;\\\">贸易</a>以及控制出入境。 此外，通过建造瞭望塔、部队营房、驻军站、通过烟或火发出信号的<a href=\\\"https://vibaike.com/4058/\\\" rel=\\\"noopener noreferrer\\\" target=\\\"_blank\\\" style=\\\"color: var(--theme-color); background-color: initial;\\\">能力</a>以及长城的路径也作为交通走廊的事实，增强了长城的防御特性。</p><iframe class=\\\"ql-video ql-align-center\\\" frameborder=\\\"0\\\" allowfullscreen=\\\"true\\\" src=\\\"https://googleads.g.doubleclick.net/pagead/ads?client=ca-pub-3245207943373650&amp;output=html&amp;h=0&amp;slotname=3089577780&am', '{\"msg\":\"操作成功\",\"code\":200}', 0, NULL, '2023-10-13 15:15:03');
INSERT INTO `sys_oper_log` VALUES (208, '文章管理', 2, 'com.ruoyi.cms.blog.controller.CmsBlogController.edit()', 'PUT', 1, 'admin', NULL, '/cms/blog', '127.0.0.1', '内网IP', '{\"tagIds\":[22],\"title\":\"黑客帝国\",\"type\":\"1\",\"content\":\"<p>\\t《黑客帝国》是华纳兄弟影片公司1999年的一部科幻动作片，影片由<a href=\\\"https://baike.baidu.com/item/%E8%8E%89%E8%8E%89%C2%B7%E6%B2%83%E5%8D%93%E6%96%AF%E5%9F%BA/19444090?fromModule=lemma_inlink\\\" rel=\\\"noopener noreferrer\\\" target=\\\"_blank\\\" style=\\\"color: rgb(19, 110, 194);\\\">莉莉·沃卓斯基</a>和<a href=\\\"https://baike.baidu.com/item/%E6%8B%89%E5%A8%9C%C2%B7%E6%B2%83%E5%8D%93%E6%96%AF%E5%9F%BA/6351456?fromModule=lemma_inlink\\\" rel=\\\"noopener noreferrer\\\" target=\\\"_blank\\\" style=\\\"color: rgb(19, 110, 194);\\\">拉娜·沃卓斯基</a>共同担任导演及编剧，<a href=\\\"https://baike.baidu.com/item/%E5%9F%BA%E5%8A%AA%C2%B7%E6%9D%8E%E7%BB%B4%E6%96%AF/5981086?fromModule=lemma_inlink\\\" rel=\\\"noopener noreferrer\\\" target=\\\"_blank\\\" style=\\\"color: rgb(19, 110, 194);\\\">基努·李维斯</a>、<a href=\\\"https://baike.baidu.com/item/%E5%87%AF%E7%91%9E%C2%B7%E5%AE%89%C2%B7%E8%8E%AB%E6%96%AF/14134933?fromModule=lemma_inlink\\\" rel=\\\"noopener noreferrer\\\" target=\\\"_blank\\\" style=\\\"color: rgb(19, 110, 194);\\\">凯瑞·安·莫斯</a>、劳伦斯·菲什伯恩等联袂出演。电影于1999年3月31日在美国上映。</p><p>\\t影片讲述一名年轻的网络黑客<a href=\\\"https://baike.baidu.com/item/%E5%B0%BC%E5%A5%A5/15983887?fromModule=lemma_inlink\\\" rel=\\\"noopener noreferrer\\\" target=\\\"_blank\\\" style=\\\"color: rgb(19, 110, 194);\\\">尼奥</a>发现看似正常的现实世界实际上是由一个名为“矩阵”的计算机人工智能系统控制的。尼奥在一名神秘女郎崔妮蒂的引导下见到了黑客组织的首领墨菲斯，三人走上了抗争矩阵的征途。<span style=\\\"color: rgb(51, 102, 204);\\\">&nbsp;[1]</span></p><p>\\t在矩阵中生活的一名年轻的网络黑客<a href=\\\"https://baike.baidu.com/item/%E5%B0%BC%E5%A5%A5/15983887?fromModule=lemma_inlink\\\" rel=\\\"noopener noreferrer\\\" target=\\\"_blank\\\" style=\\\"color: rgb(19, 110, 194);\\\">尼奥</a>发现，看似正常的现实世界实际上似乎被某种力量控制着，尼奥便在网络上调查此事。而在现实中生活的人类反抗组织的船长墨菲斯，也一直在矩阵中寻找传说的救世主，就这样在人类反抗组织成员崔妮蒂的指引下，两人见面了，尼奥也在墨菲斯的指引下，回到了真正的现实中，逃离了矩阵。</p><p>\\t尼奥这才了解到，原来他一直活在虚拟世界当中，真正的历史是，在20XX年，人类发明了AI（人工智能），然后机器人叛变，与人类爆发战争，人类节节败退，迫不得已的情况下，把整个天空布满了乌云，以切断机器人的能源（太阳能），谁知机器人又开发出了新的能源——生物能源，就是利用基因工程，人工制造人类，然后把他们接上矩阵，让他们在虚拟世界中生存，以获得多余的能量，尼奥就是其中一个。</p><p><br></p><p>尼奥知道后，也加入了人类反抗组织，在墨菲斯的训练下，渐渐成为了一名厉害的“黑客”，并渐渐展露出与其他黑客的不同之处，让莫菲斯也更加肯定他就是救世主，就在这个时', '{\"msg\":\"操作成功\",\"code\":200}', 0, NULL, '2023-10-13 15:18:04');

-- ----------------------------
-- Table structure for sys_post
-- ----------------------------
DROP TABLE IF EXISTS `sys_post`;
CREATE TABLE `sys_post`  (
  `post_id` bigint(0) NOT NULL AUTO_INCREMENT COMMENT '岗位ID',
  `post_code` varchar(64) CHARACTER SET utf8mb4 COLLATE utf8mb4_general_ci NOT NULL COMMENT '岗位编码',
  `post_name` varchar(50) CHARACTER SET utf8mb4 COLLATE utf8mb4_general_ci NOT NULL COMMENT '岗位名称',
  `post_sort` int(0) NOT NULL COMMENT '显示顺序',
  `status` char(1) CHARACTER SET utf8mb4 COLLATE utf8mb4_general_ci NOT NULL COMMENT '状态（0正常 1停用）',
  `create_by` varchar(64) CHARACTER SET utf8mb4 COLLATE utf8mb4_general_ci NULL DEFAULT '' COMMENT '创建者',
  `create_time` datetime(0) NULL DEFAULT NULL COMMENT '创建时间',
  `update_by` varchar(64) CHARACTER SET utf8mb4 COLLATE utf8mb4_general_ci NULL DEFAULT '' COMMENT '更新者',
  `update_time` datetime(0) NULL DEFAULT NULL COMMENT '更新时间',
  `remark` varchar(500) CHARACTER SET utf8mb4 COLLATE utf8mb4_general_ci NULL DEFAULT NULL COMMENT '备注',
  PRIMARY KEY (`post_id`) USING BTREE
) ENGINE = InnoDB AUTO_INCREMENT = 5 CHARACTER SET = utf8mb4 COLLATE = utf8mb4_general_ci COMMENT = '岗位信息表' ROW_FORMAT = Dynamic;

-- ----------------------------
-- Records of sys_post
-- ----------------------------
INSERT INTO `sys_post` VALUES (1, 'ceo', '董事长', 1, '0', 'admin', '2021-12-10 14:12:14', '', NULL, '');
INSERT INTO `sys_post` VALUES (2, 'se', '项目经理', 2, '0', 'admin', '2021-12-10 14:12:14', '', NULL, '');
INSERT INTO `sys_post` VALUES (3, 'hr', '人力资源', 3, '0', 'admin', '2021-12-10 14:12:14', '', NULL, '');
INSERT INTO `sys_post` VALUES (4, 'user', '普通员工', 4, '0', 'admin', '2021-12-10 14:12:14', '', NULL, '');

-- ----------------------------
-- Table structure for sys_role
-- ----------------------------
DROP TABLE IF EXISTS `sys_role`;
CREATE TABLE `sys_role`  (
  `role_id` bigint(0) NOT NULL AUTO_INCREMENT COMMENT '角色ID',
  `role_name` varchar(30) CHARACTER SET utf8mb4 COLLATE utf8mb4_general_ci NOT NULL COMMENT '角色名称',
  `role_key` varchar(100) CHARACTER SET utf8mb4 COLLATE utf8mb4_general_ci NOT NULL COMMENT '角色权限字符串',
  `role_sort` int(0) NOT NULL COMMENT '显示顺序',
  `data_scope` char(1) CHARACTER SET utf8mb4 COLLATE utf8mb4_general_ci NULL DEFAULT '1' COMMENT '数据范围（1：全部数据权限 2：自定数据权限 3：本部门数据权限 4：本部门及以下数据权限）',
  `menu_check_strictly` tinyint(1) NULL DEFAULT 1 COMMENT '菜单树选择项是否关联显示',
  `dept_check_strictly` tinyint(1) NULL DEFAULT 1 COMMENT '部门树选择项是否关联显示',
  `status` char(1) CHARACTER SET utf8mb4 COLLATE utf8mb4_general_ci NOT NULL COMMENT '角色状态（0正常 1停用）',
  `del_flag` char(1) CHARACTER SET utf8mb4 COLLATE utf8mb4_general_ci NULL DEFAULT '0' COMMENT '删除标志（0代表存在 2代表删除）',
  `create_by` varchar(64) CHARACTER SET utf8mb4 COLLATE utf8mb4_general_ci NULL DEFAULT '' COMMENT '创建者',
  `create_time` datetime(0) NULL DEFAULT NULL COMMENT '创建时间',
  `update_by` varchar(64) CHARACTER SET utf8mb4 COLLATE utf8mb4_general_ci NULL DEFAULT '' COMMENT '更新者',
  `update_time` datetime(0) NULL DEFAULT NULL COMMENT '更新时间',
  `remark` varchar(500) CHARACTER SET utf8mb4 COLLATE utf8mb4_general_ci NULL DEFAULT NULL COMMENT '备注',
  PRIMARY KEY (`role_id`) USING BTREE
) ENGINE = InnoDB AUTO_INCREMENT = 4 CHARACTER SET = utf8mb4 COLLATE = utf8mb4_general_ci COMMENT = '角色信息表' ROW_FORMAT = Dynamic;

-- ----------------------------
-- Records of sys_role
-- ----------------------------
INSERT INTO `sys_role` VALUES (1, '超级管理员', 'admin', 1, '1', 1, 1, '0', '0', 'admin', '2021-12-10 14:12:14', '', NULL, '超级管理员');
INSERT INTO `sys_role` VALUES (2, '普通角色', 'common', 2, '2', 1, 1, '0', '0', 'admin', '2021-12-10 14:12:14', 'admin', '2022-01-20 10:35:26', '普通角色');
INSERT INTO `sys_role` VALUES (3, '内容管理员角色', 'cms', 3, '1', 1, 1, '0', '0', 'admin', '2022-01-04 00:32:39', 'admin', '2022-01-21 10:27:52', NULL);

-- ----------------------------
-- Table structure for sys_role_dept
-- ----------------------------
DROP TABLE IF EXISTS `sys_role_dept`;
CREATE TABLE `sys_role_dept`  (
  `role_id` bigint(0) NOT NULL COMMENT '角色ID',
  `dept_id` bigint(0) NOT NULL COMMENT '部门ID',
  PRIMARY KEY (`role_id`, `dept_id`) USING BTREE
) ENGINE = InnoDB CHARACTER SET = utf8mb4 COLLATE = utf8mb4_general_ci COMMENT = '角色和部门关联表' ROW_FORMAT = Dynamic;

-- ----------------------------
-- Records of sys_role_dept
-- ----------------------------
INSERT INTO `sys_role_dept` VALUES (2, 100);
INSERT INTO `sys_role_dept` VALUES (2, 101);
INSERT INTO `sys_role_dept` VALUES (2, 105);

-- ----------------------------
-- Table structure for sys_role_menu
-- ----------------------------
DROP TABLE IF EXISTS `sys_role_menu`;
CREATE TABLE `sys_role_menu`  (
  `role_id` bigint(0) NOT NULL COMMENT '角色ID',
  `menu_id` bigint(0) NOT NULL COMMENT '菜单ID',
  PRIMARY KEY (`role_id`, `menu_id`) USING BTREE
) ENGINE = InnoDB CHARACTER SET = utf8mb4 COLLATE = utf8mb4_general_ci COMMENT = '角色和菜单关联表' ROW_FORMAT = Dynamic;

-- ----------------------------
-- Records of sys_role_menu
-- ----------------------------
INSERT INTO `sys_role_menu` VALUES (2, 4);
INSERT INTO `sys_role_menu` VALUES (2, 2007);
INSERT INTO `sys_role_menu` VALUES (2, 2026);
INSERT INTO `sys_role_menu` VALUES (2, 2027);
INSERT INTO `sys_role_menu` VALUES (2, 2028);
INSERT INTO `sys_role_menu` VALUES (2, 2029);
INSERT INTO `sys_role_menu` VALUES (2, 2030);
INSERT INTO `sys_role_menu` VALUES (2, 2031);
INSERT INTO `sys_role_menu` VALUES (2, 2032);
INSERT INTO `sys_role_menu` VALUES (2, 2033);
INSERT INTO `sys_role_menu` VALUES (2, 2034);
INSERT INTO `sys_role_menu` VALUES (2, 2035);
INSERT INTO `sys_role_menu` VALUES (2, 2036);
INSERT INTO `sys_role_menu` VALUES (2, 2037);
INSERT INTO `sys_role_menu` VALUES (2, 2038);
INSERT INTO `sys_role_menu` VALUES (2, 2039);
INSERT INTO `sys_role_menu` VALUES (2, 2040);
INSERT INTO `sys_role_menu` VALUES (2, 2041);
INSERT INTO `sys_role_menu` VALUES (2, 2042);
INSERT INTO `sys_role_menu` VALUES (2, 2043);
INSERT INTO `sys_role_menu` VALUES (2, 2044);
INSERT INTO `sys_role_menu` VALUES (2, 2045);
INSERT INTO `sys_role_menu` VALUES (2, 2046);
INSERT INTO `sys_role_menu` VALUES (2, 2047);
INSERT INTO `sys_role_menu` VALUES (2, 2048);
INSERT INTO `sys_role_menu` VALUES (2, 2049);
INSERT INTO `sys_role_menu` VALUES (2, 2050);
INSERT INTO `sys_role_menu` VALUES (2, 2051);
INSERT INTO `sys_role_menu` VALUES (2, 2052);
INSERT INTO `sys_role_menu` VALUES (2, 2053);
INSERT INTO `sys_role_menu` VALUES (2, 2054);
INSERT INTO `sys_role_menu` VALUES (2, 2055);
INSERT INTO `sys_role_menu` VALUES (2, 2056);
INSERT INTO `sys_role_menu` VALUES (2, 2057);
INSERT INTO `sys_role_menu` VALUES (2, 2058);
INSERT INTO `sys_role_menu` VALUES (2, 2059);
INSERT INTO `sys_role_menu` VALUES (2, 2060);
INSERT INTO `sys_role_menu` VALUES (2, 2061);
INSERT INTO `sys_role_menu` VALUES (2, 2062);
INSERT INTO `sys_role_menu` VALUES (2, 2063);
INSERT INTO `sys_role_menu` VALUES (2, 2064);
INSERT INTO `sys_role_menu` VALUES (2, 2065);
INSERT INTO `sys_role_menu` VALUES (2, 2066);
INSERT INTO `sys_role_menu` VALUES (2, 2067);
INSERT INTO `sys_role_menu` VALUES (3, 4);
INSERT INTO `sys_role_menu` VALUES (3, 2007);
INSERT INTO `sys_role_menu` VALUES (3, 2026);
INSERT INTO `sys_role_menu` VALUES (3, 2027);
INSERT INTO `sys_role_menu` VALUES (3, 2028);
INSERT INTO `sys_role_menu` VALUES (3, 2029);
INSERT INTO `sys_role_menu` VALUES (3, 2030);
INSERT INTO `sys_role_menu` VALUES (3, 2031);
INSERT INTO `sys_role_menu` VALUES (3, 2032);
INSERT INTO `sys_role_menu` VALUES (3, 2033);
INSERT INTO `sys_role_menu` VALUES (3, 2034);
INSERT INTO `sys_role_menu` VALUES (3, 2035);
INSERT INTO `sys_role_menu` VALUES (3, 2036);
INSERT INTO `sys_role_menu` VALUES (3, 2037);
INSERT INTO `sys_role_menu` VALUES (3, 2038);
INSERT INTO `sys_role_menu` VALUES (3, 2039);
INSERT INTO `sys_role_menu` VALUES (3, 2040);
INSERT INTO `sys_role_menu` VALUES (3, 2041);
INSERT INTO `sys_role_menu` VALUES (3, 2042);
INSERT INTO `sys_role_menu` VALUES (3, 2043);
INSERT INTO `sys_role_menu` VALUES (3, 2044);
INSERT INTO `sys_role_menu` VALUES (3, 2045);
INSERT INTO `sys_role_menu` VALUES (3, 2046);
INSERT INTO `sys_role_menu` VALUES (3, 2047);
INSERT INTO `sys_role_menu` VALUES (3, 2048);
INSERT INTO `sys_role_menu` VALUES (3, 2049);
INSERT INTO `sys_role_menu` VALUES (3, 2050);
INSERT INTO `sys_role_menu` VALUES (3, 2051);
INSERT INTO `sys_role_menu` VALUES (3, 2052);
INSERT INTO `sys_role_menu` VALUES (3, 2053);
INSERT INTO `sys_role_menu` VALUES (3, 2054);
INSERT INTO `sys_role_menu` VALUES (3, 2055);
INSERT INTO `sys_role_menu` VALUES (3, 2056);
INSERT INTO `sys_role_menu` VALUES (3, 2057);
INSERT INTO `sys_role_menu` VALUES (3, 2058);
INSERT INTO `sys_role_menu` VALUES (3, 2059);
INSERT INTO `sys_role_menu` VALUES (3, 2060);
INSERT INTO `sys_role_menu` VALUES (3, 2061);
INSERT INTO `sys_role_menu` VALUES (3, 2062);
INSERT INTO `sys_role_menu` VALUES (3, 2063);
INSERT INTO `sys_role_menu` VALUES (3, 2064);
INSERT INTO `sys_role_menu` VALUES (3, 2065);
INSERT INTO `sys_role_menu` VALUES (3, 2066);
INSERT INTO `sys_role_menu` VALUES (3, 2067);
INSERT INTO `sys_role_menu` VALUES (3, 2068);
INSERT INTO `sys_role_menu` VALUES (3, 2069);
INSERT INTO `sys_role_menu` VALUES (3, 2070);
INSERT INTO `sys_role_menu` VALUES (3, 2071);
INSERT INTO `sys_role_menu` VALUES (3, 2072);
INSERT INTO `sys_role_menu` VALUES (3, 2073);

-- ----------------------------
-- Table structure for sys_user
-- ----------------------------
DROP TABLE IF EXISTS `sys_user`;
CREATE TABLE `sys_user`  (
  `user_id` bigint(0) NOT NULL AUTO_INCREMENT COMMENT '用户ID',
  `dept_id` bigint(0) NULL DEFAULT NULL COMMENT '部门ID',
  `user_name` varchar(30) CHARACTER SET utf8mb4 COLLATE utf8mb4_general_ci NOT NULL COMMENT '用户账号',
  `nick_name` varchar(30) CHARACTER SET utf8mb4 COLLATE utf8mb4_general_ci NOT NULL COMMENT '用户昵称',
  `user_type` varchar(2) CHARACTER SET utf8mb4 COLLATE utf8mb4_general_ci NULL DEFAULT '00' COMMENT '用户类型（00系统用户）',
  `email` varchar(50) CHARACTER SET utf8mb4 COLLATE utf8mb4_general_ci NULL DEFAULT '' COMMENT '用户邮箱',
  `phonenumber` varchar(11) CHARACTER SET utf8mb4 COLLATE utf8mb4_general_ci NULL DEFAULT '' COMMENT '手机号码',
  `sex` char(1) CHARACTER SET utf8mb4 COLLATE utf8mb4_general_ci NULL DEFAULT '0' COMMENT '用户性别（0男 1女 2未知）',
  `avatar` varchar(100) CHARACTER SET utf8mb4 COLLATE utf8mb4_general_ci NULL DEFAULT '' COMMENT '头像地址',
  `password` varchar(100) CHARACTER SET utf8mb4 COLLATE utf8mb4_general_ci NULL DEFAULT '' COMMENT '密码',
  `status` char(1) CHARACTER SET utf8mb4 COLLATE utf8mb4_general_ci NULL DEFAULT '0' COMMENT '帐号状态（0正常 1停用）',
  `del_flag` char(1) CHARACTER SET utf8mb4 COLLATE utf8mb4_general_ci NULL DEFAULT '0' COMMENT '删除标志（0代表存在 2代表删除）',
  `login_ip` varchar(128) CHARACTER SET utf8mb4 COLLATE utf8mb4_general_ci NULL DEFAULT '' COMMENT '最后登录IP',
  `login_date` datetime(0) NULL DEFAULT NULL COMMENT '最后登录时间',
  `create_by` varchar(64) CHARACTER SET utf8mb4 COLLATE utf8mb4_general_ci NULL DEFAULT '' COMMENT '创建者',
  `create_time` datetime(0) NULL DEFAULT NULL COMMENT '创建时间',
  `update_by` varchar(64) CHARACTER SET utf8mb4 COLLATE utf8mb4_general_ci NULL DEFAULT '' COMMENT '更新者',
  `update_time` datetime(0) NULL DEFAULT NULL COMMENT '更新时间',
  `remark` varchar(500) CHARACTER SET utf8mb4 COLLATE utf8mb4_general_ci NULL DEFAULT NULL COMMENT '备注',
  PRIMARY KEY (`user_id`) USING BTREE
) ENGINE = InnoDB AUTO_INCREMENT = 3 CHARACTER SET = utf8mb4 COLLATE = utf8mb4_general_ci COMMENT = '用户信息表' ROW_FORMAT = Dynamic;

-- ----------------------------
-- Records of sys_user
-- ----------------------------
INSERT INTO `sys_user` VALUES (1, 103, 'admin', 'admin', '00', 'ry@163.com', '15888888888', '0', '/profile/avatar/2023/10/13/f5d5e34e-07ec-4582-b337-754d2eb7c5c8.jpeg', '$2a$10$E34Gbl1Bsh7NwqAhxobCMOG7M2oxZfxGELFf2FfKgwV1CXKQObbMS', '0', '0', '127.0.0.1', '2023-10-13 14:15:49', 'admin', '2021-12-10 14:12:14', '', '2023-10-13 14:15:49', '管理员');
INSERT INTO `sys_user` VALUES (2, 105, '若依', '若依', '00', 'ry@qq.com', '15666666666', '1', '', '$2a$10$E34Gbl1Bsh7NwqAhxobCMOG7M2oxZfxGELFf2FfKgwV1CXKQObbMS', '0', '0', '127.0.0.1', '2023-10-13 09:02:28', 'admin', '2021-12-10 14:12:14', 'admin', '2023-10-13 09:02:28', '测试员');
INSERT INTO `sys_user` VALUES (3, NULL, 'lixinyuan', 'lixinyuan', '00', '', '', '0', '', '$2a$10$E34Gbl1Bsh7NwqAhxobCMOG7M2oxZfxGELFf2FfKgwV1CXKQObbMS', '0', '0', '127.0.0.1', '2023-10-13 08:25:30', '', '2023-10-13 08:25:10', '', '2023-10-13 08:25:30', NULL);

-- ----------------------------
-- Table structure for sys_user_post
-- ----------------------------
DROP TABLE IF EXISTS `sys_user_post`;
CREATE TABLE `sys_user_post`  (
  `user_id` bigint(0) NOT NULL COMMENT '用户ID',
  `post_id` bigint(0) NOT NULL COMMENT '岗位ID',
  PRIMARY KEY (`user_id`, `post_id`) USING BTREE
) ENGINE = InnoDB CHARACTER SET = utf8mb4 COLLATE = utf8mb4_general_ci COMMENT = '用户与岗位关联表' ROW_FORMAT = Dynamic;

-- ----------------------------
-- Records of sys_user_post
-- ----------------------------
INSERT INTO `sys_user_post` VALUES (1, 1);
INSERT INTO `sys_user_post` VALUES (2, 2);

-- ----------------------------
-- Table structure for sys_user_role
-- ----------------------------
DROP TABLE IF EXISTS `sys_user_role`;
CREATE TABLE `sys_user_role`  (
  `user_id` bigint(0) NOT NULL COMMENT '用户ID',
  `role_id` bigint(0) NOT NULL COMMENT '角色ID',
  PRIMARY KEY (`user_id`, `role_id`) USING BTREE
) ENGINE = InnoDB CHARACTER SET = utf8mb4 COLLATE = utf8mb4_general_ci COMMENT = '用户和角色关联表' ROW_FORMAT = Dynamic;

-- ----------------------------
-- Records of sys_user_role
-- ----------------------------
INSERT INTO `sys_user_role` VALUES (1, 1);
INSERT INTO `sys_user_role` VALUES (2, 2);

SET FOREIGN_KEY_CHECKS = 1;
